epoch,novelty_rate,novelty_source_count,genome_entropy,domain_entropy,extinctions,total_knowledge,is_monoculture
1,2,5,0.0,0.0,0,2,true
2,-1,5,0.0,0.0,0,1,true
3,9,5,0.0,0.0,0,10,true
4,-1,5,0.0,0.0,0,9,true
5,1,5,0.0,0.0,0,10,true
6,-8,5,0.0,0.0,0,2,true
7,8,5,0.0,0.0,0,10,true
8,-6,5,0.0,0.0,0,4,true
9,-3,5,0.0,0.0,0,1,true
10,7,5,0.0,0.0,0,8,true
11,2,5,0.0,0.0,0,10,true
12,-7,5,0.0,0.0,0,3,true
13,3,5,0.0,0.0,0,6,true
14,3,5,0.0,0.0,0,9,true
15,-3,5,0.0,0.0,0,6,true
16,1,5,0.0,0.0,0,7,true
17,-1,5,0.0,0.0,0,6,true
18,-3,5,0.0,0.0,0,3,true
19,7,5,0.0,0.0,0,10,true
20,-9,5,0.0,0.0,0,1,true
21,2,5,0.0,0.0,0,3,true
22,5,5,0.0,0.0,0,8,true
23,-3,4,0.0,0.0,0,5,true
24,-4,5,0.0,0.0,0,1,true
25,9,5,0.0,0.0,0,10,true
26,-2,5,0.0,0.0,0,8,true
27,-4,5,0.0,0.0,0,4,true
28,-2,5,0.0,0.0,0,2,true
29,6,5,0.0,0.0,0,8,true
30,2,5,0.0,0.0,0,10,true
31,-2,5,0.0,0.0,0,8,true
32,-4,5,0.0,0.0,0,4,true
33,-2,4,0.0,0.0,0,2,true
34,-1,5,0.0,0.0,0,1,true
35,7,5,0.0,0.0,0,8,true
36,-5,4,0.0,0.0,0,3,true
37,1,5,0.0,0.0,0,4,true
38,1,5,0.0,0.0,0,5,true
39,2,5,0.0,0.0,0,7,true
40,2,5,0.0,0.0,0,9,true
41,0,5,0.0,0.0,0,9,true
42,-5,5,0.0,0.0,0,4,true
43,-3,5,0.0,0.0,0,1,true
44,2,5,0.0,0.0,0,3,true
45,2,4,0.0,0.0,0,5,true
46,3,5,0.0,0.0,0,8,true
47,-5,5,0.0,0.0,0,3,true
48,5,5,0.0,0.0,0,8,true
49,1,5,0.0,0.0,0,9,true
50,-1,5,0.0,0.0,0,8,true
51,-1,5,0.0,0.0,0,7,true
52,2,4,0.0,0.0,0,9,true
53,1,4,0.0,0.0,0,10,true
54,-3,5,0.0,0.0,0,7,true
55,-5,4,0.0,0.0,0,2,true
56,2,5,0.0,0.0,0,4,true
57,4,5,0.0,0.0,0,8,true
58,-3,5,0.0,0.0,0,5,true
59,-4,5,0.0,0.0,0,1,true
60,1,5,0.0,0.0,0,2,true
61,6,5,0.0,0.0,0,8,true
62,2,5,0.0,0.0,0,10,true
63,-4,5,0.0,0.0,0,6,true
64,1,5,0.0,0.0,0,7,true
65,-4,5,0.0,0.0,0,3,true
66,0,5,0.0,0.0,0,3,true
67,1,5,0.0,0.0,0,4,true
68,5,5,0.0,0.0,0,9,true
69,-8,5,0.0,0.0,0,1,true
70,7,5,0.0,0.0,0,8,true
71,2,5,0.0,0.0,0,10,true
72,0,5,0.0,0.0,0,10,true
73,-9,5,0.0,0.0,0,1,true
74,7,5,0.0,0.0,0,8,true
75,-2,5,0.0,0.0,0,6,true
76,-2,5,0.0,0.0,0,4,true
77,-1,5,0.0,0.0,0,3,true
78,-1,5,0.0,0.0,0,2,true
79,4,5,0.0,0.0,0,6,true
80,4,5,0.0,0.0,0,10,true
81,0,5,0.0,0.0,0,10,true
82,-6,5,0.0,0.0,0,4,true
83,4,5,0.0,0.0,0,8,true
84,-7,5,0.0,0.0,0,1,true
85,0,4,0.0,0.0,0,1,true
86,4,5,0.0,0.0,0,5,true
87,1,5,0.0,0.0,0,6,true
88,-2,5,0.0,0.0,0,4,true
89,2,5,0.0,0.0,0,6,true
90,-3,5,0.0,0.0,0,3,true
91,3,5,0.0,0.0,0,6,true
92,-1,5,0.0,0.0,0,5,true
93,-1,5,0.0,0.0,0,4,true
94,0,5,0.0,0.0,0,4,true
95,-2,5,0.0,0.0,0,2,true
96,2,5,0.0,0.0,0,4,true
97,2,5,0.0,0.0,0,6,true
98,3,5,0.0,0.0,0,9,true
99,-8,5,0.0,0.0,0,1,true
100,9,4,0.0,0.0,0,10,true
101,-5,5,0.0,0.0,0,5,true
102,-4,5,0.0,0.0,0,1,true
103,4,4,0.0,0.0,0,5,true
104,2,5,0.0,0.0,0,7,true
105,-1,5,0.0,0.0,0,6,true
106,-4,5,0.0,0.0,0,2,true
107,-1,5,0.0,0.0,0,1,true
108,1,5,0.0,0.0,0,2,true
109,2,5,0.0,0.0,0,4,true
110,-3,5,0.0,0.0,0,1,true
111,0,5,0.0,0.0,0,1,true
112,5,5,0.0,0.0,0,6,true
113,-2,5,0.0,0.0,0,4,true
114,-2,5,0.0,0.0,0,2,true
115,8,5,0.0,0.0,0,10,true
116,-3,5,0.0,0.0,0,7,true
117,-1,5,0.0,0.0,0,6,true
118,-2,5,0.0,0.0,0,4,true
119,-3,5,0.0,0.0,0,1,true
120,9,5,0.0,0.0,0,10,true
121,-1,5,0.0,0.0,0,9,true
122,0,5,0.0,0.0,0,9,true
123,-5,5,0.0,0.0,0,4,true
124,4,5,0.0,0.0,0,8,true
125,-7,5,0.0,0.0,0,1,true
126,7,5,0.0,0.0,0,8,true
127,2,5,0.0,0.0,0,10,true
128,-8,5,0.0,0.0,0,2,true
129,7,5,0.0,0.0,0,9,true
130,-3,5,0.0,0.0,0,6,true
131,2,5,0.0,0.0,0,8,true
132,-1,5,0.0,0.0,0,7,true
133,2,4,0.0,0.0,0,9,true
134,-7,5,0.0,0.0,0,2,true
135,0,5,0.0,0.0,0,2,true
136,0,5,0.0,0.0,0,2,true
137,7,5,0.0,0.0,0,9,true
138,1,5,0.0,0.0,0,10,true
139,-9,5,0.0,0.0,0,1,true
140,2,5,0.0,0.0,0,3,true
141,7,5,0.0,0.0,0,10,true
142,-5,5,0.0,0.0,0,5,true
143,-4,5,0.0,0.0,0,1,true
144,2,5,0.0,0.0,0,3,true
145,1,5,0.0,0.0,0,4,true
146,3,5,0.0,0.0,0,7,true
147,-5,5,0.0,0.0,0,2,true
148,0,5,0.0,0.0,0,2,true
149,4,5,0.0,0.0,0,6,true
150,1,5,0.0,0.0,0,7,true
151,1,5,0.0,0.0,0,8,true
152,2,5,0.0,0.0,0,10,true
153,-6,5,0.0,0.0,0,4,true
154,4,4,0.0,0.0,0,8,true
155,-1,5,0.0,0.0,0,7,true
156,3,5,0.0,0.0,0,10,true
157,-2,5,0.0,0.0,0,8,true
158,2,5,0.0,0.0,0,10,true
159,-4,5,0.0,0.0,0,6,true
160,3,5,0.0,0.0,0,9,true
161,-5,5,0.0,0.0,0,4,true
162,5,5,0.0,0.0,0,9,true
163,-4,5,0.0,0.0,0,5,true
164,4,3,0.0,0.0,0,9,true
165,-4,5,0.0,0.0,0,5,true
166,1,5,0.0,0.0,0,6,true
167,0,5,0.0,0.0,0,6,true
168,3,5,0.0,0.0,0,9,true
169,-4,5,0.0,0.0,0,5,true
170,-2,5,0.0,0.0,0,3,true
171,6,5,0.0,0.0,0,9,true
172,-6,5,0.0,0.0,0,3,true
173,5,5,0.0,0.0,0,8,true
174,-5,5,0.0,0.0,0,3,true
175,-1,5,0.0,0.0,0,2,true
176,8,5,0.0,0.0,0,10,true
177,-9,5,0.0,0.0,0,1,true
178,1,5,0.0,0.0,0,2,true
179,5,5,0.0,0.0,0,7,true
180,1,5,0.0,0.0,0,8,true
181,2,5,0.0,0.0,0,10,true
182,-7,5,0.0,0.0,0,3,true
183,3,5,0.0,0.0,0,6,true
184,-3,5,0.0,0.0,0,3,true
185,6,5,0.0,0.0,0,9,true
186,-7,5,0.0,0.0,0,2,true
187,6,5,0.0,0.0,0,8,true
188,-7,5,0.0,0.0,0,1,true
189,8,5,0.0,0.0,0,9,true
190,-1,5,0.0,0.0,0,8,true
191,-5,5,0.0,0.0,0,3,true
192,-2,5,0.0,0.0,0,1,true
193,7,5,0.0,0.0,0,8,true
194,-4,5,0.0,0.0,0,4,true
195,3,5,0.0,0.0,0,7,true
196,0,5,0.0,0.0,0,7,true
197,-6,5,0.0,0.0,0,1,true
198,8,5,0.0,0.0,0,9,true
199,-1,5,0.0,0.0,0,8,true
200,-2,5,0.0,0.0,0,6,true
201,-2,5,0.0,0.0,0,4,true
202,-2,5,0.0,0.0,0,2,true
203,2,5,0.0,0.0,0,4,true
204,-1,5,0.0,0.0,0,3,true
205,1,5,0.0,0.0,0,4,true
206,6,5,0.0,0.0,0,10,true
207,-9,5,0.0,0.0,0,1,true
208,8,5,0.0,0.0,0,9,true
209,-2,5,0.0,0.0,0,7,true
210,-6,5,0.0,0.0,0,1,true
211,2,5,0.0,0.0,0,3,true
212,5,5,0.0,0.0,0,8,true
213,-7,5,0.0,0.0,0,1,true
214,7,5,0.0,0.0,0,8,true
215,2,5,0.0,0.0,0,10,true
216,-4,5,0.0,0.0,0,6,true
217,2,5,0.0,0.0,0,8,true
218,-4,5,0.0,0.0,0,4,true
219,6,5,0.0,0.0,0,10,true
220,-1,5,0.0,0.0,0,9,true
221,-3,5,0.0,0.0,0,6,true
222,0,5,0.0,0.0,0,6,true
223,1,5,0.0,0.0,0,7,true
224,-1,5,0.0,0.0,0,6,true
225,-1,5,0.0,0.0,0,5,true
226,2,5,0.0,0.0,0,7,true
227,-6,5,0.0,0.0,0,1,true
228,3,5,0.0,0.0,0,4,true
229,-1,5,0.0,0.0,0,3,true
230,5,5,0.0,0.0,0,8,true
231,-3,4,0.0,0.0,0,5,true
232,2,5,0.0,0.0,0,7,true
233,-1,5,0.0,0.0,0,6,true
234,2,5,0.0,0.0,0,8,true
235,2,5,0.0,0.0,0,10,true
236,-5,5,0.0,0.0,0,5,true
237,1,5,0.0,0.0,0,6,true
238,2,5,0.0,0.0,0,8,true
239,-2,5,0.0,0.0,0,6,true
240,-5,5,0.0,0.0,0,1,true
241,5,5,0.0,0.0,0,6,true
242,-2,5,0.0,0.0,0,4,true
243,2,5,0.0,0.0,0,6,true
244,-5,5,0.0,0.0,0,1,true
245,0,5,0.0,0.0,0,1,true
246,4,5,0.0,0.0,0,5,true
247,2,5,0.0,0.0,0,7,true
248,2,5,0.0,0.0,0,9,true
249,0,5,0.0,0.0,0,9,true
250,-1,5,0.0,0.0,0,8,true
251,-2,5,0.0,0.0,0,6,true
252,4,5,0.0,0.0,0,10,true
253,-2,5,0.0,0.0,0,8,true
254,-6,4,0.0,0.0,0,2,true
255,4,5,0.0,0.0,0,6,true
256,-1,5,0.0,0.0,0,5,true
257,1,5,0.0,0.0,0,6,true
258,4,5,0.0,0.0,0,10,true
259,-2,5,0.0,0.0,0,8,true
260,-7,4,0.0,0.0,0,1,true
261,9,5,0.0,0.0,0,10,true
262,-8,5,0.0,0.0,0,2,true
263,0,5,0.0,0.0,0,2,true
264,5,5,0.0,0.0,0,7,true
265,-5,5,0.0,0.0,0,2,true
266,2,5,0.0,0.0,0,4,true
267,3,5,0.0,0.0,0,7,true
268,-1,5,0.0,0.0,0,6,true
269,-5,5,0.0,0.0,0,1,true
270,5,5,0.0,0.0,0,6,true
271,-2,5,0.0,0.0,0,4,true
272,5,5,0.0,0.0,0,9,true
273,0,5,0.0,0.0,0,9,true
274,-2,5,0.0,0.0,0,7,true
275,0,4,0.0,0.0,0,7,true
276,-5,5,0.0,0.0,0,2,true
277,0,5,0.0,0.0,0,2,true
278,3,5,0.0,0.0,0,5,true
279,1,5,0.0,0.0,0,6,true
280,-4,5,0.0,0.0,0,2,true
281,3,5,0.0,0.0,0,5,true
282,-4,5,0.0,0.0,0,1,true
283,4,5,0.0,0.0,0,5,true
284,1,5,0.0,0.0,0,6,true
285,-4,5,0.0,0.0,0,2,true
286,6,5,0.0,0.0,0,8,true
287,-3,5,0.0,0.0,0,5,true
288,-3,5,0.0,0.0,0,2,true
289,-1,5,0.0,0.0,0,1,true
290,4,5,0.0,0.0,0,5,true
291,3,5,0.0,0.0,0,8,true
292,0,5,0.0,0.0,0,8,true
293,-2,5,0.0,0.0,0,6,true
294,2,5,0.0,0.0,0,8,true
295,-1,5,0.0,0.0,0,7,true
296,-2,5,0.0,0.0,0,5,true
297,-2,5,0.0,0.0,0,3,true
298,3,5,0.0,0.0,0,6,true
299,-1,5,0.0,0.0,0,5,true
300,4,5,0.0,0.0,0,9,true
301,-5,5,0.0,0.0,0,4,true
302,0,5,0.0,0.0,0,4,true
303,0,5,0.0,0.0,0,4,true
304,3,4,0.0,0.0,0,7,true
305,-2,5,0.0,0.0,0,5,true
306,1,5,0.0,0.0,0,6,true
307,-5,5,0.0,0.0,0,1,true
308,5,5,0.0,0.0,0,6,true
309,0,5,0.0,0.0,0,6,true
310,1,5,0.0,0.0,0,7,true
311,-1,5,0.0,0.0,0,6,true
312,-2,5,0.0,0.0,0,4,true
313,0,5,0.0,0.0,0,4,true
314,0,5,0.0,0.0,0,4,true
315,3,5,0.0,0.0,0,7,true
316,1,5,0.0,0.0,0,8,true
317,-6,5,0.0,0.0,0,2,true
318,4,5,0.0,0.0,0,6,true
319,2,5,0.0,0.0,0,8,true
320,-1,5,0.0,0.0,0,7,true
321,-1,5,0.0,0.0,0,6,true
322,3,5,0.0,0.0,0,9,true
323,-3,5,0.0,0.0,0,6,true
324,3,5,0.0,0.0,0,9,true
325,-6,5,0.0,0.0,0,3,true
326,7,5,0.0,0.0,0,10,true
327,-7,4,0.0,0.0,0,3,true
328,1,5,0.0,0.0,0,4,true
329,3,5,0.0,0.0,0,7,true
330,3,5,0.0,0.0,0,10,true
331,-9,5,0.0,0.0,0,1,true
332,7,5,0.0,0.0,0,8,true
333,-4,5,0.0,0.0,0,4,true
334,-1,5,0.0,0.0,0,3,true
335,4,5,0.0,0.0,0,7,true
336,-1,5,0.0,0.0,0,6,true
337,0,5,0.0,0.0,0,6,true
338,-2,5,0.0,0.0,0,4,true
339,-3,5,0.0,0.0,0,1,true
340,2,5,0.0,0.0,0,3,true
341,3,5,0.0,0.0,0,6,true
342,0,5,0.0,0.0,0,6,true
343,-2,5,0.0,0.0,0,4,true
344,5,5,0.0,0.0,0,9,true
345,-3,5,0.0,0.0,0,6,true
346,-4,5,0.0,0.0,0,2,true
347,-1,5,0.0,0.0,0,1,true
348,1,5,0.0,0.0,0,2,true
349,0,5,0.0,0.0,0,2,true
350,8,5,0.0,0.0,0,10,true
351,-2,5,0.0,0.0,0,8,true
352,-7,5,0.0,0.0,0,1,true
353,2,5,0.0,0.0,0,3,true
354,3,5,0.0,0.0,0,6,true
355,2,5,0.0,0.0,0,8,true
356,-7,5,0.0,0.0,0,1,true
357,7,5,0.0,0.0,0,8,true
358,-3,5,0.0,0.0,0,5,true
359,-4,4,0.0,0.0,0,1,true
360,4,5,0.0,0.0,0,5,true
361,-2,5,0.0,0.0,0,3,true
362,5,5,0.0,0.0,0,8,true
363,2,5,0.0,0.0,0,10,true
364,-6,5,0.0,0.0,0,4,true
365,-2,5,0.0,0.0,0,2,true
366,2,5,0.0,0.0,0,4,true
367,3,4,0.0,0.0,0,7,true
368,-3,5,0.0,0.0,0,4,true
369,2,5,0.0,0.0,0,6,true
370,4,5,0.0,0.0,0,10,true
371,-2,5,0.0,0.0,0,8,true
372,-3,5,0.0,0.0,0,5,true
373,4,5,0.0,0.0,0,9,true
374,1,5,0.0,0.0,0,10,true
375,-7,5,0.0,0.0,0,3,true
376,-1,5,0.0,0.0,0,2,true
377,-1,5,0.0,0.0,0,1,true
378,8,5,0.0,0.0,0,9,true
379,-7,5,0.0,0.0,0,2,true
380,7,5,0.0,0.0,0,9,true
381,-5,3,0.0,0.0,0,4,true
382,3,5,0.0,0.0,0,7,true
383,-1,5,0.0,0.0,0,6,true
384,4,5,0.0,0.0,0,10,true
385,0,5,0.0,0.0,0,10,true
386,-5,5,0.0,0.0,0,5,true
387,3,5,0.0,0.0,0,8,true
388,-4,5,0.0,0.0,0,4,true
389,-3,5,0.0,0.0,0,1,true
390,3,5,0.0,0.0,0,4,true
391,4,5,0.0,0.0,0,8,true
392,-1,5,0.0,0.0,0,7,true
393,-3,5,0.0,0.0,0,4,true
394,4,5,0.0,0.0,0,8,true
395,-7,5,0.0,0.0,0,1,true
396,3,5,0.0,0.0,0,4,true
397,-2,5,0.0,0.0,0,2,true
398,7,5,0.0,0.0,0,9,true
399,-8,5,0.0,0.0,0,1,true
400,1,5,0.0,0.0,0,2,true
401,1,5,0.0,0.0,0,3,true
402,4,5,0.0,0.0,0,7,true
403,-6,5,0.0,0.0,0,1,true
404,1,5,0.0,0.0,0,2,true
405,8,5,0.0,0.0,0,10,true
406,-5,5,0.0,0.0,0,5,true
407,1,5,0.0,0.0,0,6,true
408,-5,5,0.0,0.0,0,1,true
409,8,5,0.0,0.0,0,9,true
410,0,5,0.0,0.0,0,9,true
411,-1,5,0.0,0.0,0,8,true
412,-7,4,0.0,0.0,0,1,true
413,5,5,0.0,0.0,0,6,true
414,2,5,0.0,0.0,0,8,true
415,0,5,0.0,0.0,0,8,true
416,2,5,0.0,0.0,0,10,true
417,-4,5,0.0,0.0,0,6,true
418,4,5,0.0,0.0,0,10,true
419,-7,5,0.0,0.0,0,3,true
420,1,5,0.0,0.0,0,4,true
421,3,5,0.0,0.0,0,7,true
422,1,4,0.0,0.0,0,8,true
423,-6,5,0.0,0.0,0,2,true
424,5,5,0.0,0.0,0,7,true
425,-5,5,0.0,0.0,0,2,true
426,4,5,0.0,0.0,0,6,true
427,2,5,0.0,0.0,0,8,true
428,2,4,0.0,0.0,0,10,true
429,0,4,0.0,0.0,0,10,true
430,0,4,0.0,0.0,0,10,true
431,-8,5,0.0,0.0,0,2,true
432,2,4,0.0,0.0,0,4,true
433,0,5,0.0,0.0,0,4,true
434,-3,5,0.0,0.0,0,1,true
435,7,5,0.0,0.0,0,8,true
436,-2,5,0.0,0.0,0,6,true
437,-2,5,0.0,0.0,0,4,true
438,-3,5,0.0,0.0,0,1,true
439,8,5,0.0,0.0,0,9,true
440,-8,5,0.0,0.0,0,1,true
441,4,5,0.0,0.0,0,5,true
442,5,5,0.0,0.0,0,10,true
443,-9,5,0.0,0.0,0,1,true
444,3,5,0.0,0.0,0,4,true
445,-3,5,0.0,0.0,0,1,true
446,8,5,0.0,0.0,0,9,true
447,-5,5,0.0,0.0,0,4,true
448,4,5,0.0,0.0,0,8,true
449,-3,5,0.0,0.0,0,5,true
450,0,5,0.0,0.0,0,5,true
451,-2,5,0.0,0.0,0,3,true
452,5,5,0.0,0.0,0,8,true
453,1,4,0.0,0.0,0,9,true
454,-3,5,0.0,0.0,0,6,true
455,2,5,0.0,0.0,0,8,true
456,-3,5,0.0,0.0,0,5,true
457,4,5,0.0,0.0,0,9,true
458,-1,4,0.0,0.0,0,8,true
459,2,5,0.0,0.0,0,10,true
460,-1,5,0.0,0.0,0,9,true
461,-3,5,0.0,0.0,0,6,true
462,-2,5,0.0,0.0,0,4,true
463,-1,5,0.0,0.0,0,3,true
464,7,5,0.0,0.0,0,10,true
465,-6,5,0.0,0.0,0,4,true
466,4,5,0.0,0.0,0,8,true
467,0,5,0.0,0.0,0,8,true
468,-4,5,0.0,0.0,0,4,true
469,-1,5,0.0,0.0,0,3,true
470,6,5,0.0,0.0,0,9,true
471,-2,5,0.0,0.0,0,7,true
472,-5,4,0.0,0.0,0,2,true
473,5,5,0.0,0.0,0,7,true
474,-1,5,0.0,0.0,0,6,true
475,-3,5,0.0,0.0,0,3,true
476,1,5,0.0,0.0,0,4,true
477,5,5,0.0,0.0,0,9,true
478,1,5,0.0,0.0,0,10,true
479,0,5,0.0,0.0,0,10,true
480,-3,5,0.0,0.0,0,7,true
481,-5,5,0.0,0.0,0,2,true
482,8,5,0.0,0.0,0,10,true
483,-5,5,0.0,0.0,0,5,true
484,-2,5,0.0,0.0,0,3,true
485,4,5,0.0,0.0,0,7,true
486,1,5,0.0,0.0,0,8,true
487,-4,5,0.0,0.0,0,4,true
488,4,5,0.0,0.0,0,8,true
489,0,5,0.0,0.0,0,8,true
490,-3,5,0.0,0.0,0,5,true
491,2,5,0.0,0.0,0,7,true
492,2,5,0.0,0.0,0,9,true
493,-5,5,0.0,0.0,0,4,true
494,1,5,0.0,0.0,0,5,true
495,4,5,0.0,0.0,0,9,true
496,0,5,0.0,0.0,0,9,true
497,-3,5,0.0,0.0,0,6,true
498,4,5,0.0,0.0,0,10,true
499,-2,5,0.0,0.0,0,8,true
500,-4,5,0.0,0.0,0,4,true
501,-3,5,0.0,0.0,0,1,true
502,0,5,0.0,0.0,0,1,true
503,5,5,0.0,0.0,0,6,true
504,-4,5,0.0,0.0,0,2,true
505,7,5,0.0,0.0,0,9,true
506,0,5,0.0,0.0,0,9,true
507,-2,5,0.0,0.0,0,7,true
508,0,5,0.0,0.0,0,7,true
509,-2,4,0.0,0.0,0,5,true
510,2,5,0.0,0.0,0,7,true
511,2,5,0.0,0.0,0,9,true
512,-6,5,0.0,0.0,0,3,true
513,-1,5,0.0,0.0,0,2,true
514,-1,5,0.0,0.0,0,1,true
515,7,5,0.0,0.0,0,8,true
516,1,5,0.0,0.0,0,9,true
517,-3,5,0.0,0.0,0,6,true
518,-5,5,0.0,0.0,0,1,true
519,5,5,0.0,0.0,0,6,true
520,0,5,0.0,0.0,0,6,true
521,-3,5,0.0,0.0,0,3,true
522,5,5,0.0,0.0,0,8,true
523,0,5,0.0,0.0,0,8,true
524,-4,5,0.0,0.0,0,4,true
525,4,5,0.0,0.0,0,8,true
526,1,5,0.0,0.0,0,9,true
527,0,4,0.0,0.0,0,9,true
528,-2,5,0.0,0.0,0,7,true
529,-2,5,0.0,0.0,0,5,true
530,-1,5,0.0,0.0,0,4,true
531,2,5,0.0,0.0,0,6,true
532,1,5,0.0,0.0,0,7,true
533,-2,5,0.0,0.0,0,5,true
534,-4,5,0.0,0.0,0,1,true
535,7,5,0.0,0.0,0,8,true
536,2,5,0.0,0.0,0,10,true
537,0,5,0.0,0.0,0,10,true
538,-9,5,0.0,0.0,0,1,true
539,8,5,0.0,0.0,0,9,true
540,1,5,0.0,0.0,0,10,true
541,-8,5,0.0,0.0,0,2,true
542,8,5,0.0,0.0,0,10,true
543,-2,5,0.0,0.0,0,8,true
544,-7,5,0.0,0.0,0,1,true
545,9,5,0.0,0.0,0,10,true
546,-5,5,0.0,0.0,0,5,true
547,2,5,0.0,0.0,0,7,true
548,3,5,0.0,0.0,0,10,true
549,-7,5,0.0,0.0,0,3,true
550,6,5,0.0,0.0,0,9,true
551,0,5,0.0,0.0,0,9,true
552,-6,4,0.0,0.0,0,3,true
553,0,5,0.0,0.0,0,3,true
554,6,4,0.0,0.0,0,9,true
555,1,4,0.0,0.0,0,10,true
556,-8,5,0.0,0.0,0,2,true
557,2,5,0.0,0.0,0,4,true
558,0,5,0.0,0.0,0,4,true
559,-1,5,0.0,0.0,0,3,true
560,5,5,0.0,0.0,0,8,true
561,-5,5,0.0,0.0,0,3,true
562,7,5,0.0,0.0,0,10,true
563,-3,5,0.0,0.0,0,7,true
564,1,5,0.0,0.0,0,8,true
565,-4,5,0.0,0.0,0,4,true
566,4,5,0.0,0.0,0,8,true
567,0,5,0.0,0.0,0,8,true
568,-5,5,0.0,0.0,0,3,true
569,3,5,0.0,0.0,0,6,true
570,-4,5,0.0,0.0,0,2,true
571,-1,5,0.0,0.0,0,1,true
572,1,5,0.0,0.0,0,2,true
573,8,5,0.0,0.0,0,10,true
574,-3,5,0.0,0.0,0,7,true
575,3,5,0.0,0.0,0,10,true
576,-5,5,0.0,0.0,0,5,true
577,3,5,0.0,0.0,0,8,true
578,-6,5,0.0,0.0,0,2,true
579,8,5,0.0,0.0,0,10,true
580,-4,5,0.0,0.0,0,6,true
581,-1,5,0.0,0.0,0,5,true
582,3,5,0.0,0.0,0,8,true
583,-4,5,0.0,0.0,0,4,true
584,3,5,0.0,0.0,0,7,true
585,-5,5,0.0,0.0,0,2,true
586,8,5,0.0,0.0,0,10,true
587,-6,5,0.0,0.0,0,4,true
588,6,5,0.0,0.0,0,10,true
589,-7,5,0.0,0.0,0,3,true
590,6,5,0.0,0.0,0,9,true
591,-1,5,0.0,0.0,0,8,true
592,-2,5,0.0,0.0,0,6,true
593,-3,5,0.0,0.0,0,3,true
594,0,5,0.0,0.0,0,3,true
595,1,5,0.0,0.0,0,4,true
596,1,5,0.0,0.0,0,5,true
597,4,5,0.0,0.0,0,9,true
598,-8,5,0.0,0.0,0,1,true
599,8,5,0.0,0.0,0,9,true
600,-3,4,0.0,0.0,0,6,true
601,-3,4,0.0,0.0,0,3,true
602,2,5,0.0,0.0,0,5,true
603,-1,5,0.0,0.0,0,4,true
604,3,3,0.0,0.0,0,7,true
605,1,5,0.0,0.0,0,8,true
606,1,4,0.0,0.0,0,9,true
607,0,5,0.0,0.0,0,9,true
608,-3,5,0.0,0.0,0,6,true
609,-2,5,0.0,0.0,0,4,true
610,0,5,0.0,0.0,0,4,true
611,0,5,0.0,0.0,0,4,true
612,6,5,0.0,0.0,0,10,true
613,-5,5,0.0,0.0,0,5,true
614,4,5,0.0,0.0,0,9,true
615,-8,5,0.0,0.0,0,1,true
616,9,5,0.0,0.0,0,10,true
617,-8,5,0.0,0.0,0,2,true
618,1,5,0.0,0.0,0,3,true
619,5,5,0.0,0.0,0,8,true
620,-6,5,0.0,0.0,0,2,true
621,7,5,0.0,0.0,0,9,true
622,-4,5,0.0,0.0,0,5,true
623,2,5,0.0,0.0,0,7,true
624,-3,5,0.0,0.0,0,4,true
625,-2,5,0.0,0.0,0,2,true
626,1,5,0.0,0.0,0,3,true
627,4,5,0.0,0.0,0,7,true
628,-6,5,0.0,0.0,0,1,true
629,2,5,0.0,0.0,0,3,true
630,3,5,0.0,0.0,0,6,true
631,4,5,0.0,0.0,0,10,true
632,0,5,0.0,0.0,0,10,true
633,-4,5,0.0,0.0,0,6,true
634,3,5,0.0,0.0,0,9,true
635,-1,5,0.0,0.0,0,8,true
636,-4,5,0.0,0.0,0,4,true
637,-3,5,0.0,0.0,0,1,true
638,8,5,0.0,0.0,0,9,true
639,-5,5,0.0,0.0,0,4,true
640,5,5,0.0,0.0,0,9,true
641,-2,4,0.0,0.0,0,7,true
642,-5,4,0.0,0.0,0,2,true
643,4,5,0.0,0.0,0,6,true
644,2,5,0.0,0.0,0,8,true
645,1,5,0.0,0.0,0,9,true
646,-8,5,0.0,0.0,0,1,true
647,4,5,0.0,0.0,0,5,true
648,3,5,0.0,0.0,0,8,true
649,-7,5,0.0,0.0,0,1,true
650,7,5,0.0,0.0,0,8,true
651,-5,4,0.0,0.0,0,3,true
652,0,5,0.0,0.0,0,3,true
653,3,5,0.0,0.0,0,6,true
654,0,5,0.0,0.0,0,6,true
655,-4,5,0.0,0.0,0,2,true
656,5,4,0.0,0.0,0,7,true
657,1,5,0.0,0.0,0,8,true
658,1,5,0.0,0.0,0,9,true
659,1,5,0.0,0.0,0,10,true
660,-4,5,0.0,0.0,0,6,true
661,-3,5,0.0,0.0,0,3,true
662,3,5,0.0,0.0,0,6,true
663,-4,5,0.0,0.0,0,2,true
664,5,5,0.0,0.0,0,7,true
665,-2,3,0.0,0.0,0,5,true
666,-4,5,0.0,0.0,0,1,true
667,5,5,0.0,0.0,0,6,true
668,3,5,0.0,0.0,0,9,true
669,-2,5,0.0,0.0,0,7,true
670,-6,5,0.0,0.0,0,1,true
671,2,5,0.0,0.0,0,3,true
672,6,5,0.0,0.0,0,9,true
673,-8,5,0.0,0.0,0,1,true
674,9,5,0.0,0.0,0,10,true
675,-7,5,0.0,0.0,0,3,true
676,0,4,0.0,0.0,0,3,true
677,0,5,0.0,0.0,0,3,true
678,-2,4,0.0,0.0,0,1,true
679,9,5,0.0,0.0,0,10,true
680,-8,3,0.0,0.0,0,2,true
681,7,5,0.0,0.0,0,9,true
682,-5,5,0.0,0.0,0,4,true
683,6,4,0.0,0.0,0,10,true
684,-1,5,0.0,0.0,0,9,true
685,-5,5,0.0,0.0,0,4,true
686,0,5,0.0,0.0,0,4,true
687,3,5,0.0,0.0,0,7,true
688,2,5,0.0,0.0,0,9,true
689,-2,5,0.0,0.0,0,7,true
690,1,5,0.0,0.0,0,8,true
691,1,5,0.0,0.0,0,9,true
692,-4,5,0.0,0.0,0,5,true
693,2,5,0.0,0.0,0,7,true
694,-5,5,0.0,0.0,0,2,true
695,3,5,0.0,0.0,0,5,true
696,-3,5,0.0,0.0,0,2,true
697,0,5,0.0,0.0,0,2,true
698,7,4,0.0,0.0,0,9,true
699,1,5,0.0,0.0,0,10,true
700,-1,5,0.0,0.0,0,9,true
701,-1,5,0.0,0.0,0,8,true
702,-2,5,0.0,0.0,0,6,true
703,-2,5,0.0,0.0,0,4,true
704,1,5,0.0,0.0,0,5,true
705,1,5,0.0,0.0,0,6,true
706,3,5,0.0,0.0,0,9,true
707,-8,5,0.0,0.0,0,1,true
708,4,5,0.0,0.0,0,5,true
709,-1,5,0.0,0.0,0,4,true
710,1,5,0.0,0.0,0,5,true
711,-2,5,0.0,0.0,0,3,true
712,-1,5,0.0,0.0,0,2,true
713,-1,5,0.0,0.0,0,1,true
714,8,5,0.0,0.0,0,9,true
715,1,5,0.0,0.0,0,10,true
716,-9,5,0.0,0.0,0,1,true
717,3,5,0.0,0.0,0,4,true
718,1,5,0.0,0.0,0,5,true
719,-2,5,0.0,0.0,0,3,true
720,0,5,0.0,0.0,0,3,true
721,3,5,0.0,0.0,0,6,true
722,1,5,0.0,0.0,0,7,true
723,-3,5,0.0,0.0,0,4,true
724,5,5,0.0,0.0,0,9,true
725,-2,5,0.0,0.0,0,7,true
726,0,4,0.0,0.0,0,7,true
727,3,5,0.0,0.0,0,10,true
728,-4,5,0.0,0.0,0,6,true
729,-5,5,0.0,0.0,0,1,true
730,1,5,0.0,0.0,0,2,true
731,2,5,0.0,0.0,0,4,true
732,3,5,0.0,0.0,0,7,true
733,-6,5,0.0,0.0,0,1,true
734,5,5,0.0,0.0,0,6,true
735,-4,5,0.0,0.0,0,2,true
736,5,5,0.0,0.0,0,7,true
737,-4,5,0.0,0.0,0,3,true
738,2,5,0.0,0.0,0,5,true
739,4,5,0.0,0.0,0,9,true
740,-6,4,0.0,0.0,0,3,true
741,7,5,0.0,0.0,0,10,true
742,-2,4,0.0,0.0,0,8,true
743,-3,5,0.0,0.0,0,5,true
744,0,5,0.0,0.0,0,5,true
745,4,5,0.0,0.0,0,9,true
746,-7,5,0.0,0.0,0,2,true
747,0,5,0.0,0.0,0,2,true
748,4,4,0.0,0.0,0,6,true
749,0,4,0.0,0.0,0,6,true
750,-4,5,0.0,0.0,0,2,true
751,6,5,0.0,0.0,0,8,true
752,1,5,0.0,0.0,0,9,true
753,-2,5,0.0,0.0,0,7,true
754,-3,5,0.0,0.0,0,4,true
755,1,4,0.0,0.0,0,5,true
756,5,5,0.0,0.0,0,10,true
757,-8,5,0.0,0.0,0,2,true
758,3,5,0.0,0.0,0,5,true
759,4,5,0.0,0.0,0,9,true
760,-7,5,0.0,0.0,0,2,true
761,2,5,0.0,0.0,0,4,true
762,3,5,0.0,0.0,0,7,true
763,-4,5,0.0,0.0,0,3,true
764,0,5,0.0,0.0,0,3,true
765,3,5,0.0,0.0,0,6,true
766,-2,5,0.0,0.0,0,4,true
767,4,5,0.0,0.0,0,8,true
768,-2,5,0.0,0.0,0,6,true
769,-3,5,0.0,0.0,0,3,true
770,-1,5,0.0,0.0,0,2,true
771,2,5,0.0,0.0,0,4,true
772,-2,5,0.0,0.0,0,2,true
773,2,5,0.0,0.0,0,4,true
774,-3,5,0.0,0.0,0,1,true
775,1,5,0.0,0.0,0,2,true
776,2,5,0.0,0.0,0,4,true
777,1,5,0.0,0.0,0,5,true
778,5,4,0.0,0.0,0,10,true
779,-2,5,0.0,0.0,0,8,true
780,-7,5,0.0,0.0,0,1,true
781,7,5,0.0,0.0,0,8,true
782,-7,5,0.0,0.0,0,1,true
783,8,5,0.0,0.0,0,9,true
784,-7,5,0.0,0.0,0,2,true
785,1,5,0.0,0.0,0,3,true
786,4,5,0.0,0.0,0,7,true
787,0,5,0.0,0.0,0,7,true
788,-1,5,0.0,0.0,0,6,true
789,-5,5,0.0,0.0,0,1,true
790,6,5,0.0,0.0,0,7,true
791,3,5,0.0,0.0,0,10,true
792,-8,5,0.0,0.0,0,2,true
793,6,5,0.0,0.0,0,8,true
794,-3,5,0.0,0.0,0,5,true
795,-4,5,0.0,0.0,0,1,true
796,0,5,0.0,0.0,0,1,true
797,8,5,0.0,0.0,0,9,true
798,-3,5,0.0,0.0,0,6,true
799,4,5,0.0,0.0,0,10,true
800,-9,5,0.0,0.0,0,1,true
801,1,5,0.0,0.0,0,2,true
802,3,5,0.0,0.0,0,5,true
803,2,5,0.0,0.0,0,7,true
804,3,5,0.0,0.0,0,10,true
805,-5,5,0.0,0.0,0,5,true
806,4,5,0.0,0.0,0,9,true
807,-8,5,0.0,0.0,0,1,true
808,5,5,0.0,0.0,0,6,true
809,1,5,0.0,0.0,0,7,true
810,2,5,0.0,0.0,0,9,true
811,-2,5,0.0,0.0,0,7,true
812,-5,5,0.0,0.0,0,2,true
813,-1,5,0.0,0.0,0,1,true
814,9,5,0.0,0.0,0,10,true
815,-2,5,0.0,0.0,0,8,true
816,-7,5,0.0,0.0,0,1,true
817,7,5,0.0,0.0,0,8,true
818,-2,5,0.0,0.0,0,6,true
819,2,5,0.0,0.0,0,8,true
820,-4,5,0.0,0.0,0,4,true
821,-2,5,0.0,0.0,0,2,true
822,0,5,0.0,0.0,0,2,true
823,4,5,0.0,0.0,0,6,true
824,-3,5,0.0,0.0,0,3,true
825,5,4,0.0,0.0,0,8,true
826,2,5,0.0,0.0,0,10,true
827,-2,5,0.0,0.0,0,8,true
828,0,5,0.0,0.0,0,8,true
829,-3,5,0.0,0.0,0,5,true
830,5,5,0.0,0.0,0,10,true
831,-9,5,0.0,0.0,0,1,true
832,1,5,0.0,0.0,0,2,true
833,0,5,0.0,0.0,0,2,true
834,-1,5,0.0,0.0,0,1,true
835,6,5,0.0,0.0,0,7,true
836,-6,5,0.0,0.0,0,1,true
837,7,4,0.0,0.0,0,8,true
838,-3,5,0.0,0.0,0,5,true
839,-3,5,0.0,0.0,0,2,true
840,3,5,0.0,0.0,0,5,true
841,-4,5,0.0,0.0,0,1,true
842,2,5,0.0,0.0,0,3,true
843,-1,5,0.0,0.0,0,2,true
844,5,5,0.0,0.0,0,7,true
845,1,5,0.0,0.0,0,8,true
846,0,5,0.0,0.0,0,8,true
847,-5,5,0.0,0.0,0,3,true
848,3,5,0.0,0.0,0,6,true
849,3,5,0.0,0.0,0,9,true
850,-4,5,0.0,0.0,0,5,true
851,5,5,0.0,0.0,0,10,true
852,-4,5,0.0,0.0,0,6,true
853,-5,5,0.0,0.0,0,1,true
854,3,5,0.0,0.0,0,4,true
855,4,4,0.0,0.0,0,8,true
856,-2,5,0.0,0.0,0,6,true
857,-2,5,0.0,0.0,0,4,true
858,2,5,0.0,0.0,0,6,true
859,2,5,0.0,0.0,0,8,true
860,-5,5,0.0,0.0,0,3,true
861,2,5,0.0,0.0,0,5,true
862,4,5,0.0,0.0,0,9,true
863,-8,5,0.0,0.0,0,1,true
864,7,5,0.0,0.0,0,8,true
865,2,5,0.0,0.0,0,10,true
866,-7,5,0.0,0.0,0,3,true
867,0,4,0.0,0.0,0,3,true
868,1,5,0.0,0.0,0,4,true
869,3,5,0.0,0.0,0,7,true
870,-6,5,0.0,0.0,0,1,true
871,8,5,0.0,0.0,0,9,true
872,1,5,0.0,0.0,0,10,true
873,-1,5,0.0,0.0,0,9,true
874,-4,5,0.0,0.0,0,5,true
875,-1,5,0.0,0.0,0,4,true
876,6,5,0.0,0.0,0,10,true
877,-5,5,0.0,0.0,0,5,true
878,-1,5,0.0,0.0,0,4,true
879,4,5,0.0,0.0,0,8,true
880,-7,5,0.0,0.0,0,1,true
881,2,5,0.0,0.0,0,3,true
882,3,5,0.0,0.0,0,6,true
883,-4,5,0.0,0.0,0,2,true
884,8,5,0.0,0.0,0,10,true
885,-8,5,0.0,0.0,0,2,true
886,7,5,0.0,0.0,0,9,true
887,-5,5,0.0,0.0,0,4,true
888,0,5,0.0,0.0,0,4,true
889,5,5,0.0,0.0,0,9,true
890,0,5,0.0,0.0,0,9,true
891,-4,5,0.0,0.0,0,5,true
892,-2,5,0.0,0.0,0,3,true
893,7,5,0.0,0.0,0,10,true
894,-1,5,0.0,0.0,0,9,true
895,-5,5,0.0,0.0,0,4,true
896,0,5,0.0,0.0,0,4,true
897,0,5,0.0,0.0,0,4,true
898,-1,5,0.0,0.0,0,3,true
899,7,5,0.0,0.0,0,10,true
900,-2,5,0.0,0.0,0,8,true
901,-6,5,0.0,0.0,0,2,true
902,2,5,0.0,0.0,0,4,true
903,3,5,0.0,0.0,0,7,true
904,3,4,0.0,0.0,0,10,true
905,-1,5,0.0,0.0,0,9,true
906,-5,5,0.0,0.0,0,4,true
907,-3,5,0.0,0.0,0,1,true
908,7,5,0.0,0.0,0,8,true
909,-4,5,0.0,0.0,0,4,true
910,0,5,0.0,0.0,0,4,true
911,5,5,0.0,0.0,0,9,true
912,-6,5,0.0,0.0,0,3,true
913,2,5,0.0,0.0,0,5,true
914,1,5,0.0,0.0,0,6,true
915,1,5,0.0,0.0,0,7,true
916,-4,5,0.0,0.0,0,3,true
917,2,5,0.0,0.0,0,5,true
918,-3,5,0.0,0.0,0,2,true
919,0,5,0.0,0.0,0,2,true
920,8,5,0.0,0.0,0,10,true
921,0,5,0.0,0.0,0,10,true
922,-3,5,0.0,0.0,0,7,true
923,1,5,0.0,0.0,0,8,true
924,1,5,0.0,0.0,0,9,true
925,-7,3,0.0,0.0,0,2,true
926,5,5,0.0,0.0,0,7,true
927,-3,5,0.0,0.0,0,4,true
928,1,5,0.0,0.0,0,5,true
929,-1,5,0.0,0.0,0,4,true
930,5,5,0.0,0.0,0,9,true
931,-3,5,0.0,0.0,0,6,true
932,1,5,0.0,0.0,0,7,true
933,-2,5,0.0,0.0,0,5,true
934,2,5,0.0,0.0,0,7,true
935,2,5,0.0,0.0,0,9,true
936,-7,4,0.0,0.0,0,2,true
937,5,5,0.0,0.0,0,7,true
938,3,5,0.0,0.0,0,10,true
939,0,5,0.0,0.0,0,10,true
940,-3,5,0.0,0.0,0,7,true
941,3,5,0.0,0.0,0,10,true
942,-4,5,0.0,0.0,0,6,true
943,0,5,0.0,0.0,0,6,true
944,-4,5,0.0,0.0,0,2,true
945,4,5,0.0,0.0,0,6,true
946,-3,5,0.0,0.0,0,3,true
947,6,4,0.0,0.0,0,9,true
948,-7,5,0.0,0.0,0,2,true
949,4,5,0.0,0.0,0,6,true
950,-5,5,0.0,0.0,0,1,true
951,7,5,0.0,0.0,0,8,true
952,-1,5,0.0,0.0,0,7,true
953,3,5,0.0,0.0,0,10,true
954,-6,5,0.0,0.0,0,4,true
955,4,4,0.0,0.0,0,8,true
956,1,5,0.0,0.0,0,9,true
957,-5,5,0.0,0.0,0,4,true
958,4,5,0.0,0.0,0,8,true
959,-2,5,0.0,0.0,0,6,true
960,4,5,0.0,0.0,0,10,true
961,-7,5,0.0,0.0,0,3,true
962,7,5,0.0,0.0,0,10,true
963,-1,5,0.0,0.0,0,9,true
964,-4,5,0.0,0.0,0,5,true
965,4,5,0.0,0.0,0,9,true
966,-4,5,0.0,0.0,0,5,true
967,-3,4,0.0,0.0,0,2,true
968,6,5,0.0,0.0,0,8,true
969,-4,5,0.0,0.0,0,4,true
970,-3,5,0.0,0.0,0,1,true
971,2,5,0.0,0.0,0,3,true
972,3,5,0.0,0.0,0,6,true
973,2,5,0.0,0.0,0,8,true
974,-4,5,0.0,0.0,0,4,true
975,-2,5,0.0,0.0,0,2,true
976,5,5,0.0,0.0,0,7,true
977,-6,5,0.0,0.0,0,1,true
978,2,5,0.0,0.0,0,3,true
979,3,5,0.0,0.0,0,6,true
980,4,5,0.0,0.0,0,10,true
981,-1,5,0.0,0.0,0,9,true
982,-7,5,0.0,0.0,0,2,true
983,5,5,0.0,0.0,0,7,true
984,0,5,0.0,0.0,0,7,true
985,-6,4,0.0,0.0,0,1,true
986,5,5,0.0,0.0,0,6,true
987,-2,5,0.0,0.0,0,4,true
988,2,5,0.0,0.0,0,6,true
989,-5,5,0.0,0.0,0,1,true
990,8,5,0.0,0.0,0,9,true
991,1,5,0.0,0.0,0,10,true
992,-4,5,0.0,0.0,0,6,true
993,1,5,0.0,0.0,0,7,true
994,-4,5,0.0,0.0,0,3,true
995,3,5,0.0,0.0,0,6,true
996,-1,5,0.0,0.0,0,5,true
997,-2,5,0.0,0.0,0,3,true
998,6,5,0.0,0.0,0,9,true
999,0,5,0.0,0.0,0,9,true
1000,-5,5,0.0,0.0,0,4,true
1001,2,5,0.0,0.0,0,6,true
1002,1,5,0.0,0.0,0,7,true
1003,-5,5,0.0,0.0,0,2,true
1004,3,5,0.0,0.0,0,5,true
1005,5,5,0.0,0.0,0,10,true
1006,-3,5,0.0,0.0,0,7,true
1007,-2,5,0.0,0.0,0,5,true
1008,-3,5,0.0,0.0,0,2,true
1009,1,5,0.0,0.0,0,3,true
1010,-2,5,0.0,0.0,0,1,true
1011,3,5,0.0,0.0,0,4,true
1012,-1,5,0.0,0.0,0,3,true
1013,1,5,0.0,0.0,0,4,true
1014,5,5,0.0,0.0,0,9,true
1015,-6,5,0.0,0.0,0,3,true
1016,7,5,0.0,0.0,0,10,true
1017,-5,5,0.0,0.0,0,5,true
1018,-4,5,0.0,0.0,0,1,true
1019,5,5,0.0,0.0,0,6,true
1020,0,5,0.0,0.0,0,6,true
1021,-1,5,0.0,0.0,0,5,true
1022,-3,5,0.0,0.0,0,2,true
1023,0,5,0.0,0.0,0,2,true
1024,7,5,0.0,0.0,0,9,true
1025,-6,5,0.0,0.0,0,3,true
1026,4,5,0.0,0.0,0,7,true
1027,-2,5,0.0,0.0,0,5,true
1028,3,5,0.0,0.0,0,8,true
1029,-2,4,0.0,0.0,0,6,true
1030,0,5,0.0,0.0,0,6,true
1031,-1,5,0.0,0.0,0,5,true
1032,1,5,0.0,0.0,0,6,true
1033,4,5,0.0,0.0,0,10,true
1034,-4,5,0.0,0.0,0,6,true
1035,0,5,0.0,0.0,0,6,true
1036,-5,5,0.0,0.0,0,1,true
1037,0,5,0.0,0.0,0,1,true
1038,3,5,0.0,0.0,0,4,true
1039,-3,5,0.0,0.0,0,1,true
1040,7,5,0.0,0.0,0,8,true
1041,-5,5,0.0,0.0,0,3,true
1042,7,5,0.0,0.0,0,10,true
1043,-1,5,0.0,0.0,0,9,true
1044,0,5,0.0,0.0,0,9,true
1045,-7,5,0.0,0.0,0,2,true
1046,6,5,0.0,0.0,0,8,true
1047,-1,5,0.0,0.0,0,7,true
1048,-1,5,0.0,0.0,0,6,true
1049,-3,5,0.0,0.0,0,3,true
1050,2,5,0.0,0.0,0,5,true
1051,3,5,0.0,0.0,0,8,true
1052,0,4,0.0,0.0,0,8,true
1053,-6,5,0.0,0.0,0,2,true
1054,6,5,0.0,0.0,0,8,true
1055,-3,5,0.0,0.0,0,5,true
1056,-4,5,0.0,0.0,0,1,true
1057,9,5,0.0,0.0,0,10,true
1058,-4,5,0.0,0.0,0,6,true
1059,-4,5,0.0,0.0,0,2,true
1060,6,5,0.0,0.0,0,8,true
1061,-7,5,0.0,0.0,0,1,true
1062,1,5,0.0,0.0,0,2,true
1063,2,5,0.0,0.0,0,4,true
1064,-3,5,0.0,0.0,0,1,true
1065,2,4,0.0,0.0,0,3,true
1066,6,5,0.0,0.0,0,9,true
1067,-4,5,0.0,0.0,0,5,true
1068,-1,5,0.0,0.0,0,4,true
1069,3,5,0.0,0.0,0,7,true
1070,-1,5,0.0,0.0,0,6,true
1071,1,5,0.0,0.0,0,7,true
1072,-2,5,0.0,0.0,0,5,true
1073,1,5,0.0,0.0,0,6,true
1074,-4,5,0.0,0.0,0,2,true
1075,-1,5,0.0,0.0,0,1,true
1076,9,5,0.0,0.0,0,10,true
1077,-2,5,0.0,0.0,0,8,true
1078,-7,5,0.0,0.0,0,1,true
1079,2,5,0.0,0.0,0,3,true
1080,6,5,0.0,0.0,0,9,true
1081,-7,5,0.0,0.0,0,2,true
1082,8,5,0.0,0.0,0,10,true
1083,-8,5,0.0,0.0,0,2,true
1084,6,5,0.0,0.0,0,8,true
1085,-5,5,0.0,0.0,0,3,true
1086,-1,5,0.0,0.0,0,2,true
1087,8,5,0.0,0.0,0,10,true
1088,-4,5,0.0,0.0,0,6,true
1089,2,5,0.0,0.0,0,8,true
1090,-4,5,0.0,0.0,0,4,true
1091,2,5,0.0,0.0,0,6,true
1092,-1,5,0.0,0.0,0,5,true
1093,-1,5,0.0,0.0,0,4,true
1094,6,5,0.0,0.0,0,10,true
1095,0,5,0.0,0.0,0,10,true
1096,-1,5,0.0,0.0,0,9,true
1097,-4,5,0.0,0.0,0,5,true
1098,-4,5,0.0,0.0,0,1,true
1099,4,5,0.0,0.0,0,5,true
1100,-1,5,0.0,0.0,0,4,true
1101,0,5,0.0,0.0,0,4,true
1102,1,4,0.0,0.0,0,5,true
1103,2,5,0.0,0.0,0,7,true
1104,3,5,0.0,0.0,0,10,true
1105,-9,5,0.0,0.0,0,1,true
1106,4,5,0.0,0.0,0,5,true
1107,2,5,0.0,0.0,0,7,true
1108,1,5,0.0,0.0,0,8,true
1109,-3,5,0.0,0.0,0,5,true
1110,-3,5,0.0,0.0,0,2,true
1111,6,5,0.0,0.0,0,8,true
1112,0,5,0.0,0.0,0,8,true
1113,-1,5,0.0,0.0,0,7,true
1114,2,5,0.0,0.0,0,9,true
1115,-5,4,0.0,0.0,0,4,true
1116,6,5,0.0,0.0,0,10,true
1117,-6,5,0.0,0.0,0,4,true
1118,4,5,0.0,0.0,0,8,true
1119,-2,5,0.0,0.0,0,6,true
1120,-3,5,0.0,0.0,0,3,true
1121,1,5,0.0,0.0,0,4,true
1122,4,4,0.0,0.0,0,8,true
1123,-7,5,0.0,0.0,0,1,true
1124,9,5,0.0,0.0,0,10,true
1125,-6,5,0.0,0.0,0,4,true
1126,4,5,0.0,0.0,0,8,true
1127,-7,5,0.0,0.0,0,1,true
1128,0,5,0.0,0.0,0,1,true
1129,3,5,0.0,0.0,0,4,true
1130,1,4,0.0,0.0,0,5,true
1131,-3,5,0.0,0.0,0,2,true
1132,-1,5,0.0,0.0,0,1,true
1133,8,5,0.0,0.0,0,9,true
1134,-6,5,0.0,0.0,0,3,true
1135,7,5,0.0,0.0,0,10,true
1136,-9,5,0.0,0.0,0,1,true
1137,9,5,0.0,0.0,0,10,true
1138,-6,5,0.0,0.0,0,4,true
1139,1,5,0.0,0.0,0,5,true
1140,-4,5,0.0,0.0,0,1,true
1141,3,5,0.0,0.0,0,4,true
1142,6,5,0.0,0.0,0,10,true
1143,-8,5,0.0,0.0,0,2,true
1144,4,5,0.0,0.0,0,6,true
1145,1,5,0.0,0.0,0,7,true
1146,0,5,0.0,0.0,0,7,true
1147,-1,5,0.0,0.0,0,6,true
1148,-2,3,0.0,0.0,0,4,true
1149,2,5,0.0,0.0,0,6,true
1150,-3,5,0.0,0.0,0,3,true
1151,-2,5,0.0,0.0,0,1,true
1152,3,5,0.0,0.0,0,4,true
1153,5,5,0.0,0.0,0,9,true
1154,-8,5,0.0,0.0,0,1,true
1155,8,5,0.0,0.0,0,9,true
1156,-2,5,0.0,0.0,0,7,true
1157,0,5,0.0,0.0,0,7,true
1158,3,5,0.0,0.0,0,10,true
1159,-1,5,0.0,0.0,0,9,true
1160,-8,5,0.0,0.0,0,1,true
1161,5,5,0.0,0.0,0,6,true
1162,-5,5,0.0,0.0,0,1,true
1163,3,5,0.0,0.0,0,4,true
1164,0,5,0.0,0.0,0,4,true
1165,0,5,0.0,0.0,0,4,true
1166,4,5,0.0,0.0,0,8,true
1167,2,5,0.0,0.0,0,10,true
1168,0,5,0.0,0.0,0,10,true
1169,-7,5,0.0,0.0,0,3,true
1170,0,5,0.0,0.0,0,3,true
1171,6,5,0.0,0.0,0,9,true
1172,-5,5,0.0,0.0,0,4,true
1173,4,5,0.0,0.0,0,8,true
1174,0,5,0.0,0.0,0,8,true
1175,-6,5,0.0,0.0,0,2,true
1176,8,5,0.0,0.0,0,10,true
1177,-5,5,0.0,0.0,0,5,true
1178,0,5,0.0,0.0,0,5,true
1179,4,5,0.0,0.0,0,9,true
1180,-3,5,0.0,0.0,0,6,true
1181,-5,5,0.0,0.0,0,1,true
1182,7,5,0.0,0.0,0,8,true
1183,-5,5,0.0,0.0,0,3,true
1184,0,5,0.0,0.0,0,3,true
1185,0,5,0.0,0.0,0,3,true
1186,-1,5,0.0,0.0,0,2,true
1187,-1,5,0.0,0.0,0,1,true
1188,9,5,0.0,0.0,0,10,true
1189,-8,5,0.0,0.0,0,2,true
1190,4,5,0.0,0.0,0,6,true
1191,-5,5,0.0,0.0,0,1,true
1192,2,5,0.0,0.0,0,3,true
1193,4,5,0.0,0.0,0,7,true
1194,-4,5,0.0,0.0,0,3,true
1195,3,5,0.0,0.0,0,6,true
1196,-1,5,0.0,0.0,0,5,true
1197,5,5,0.0,0.0,0,10,true
1198,-9,5,0.0,0.0,0,1,true
1199,6,5,0.0,0.0,0,7,true
1200,0,5,0.0,0.0,0,7,true
1201,3,5,0.0,0.0,0,10,true
1202,-8,5,0.0,0.0,0,2,true
1203,-1,5,0.0,0.0,0,1,true
1204,4,5,0.0,0.0,0,5,true
1205,-2,5,0.0,0.0,0,3,true
1206,-1,5,0.0,0.0,0,2,true
1207,0,5,0.0,0.0,0,2,true
1208,2,5,0.0,0.0,0,4,true
1209,3,5,0.0,0.0,0,7,true
1210,-2,5,0.0,0.0,0,5,true
1211,-1,5,0.0,0.0,0,4,true
1212,1,5,0.0,0.0,0,5,true
1213,1,5,0.0,0.0,0,6,true
1214,-1,5,0.0,0.0,0,5,true
1215,-4,5,0.0,0.0,0,1,true
1216,0,5,0.0,0.0,0,1,true
1217,7,5,0.0,0.0,0,8,true
1218,2,5,0.0,0.0,0,10,true
1219,-8,5,0.0,0.0,0,2,true
1220,5,5,0.0,0.0,0,7,true
1221,3,5,0.0,0.0,0,10,true
1222,-1,5,0.0,0.0,0,9,true
1223,-2,5,0.0,0.0,0,7,true
1224,0,5,0.0,0.0,0,7,true
1225,-1,5,0.0,0.0,0,6,true
1226,0,5,0.0,0.0,0,6,true
1227,-4,5,0.0,0.0,0,2,true
1228,3,5,0.0,0.0,0,5,true
1229,4,5,0.0,0.0,0,9,true
1230,-5,5,0.0,0.0,0,4,true
1231,4,3,0.0,0.0,0,8,true
1232,-7,5,0.0,0.0,0,1,true
1233,3,5,0.0,0.0,0,4,true
1234,2,5,0.0,0.0,0,6,true
1235,-5,5,0.0,0.0,0,1,true
1236,0,5,0.0,0.0,0,1,true
1237,6,5,0.0,0.0,0,7,true
1238,-5,5,0.0,0.0,0,2,true
1239,1,5,0.0,0.0,0,3,true
1240,4,5,0.0,0.0,0,7,true
1241,-3,5,0.0,0.0,0,4,true
1242,2,5,0.0,0.0,0,6,true
1243,-3,4,0.0,0.0,0,3,true
1244,6,5,0.0,0.0,0,9,true
1245,-2,5,0.0,0.0,0,7,true
1246,1,5,0.0,0.0,0,8,true
1247,-6,5,0.0,0.0,0,2,true
1248,1,4,0.0,0.0,0,3,true
1249,0,5,0.0,0.0,0,3,true
1250,0,5,0.0,0.0,0,3,true
1251,2,5,0.0,0.0,0,5,true
1252,-2,5,0.0,0.0,0,3,true
1253,3,5,0.0,0.0,0,6,true
1254,3,5,0.0,0.0,0,9,true
1255,-3,5,0.0,0.0,0,6,true
1256,2,5,0.0,0.0,0,8,true
1257,-7,5,0.0,0.0,0,1,true
1258,4,5,0.0,0.0,0,5,true
1259,0,5,0.0,0.0,0,5,true
1260,4,5,0.0,0.0,0,9,true
1261,-7,5,0.0,0.0,0,2,true
1262,-1,4,0.0,0.0,0,1,true
1263,1,5,0.0,0.0,0,2,true
1264,8,5,0.0,0.0,0,10,true
1265,0,5,0.0,0.0,0,10,true
1266,0,5,0.0,0.0,0,10,true
1267,-6,5,0.0,0.0,0,4,true
1268,-2,5,0.0,0.0,0,2,true
1269,-1,5,0.0,0.0,0,1,true
1270,7,4,0.0,0.0,0,8,true
1271,-6,5,0.0,0.0,0,2,true
1272,-1,5,0.0,0.0,0,1,true
1273,0,5,0.0,0.0,0,1,true
1274,4,5,0.0,0.0,0,5,true
1275,-2,5,0.0,0.0,0,3,true
1276,1,5,0.0,0.0,0,4,true
1277,2,5,0.0,0.0,0,6,true
1278,-5,5,0.0,0.0,0,1,true
1279,3,5,0.0,0.0,0,4,true
1280,2,5,0.0,0.0,0,6,true
1281,0,5,0.0,0.0,0,6,true
1282,-5,5,0.0,0.0,0,1,true
1283,6,5,0.0,0.0,0,7,true
1284,-3,5,0.0,0.0,0,4,true
1285,-1,5,0.0,0.0,0,3,true
1286,-1,5,0.0,0.0,0,2,true
1287,-1,5,0.0,0.0,0,1,true
1288,8,5,0.0,0.0,0,9,true
1289,-5,5,0.0,0.0,0,4,true
1290,5,5,0.0,0.0,0,9,true
1291,-6,5,0.0,0.0,0,3,true
1292,3,5,0.0,0.0,0,6,true
1293,-1,5,0.0,0.0,0,5,true
1294,0,5,0.0,0.0,0,5,true
1295,0,5,0.0,0.0,0,5,true
1296,-4,5,0.0,0.0,0,1,true
1297,2,5,0.0,0.0,0,3,true
1298,3,5,0.0,0.0,0,6,true
1299,-3,5,0.0,0.0,0,3,true
1300,5,5,0.0,0.0,0,8,true
1301,-5,5,0.0,0.0,0,3,true
1302,-2,5,0.0,0.0,0,1,true
1303,7,5,0.0,0.0,0,8,true
1304,-4,5,0.0,0.0,0,4,true
1305,5,5,0.0,0.0,0,9,true
1306,-5,5,0.0,0.0,0,4,true
1307,-2,5,0.0,0.0,0,2,true
1308,0,5,0.0,0.0,0,2,true
1309,3,5,0.0,0.0,0,5,true
1310,-2,5,0.0,0.0,0,3,true
1311,-1,5,0.0,0.0,0,2,true
1312,3,5,0.0,0.0,0,5,true
1313,4,5,0.0,0.0,0,9,true
1314,-7,4,0.0,0.0,0,2,true
1315,2,4,0.0,0.0,0,4,true
1316,5,5,0.0,0.0,0,9,true
1317,-7,5,0.0,0.0,0,2,true
1318,2,5,0.0,0.0,0,4,true
1319,3,5,0.0,0.0,0,7,true
1320,-5,5,0.0,0.0,0,2,true
1321,4,4,0.0,0.0,0,6,true
1322,-4,4,0.0,0.0,0,2,true
1323,1,5,0.0,0.0,0,3,true
1324,7,5,0.0,0.0,0,10,true
1325,-1,3,0.0,0.0,0,9,true
1326,-1,5,0.0,0.0,0,8,true
1327,0,5,0.0,0.0,0,8,true
1328,-7,5,0.0,0.0,0,1,true
1329,2,5,0.0,0.0,0,3,true
1330,1,5,0.0,0.0,0,4,true
1331,3,5,0.0,0.0,0,7,true
1332,-1,5,0.0,0.0,0,6,true
1333,0,5,0.0,0.0,0,6,true
1334,4,5,0.0,0.0,0,10,true
1335,-3,5,0.0,0.0,0,7,true
1336,1,5,0.0,0.0,0,8,true
1337,-4,5,0.0,0.0,0,4,true
1338,-1,5,0.0,0.0,0,3,true
1339,5,5,0.0,0.0,0,8,true
1340,-6,5,0.0,0.0,0,2,true
1341,8,5,0.0,0.0,0,10,true
1342,-5,5,0.0,0.0,0,5,true
1343,-1,5,0.0,0.0,0,4,true
1344,-2,5,0.0,0.0,0,2,true
1345,-1,4,0.0,0.0,0,1,true
1346,9,5,0.0,0.0,0,10,true
1347,-9,5,0.0,0.0,0,1,true
1348,4,5,0.0,0.0,0,5,true
1349,-1,5,0.0,0.0,0,4,true
1350,-1,5,0.0,0.0,0,3,true
1351,6,5,0.0,0.0,0,9,true
1352,-8,5,0.0,0.0,0,1,true
1353,4,5,0.0,0.0,0,5,true
1354,4,5,0.0,0.0,0,9,true
1355,-3,5,0.0,0.0,0,6,true
1356,1,5,0.0,0.0,0,7,true
1357,-2,5,0.0,0.0,0,5,true
1358,3,5,0.0,0.0,0,8,true
1359,-5,5,0.0,0.0,0,3,true
1360,2,5,0.0,0.0,0,5,true
1361,0,5,0.0,0.0,0,5,true
1362,1,5,0.0,0.0,0,6,true
1363,3,5,0.0,0.0,0,9,true
1364,-5,5,0.0,0.0,0,4,true
1365,-1,5,0.0,0.0,0,3,true
1366,5,4,0.0,0.0,0,8,true
1367,-2,5,0.0,0.0,0,6,true
1368,-4,5,0.0,0.0,0,2,true
1369,5,5,0.0,0.0,0,7,true
1370,-6,4,0.0,0.0,0,1,true
1371,1,5,0.0,0.0,0,2,true
1372,-1,5,0.0,0.0,0,1,true
1373,3,5,0.0,0.0,0,4,true
1374,-2,5,0.0,0.0,0,2,true
1375,5,5,0.0,0.0,0,7,true
1376,2,5,0.0,0.0,0,9,true
1377,-7,5,0.0,0.0,0,2,true
1378,7,5,0.0,0.0,0,9,true
1379,-6,5,0.0,0.0,0,3,true
1380,2,5,0.0,0.0,0,5,true
1381,0,5,0.0,0.0,0,5,true
1382,3,5,0.0,0.0,0,8,true
1383,-6,5,0.0,0.0,0,2,true
1384,-1,5,0.0,0.0,0,1,true
1385,9,5,0.0,0.0,0,10,true
1386,-9,5,0.0,0.0,0,1,true
1387,5,5,0.0,0.0,0,6,true
1388,1,5,0.0,0.0,0,7,true
1389,-1,5,0.0,0.0,0,6,true
1390,-1,4,0.0,0.0,0,5,true
1391,0,5,0.0,0.0,0,5,true
1392,2,5,0.0,0.0,0,7,true
1393,-2,5,0.0,0.0,0,5,true
1394,5,5,0.0,0.0,0,10,true
1395,-8,5,0.0,0.0,0,2,true
1396,4,5,0.0,0.0,0,6,true
1397,-1,5,0.0,0.0,0,5,true
1398,-4,5,0.0,0.0,0,1,true
1399,9,5,0.0,0.0,0,10,true
1400,-2,5,0.0,0.0,0,8,true
1401,-7,5,0.0,0.0,0,1,true
1402,6,5,0.0,0.0,0,7,true
1403,0,4,0.0,0.0,0,7,true
1404,-5,5,0.0,0.0,0,2,true
1405,8,4,0.0,0.0,0,10,true
1406,-1,5,0.0,0.0,0,9,true
1407,-7,5,0.0,0.0,0,2,true
1408,1,5,0.0,0.0,0,3,true
1409,-1,5,0.0,0.0,0,2,true
1410,0,5,0.0,0.0,0,2,true
1411,1,5,0.0,0.0,0,3,true
1412,7,5,0.0,0.0,0,10,true
1413,-7,5,0.0,0.0,0,3,true
1414,-1,5,0.0,0.0,0,2,true
1415,5,4,0.0,0.0,0,7,true
1416,-6,4,0.0,0.0,0,1,true
1417,4,5,0.0,0.0,0,5,true
1418,-3,5,0.0,0.0,0,2,true
1419,5,5,0.0,0.0,0,7,true
1420,3,5,0.0,0.0,0,10,true
1421,0,5,0.0,0.0,0,10,true
1422,-7,5,0.0,0.0,0,3,true
1423,4,5,0.0,0.0,0,7,true
1424,2,5,0.0,0.0,0,9,true
1425,-8,5,0.0,0.0,0,1,true
1426,9,5,0.0,0.0,0,10,true
1427,-6,5,0.0,0.0,0,4,true
1428,-2,5,0.0,0.0,0,2,true
1429,5,5,0.0,0.0,0,7,true
1430,0,5,0.0,0.0,0,7,true
1431,0,5,0.0,0.0,0,7,true
1432,3,5,0.0,0.0,0,10,true
1433,-4,5,0.0,0.0,0,6,true
1434,-5,5,0.0,0.0,0,1,true
1435,9,5,0.0,0.0,0,10,true
1436,-5,5,0.0,0.0,0,5,true
1437,-3,5,0.0,0.0,0,2,true
1438,2,5,0.0,0.0,0,4,true
1439,-2,5,0.0,0.0,0,2,true
1440,6,4,0.0,0.0,0,8,true
1441,1,5,0.0,0.0,0,9,true
1442,-8,5,0.0,0.0,0,1,true
1443,6,5,0.0,0.0,0,7,true
1444,-3,5,0.0,0.0,0,4,true
1445,2,5,0.0,0.0,0,6,true
1446,1,5,0.0,0.0,0,7,true
1447,1,5,0.0,0.0,0,8,true
1448,-4,5,0.0,0.0,0,4,true
1449,5,5,0.0,0.0,0,9,true
1450,-3,5,0.0,0.0,0,6,true
1451,3,5,0.0,0.0,0,9,true
1452,-6,5,0.0,0.0,0,3,true
1453,5,5,0.0,0.0,0,8,true
1454,-4,5,0.0,0.0,0,4,true
1455,-3,5,0.0,0.0,0,1,true
1456,0,5,0.0,0.0,0,1,true
1457,6,5,0.0,0.0,0,7,true
1458,0,5,0.0,0.0,0,7,true
1459,-1,5,0.0,0.0,0,6,true
1460,2,5,0.0,0.0,0,8,true
1461,-4,4,0.0,0.0,0,4,true
1462,2,3,0.0,0.0,0,6,true
1463,-4,5,0.0,0.0,0,2,true
1464,-1,4,0.0,0.0,0,1,true
1465,5,5,0.0,0.0,0,6,true
1466,1,5,0.0,0.0,0,7,true
1467,1,5,0.0,0.0,0,8,true
1468,-4,5,0.0,0.0,0,4,true
1469,-1,5,0.0,0.0,0,3,true
1470,0,4,0.0,0.0,0,3,true
1471,-1,5,0.0,0.0,0,2,true
1472,1,5,0.0,0.0,0,3,true
1473,2,5,0.0,0.0,0,5,true
1474,-4,5,0.0,0.0,0,1,true
1475,3,5,0.0,0.0,0,4,true
1476,2,5,0.0,0.0,0,6,true
1477,3,5,0.0,0.0,0,9,true
1478,-6,5,0.0,0.0,0,3,true
1479,5,5,0.0,0.0,0,8,true
1480,0,5,0.0,0.0,0,8,true
1481,-2,5,0.0,0.0,0,6,true
1482,4,5,0.0,0.0,0,10,true
1483,-1,5,0.0,0.0,0,9,true
1484,-5,4,0.0,0.0,0,4,true
1485,-3,5,0.0,0.0,0,1,true
1486,8,5,0.0,0.0,0,9,true
1487,-1,5,0.0,0.0,0,8,true
1488,-4,5,0.0,0.0,0,4,true
1489,6,5,0.0,0.0,0,10,true
1490,-2,5,0.0,0.0,0,8,true
1491,-3,5,0.0,0.0,0,5,true
1492,2,5,0.0,0.0,0,7,true
1493,0,5,0.0,0.0,0,7,true
1494,-2,5,0.0,0.0,0,5,true
1495,3,5,0.0,0.0,0,8,true
1496,1,5,0.0,0.0,0,9,true
1497,-8,5,0.0,0.0,0,1,true
1498,6,5,0.0,0.0,0,7,true
1499,-4,5,0.0,0.0,0,3,true
1500,2,5,0.0,0.0,0,5,true
1501,0,5,0.0,0.0,0,5,true
1502,2,5,0.0,0.0,0,7,true
1503,-3,5,0.0,0.0,0,4,true
1504,4,5,0.0,0.0,0,8,true
1505,-5,5,0.0,0.0,0,3,true
1506,3,5,0.0,0.0,0,6,true
1507,3,5,0.0,0.0,0,9,true
1508,-2,5,0.0,0.0,0,7,true
1509,3,5,0.0,0.0,0,10,true
1510,-6,5,0.0,0.0,0,4,true
1511,2,5,0.0,0.0,0,6,true
1512,-1,5,0.0,0.0,0,5,true
1513,-2,5,0.0,0.0,0,3,true
1514,2,5,0.0,0.0,0,5,true
1515,-4,5,0.0,0.0,0,1,true
1516,2,4,0.0,0.0,0,3,true
1517,3,5,0.0,0.0,0,6,true
1518,2,5,0.0,0.0,0,8,true
1519,-5,5,0.0,0.0,0,3,true
1520,1,5,0.0,0.0,0,4,true
1521,3,5,0.0,0.0,0,7,true
1522,-2,5,0.0,0.0,0,5,true
1523,-3,5,0.0,0.0,0,2,true
1524,5,5,0.0,0.0,0,7,true
1525,3,5,0.0,0.0,0,10,true
1526,0,5,0.0,0.0,0,10,true
1527,-7,5,0.0,0.0,0,3,true
1528,6,4,0.0,0.0,0,9,true
1529,-5,5,0.0,0.0,0,4,true
1530,-1,5,0.0,0.0,0,3,true
1531,-1,4,0.0,0.0,0,2,true
1532,6,5,0.0,0.0,0,8,true
1533,-7,5,0.0,0.0,0,1,true
1534,8,5,0.0,0.0,0,9,true
1535,-4,5,0.0,0.0,0,5,true
1536,3,5,0.0,0.0,0,8,true
1537,-7,5,0.0,0.0,0,1,true
1538,6,5,0.0,0.0,0,7,true
1539,-1,5,0.0,0.0,0,6,true
1540,2,5,0.0,0.0,0,8,true
1541,0,5,0.0,0.0,0,8,true
1542,2,5,0.0,0.0,0,10,true
1543,-3,5,0.0,0.0,0,7,true
1544,-2,5,0.0,0.0,0,5,true
1545,-1,5,0.0,0.0,0,4,true
1546,4,5,0.0,0.0,0,8,true
1547,-6,5,0.0,0.0,0,2,true
1548,-1,5,0.0,0.0,0,1,true
1549,8,5,0.0,0.0,0,9,true
1550,-3,5,0.0,0.0,0,6,true
1551,4,5,0.0,0.0,0,10,true
1552,-2,5,0.0,0.0,0,8,true
1553,2,5,0.0,0.0,0,10,true
1554,-9,5,0.0,0.0,0,1,true
1555,7,4,0.0,0.0,0,8,true
1556,-2,5,0.0,0.0,0,6,true
1557,-4,5,0.0,0.0,0,2,true
1558,4,5,0.0,0.0,0,6,true
1559,1,5,0.0,0.0,0,7,true
1560,0,5,0.0,0.0,0,7,true
1561,-3,5,0.0,0.0,0,4,true
1562,6,5,0.0,0.0,0,10,true
1563,-5,5,0.0,0.0,0,5,true
1564,-1,5,0.0,0.0,0,4,true
1565,3,5,0.0,0.0,0,7,true
1566,2,5,0.0,0.0,0,9,true
1567,-6,5,0.0,0.0,0,3,true
1568,0,5,0.0,0.0,0,3,true
1569,-2,5,0.0,0.0,0,1,true
1570,7,5,0.0,0.0,0,8,true
1571,-2,5,0.0,0.0,0,6,true
1572,-5,5,0.0,0.0,0,1,true
1573,3,4,0.0,0.0,0,4,true
1574,0,5,0.0,0.0,0,4,true
1575,-1,5,0.0,0.0,0,3,true
1576,-2,5,0.0,0.0,0,1,true
1577,2,5,0.0,0.0,0,3,true
1578,4,5,0.0,0.0,0,7,true
1579,-3,5,0.0,0.0,0,4,true
1580,4,5,0.0,0.0,0,8,true
1581,-5,5,0.0,0.0,0,3,true
1582,-2,5,0.0,0.0,0,1,true
1583,2,5,0.0,0.0,0,3,true
1584,5,5,0.0,0.0,0,8,true
1585,-7,5,0.0,0.0,0,1,true
1586,4,5,0.0,0.0,0,5,true
1587,-2,5,0.0,0.0,0,3,true
1588,3,5,0.0,0.0,0,6,true
1589,-5,5,0.0,0.0,0,1,true
1590,8,5,0.0,0.0,0,9,true
1591,-8,5,0.0,0.0,0,1,true
1592,4,5,0.0,0.0,0,5,true
1593,-4,5,0.0,0.0,0,1,true
1594,0,5,0.0,0.0,0,1,true
1595,3,5,0.0,0.0,0,4,true
1596,1,5,0.0,0.0,0,5,true
1597,3,5,0.0,0.0,0,8,true
1598,0,4,0.0,0.0,0,8,true
1599,0,4,0.0,0.0,0,8,true
1600,-6,5,0.0,0.0,0,2,true
1601,4,5,0.0,0.0,0,6,true
1602,1,5,0.0,0.0,0,7,true
1603,-6,5,0.0,0.0,0,1,true
1604,5,5,0.0,0.0,0,6,true
1605,1,5,0.0,0.0,0,7,true
1606,0,5,0.0,0.0,0,7,true
1607,-4,5,0.0,0.0,0,3,true
1608,2,5,0.0,0.0,0,5,true
1609,5,5,0.0,0.0,0,10,true
1610,0,5,0.0,0.0,0,10,true
1611,0,5,0.0,0.0,0,10,true
1612,-3,4,0.0,0.0,0,7,true
1613,-6,5,0.0,0.0,0,1,true
1614,2,4,0.0,0.0,0,3,true
1615,-1,5,0.0,0.0,0,2,true
1616,7,5,0.0,0.0,0,9,true
1617,-6,5,0.0,0.0,0,3,true
1618,4,5,0.0,0.0,0,7,true
1619,-1,5,0.0,0.0,0,6,true
1620,4,5,0.0,0.0,0,10,true
1621,-7,5,0.0,0.0,0,3,true
1622,7,4,0.0,0.0,0,10,true
1623,-5,5,0.0,0.0,0,5,true
1624,0,5,0.0,0.0,0,5,true
1625,5,5,0.0,0.0,0,10,true
1626,-3,5,0.0,0.0,0,7,true
1627,3,5,0.0,0.0,0,10,true
1628,-1,5,0.0,0.0,0,9,true
1629,-3,5,0.0,0.0,0,6,true
1630,3,5,0.0,0.0,0,9,true
1631,1,5,0.0,0.0,0,10,true
1632,-3,5,0.0,0.0,0,7,true
1633,-6,5,0.0,0.0,0,1,true
1634,8,5,0.0,0.0,0,9,true
1635,-6,5,0.0,0.0,0,3,true
1636,7,5,0.0,0.0,0,10,true
1637,-6,5,0.0,0.0,0,4,true
1638,3,5,0.0,0.0,0,7,true
1639,-5,4,0.0,0.0,0,2,true
1640,1,5,0.0,0.0,0,3,true
1641,1,5,0.0,0.0,0,4,true
1642,1,5,0.0,0.0,0,5,true
1643,3,4,0.0,0.0,0,8,true
1644,2,4,0.0,0.0,0,10,true
1645,0,5,0.0,0.0,0,10,true
1646,0,5,0.0,0.0,0,10,true
1647,0,5,0.0,0.0,0,10,true
1648,-3,5,0.0,0.0,0,7,true
1649,0,5,0.0,0.0,0,7,true
1650,-1,5,0.0,0.0,0,6,true
1651,3,5,0.0,0.0,0,9,true
1652,1,5,0.0,0.0,0,10,true
1653,-9,5,0.0,0.0,0,1,true
1654,2,5,0.0,0.0,0,3,true
1655,4,5,0.0,0.0,0,7,true
1656,0,5,0.0,0.0,0,7,true
1657,1,5,0.0,0.0,0,8,true
1658,0,5,0.0,0.0,0,8,true
1659,-3,5,0.0,0.0,0,5,true
1660,-1,5,0.0,0.0,0,4,true
1661,2,5,0.0,0.0,0,6,true
1662,2,5,0.0,0.0,0,8,true
1663,2,5,0.0,0.0,0,10,true
1664,-4,5,0.0,0.0,0,6,true
1665,0,5,0.0,0.0,0,6,true
1666,-5,5,0.0,0.0,0,1,true
1667,8,4,0.0,0.0,0,9,true
1668,-1,4,0.0,0.0,0,8,true
1669,-1,5,0.0,0.0,0,7,true
1670,-1,5,0.0,0.0,0,6,true
1671,3,5,0.0,0.0,0,9,true
1672,-7,5,0.0,0.0,0,2,true
1673,1,5,0.0,0.0,0,3,true
1674,-1,5,0.0,0.0,0,2,true
1675,3,5,0.0,0.0,0,5,true
1676,1,5,0.0,0.0,0,6,true
1677,-3,5,0.0,0.0,0,3,true
1678,2,5,0.0,0.0,0,5,true
1679,4,5,0.0,0.0,0,9,true
1680,-5,5,0.0,0.0,0,4,true
1681,-2,5,0.0,0.0,0,2,true
1682,5,5,0.0,0.0,0,7,true
1683,-4,5,0.0,0.0,0,3,true
1684,0,5,0.0,0.0,0,3,true
1685,7,5,0.0,0.0,0,10,true
1686,-7,5,0.0,0.0,0,3,true
1687,-2,5,0.0,0.0,0,1,true
1688,0,4,0.0,0.0,0,1,true
1689,6,5,0.0,0.0,0,7,true
1690,3,4,0.0,0.0,0,10,true
1691,-7,5,0.0,0.0,0,3,true
1692,2,5,0.0,0.0,0,5,true
1693,1,5,0.0,0.0,0,6,true
1694,1,4,0.0,0.0,0,7,true
1695,2,5,0.0,0.0,0,9,true
1696,1,5,0.0,0.0,0,10,true
1697,-8,4,0.0,0.0,0,2,true
1698,7,5,0.0,0.0,0,9,true
1699,-6,5,0.0,0.0,0,3,true
1700,-1,5,0.0,0.0,0,2,true
1701,2,5,0.0,0.0,0,4,true
1702,5,5,0.0,0.0,0,9,true
1703,-6,5,0.0,0.0,0,3,true
1704,-2,3,0.0,0.0,0,1,true
1705,4,5,0.0,0.0,0,5,true
1706,-4,5,0.0,0.0,0,1,true
1707,8,5,0.0,0.0,0,9,true
1708,0,5,0.0,0.0,0,9,true
1709,1,5,0.0,0.0,0,10,true
1710,-6,5,0.0,0.0,0,4,true
1711,5,5,0.0,0.0,0,9,true
1712,1,5,0.0,0.0,0,10,true
1713,-7,5,0.0,0.0,0,3,true
1714,4,5,0.0,0.0,0,7,true
1715,-1,5,0.0,0.0,0,6,true
1716,-2,5,0.0,0.0,0,4,true
1717,1,5,0.0,0.0,0,5,true
1718,0,5,0.0,0.0,0,5,true
1719,0,5,0.0,0.0,0,5,true
1720,4,5,0.0,0.0,0,9,true
1721,-6,5,0.0,0.0,0,3,true
1722,3,5,0.0,0.0,0,6,true
1723,3,5,0.0,0.0,0,9,true
1724,-8,5,0.0,0.0,0,1,true
1725,8,5,0.0,0.0,0,9,true
1726,0,5,0.0,0.0,0,9,true
1727,1,5,0.0,0.0,0,10,true
1728,0,5,0.0,0.0,0,10,true
1729,-1,5,0.0,0.0,0,9,true
1730,-3,5,0.0,0.0,0,6,true
1731,-2,5,0.0,0.0,0,4,true
1732,0,5,0.0,0.0,0,4,true
1733,1,5,0.0,0.0,0,5,true
1734,1,5,0.0,0.0,0,6,true
1735,-2,5,0.0,0.0,0,4,true
1736,-2,5,0.0,0.0,0,2,true
1737,8,5,0.0,0.0,0,10,true
1738,-7,5,0.0,0.0,0,3,true
1739,2,5,0.0,0.0,0,5,true
1740,2,5,0.0,0.0,0,7,true
1741,1,4,0.0,0.0,0,8,true
1742,-6,5,0.0,0.0,0,2,true
1743,6,5,0.0,0.0,0,8,true
1744,-3,5,0.0,0.0,0,5,true
1745,1,5,0.0,0.0,0,6,true
1746,-2,5,0.0,0.0,0,4,true
1747,4,5,0.0,0.0,0,8,true
1748,-6,5,0.0,0.0,0,2,true
1749,-1,5,0.0,0.0,0,1,true
1750,9,5,0.0,0.0,0,10,true
1751,-1,5,0.0,0.0,0,9,true
1752,-7,5,0.0,0.0,0,2,true
1753,6,5,0.0,0.0,0,8,true
1754,-3,5,0.0,0.0,0,5,true
1755,-3,5,0.0,0.0,0,2,true
1756,4,5,0.0,0.0,0,6,true
1757,2,5,0.0,0.0,0,8,true
1758,-2,4,0.0,0.0,0,6,true
1759,4,5,0.0,0.0,0,10,true
1760,-7,5,0.0,0.0,0,3,true
1761,2,5,0.0,0.0,0,5,true
1762,1,5,0.0,0.0,0,6,true
1763,2,5,0.0,0.0,0,8,true
1764,1,5,0.0,0.0,0,9,true
1765,-6,5,0.0,0.0,0,3,true
1766,3,5,0.0,0.0,0,6,true
1767,-2,5,0.0,0.0,0,4,true
1768,1,5,0.0,0.0,0,5,true
1769,-1,5,0.0,0.0,0,4,true
1770,5,5,0.0,0.0,0,9,true
1771,-2,5,0.0,0.0,0,7,true
1772,0,5,0.0,0.0,0,7,true
1773,-5,5,0.0,0.0,0,2,true
1774,2,5,0.0,0.0,0,4,true
1775,2,4,0.0,0.0,0,6,true
1776,-2,5,0.0,0.0,0,4,true
1777,-2,5,0.0,0.0,0,2,true
1778,6,5,0.0,0.0,0,8,true
1779,-2,5,0.0,0.0,0,6,true
1780,2,5,0.0,0.0,0,8,true
1781,-7,5,0.0,0.0,0,1,true
1782,5,4,0.0,0.0,0,6,true
1783,-4,5,0.0,0.0,0,2,true
1784,-1,5,0.0,0.0,0,1,true
1785,9,5,0.0,0.0,0,10,true
1786,-6,5,0.0,0.0,0,4,true
1787,4,5,0.0,0.0,0,8,true
1788,-6,5,0.0,0.0,0,2,true
1789,3,5,0.0,0.0,0,5,true
1790,4,5,0.0,0.0,0,9,true
1791,-4,4,0.0,0.0,0,5,true
1792,4,5,0.0,0.0,0,9,true
1793,-7,5,0.0,0.0,0,2,true
1794,3,5,0.0,0.0,0,5,true
1795,-1,5,0.0,0.0,0,4,true
1796,-2,5,0.0,0.0,0,2,true
1797,4,5,0.0,0.0,0,6,true
1798,-5,5,0.0,0.0,0,1,true
1799,0,5,0.0,0.0,0,1,true
1800,5,5,0.0,0.0,0,6,true
1801,-3,5,0.0,0.0,0,3,true
1802,-2,5,0.0,0.0,0,1,true
1803,5,5,0.0,0.0,0,6,true
1804,0,5,0.0,0.0,0,6,true
1805,3,5,0.0,0.0,0,9,true
1806,0,5,0.0,0.0,0,9,true
1807,0,5,0.0,0.0,0,9,true
1808,1,4,0.0,0.0,0,10,true
1809,-8,5,0.0,0.0,0,2,true
1810,0,4,0.0,0.0,0,2,true
1811,-1,5,0.0,0.0,0,1,true
1812,5,5,0.0,0.0,0,6,true
1813,-4,5,0.0,0.0,0,2,true
1814,8,5,0.0,0.0,0,10,true
1815,-9,5,0.0,0.0,0,1,true
1816,2,5,0.0,0.0,0,3,true
1817,6,5,0.0,0.0,0,9,true
1818,-5,5,0.0,0.0,0,4,true
1819,6,5,0.0,0.0,0,10,true
1820,-8,5,0.0,0.0,0,2,true
1821,1,4,0.0,0.0,0,3,true
1822,-1,5,0.0,0.0,0,2,true
1823,0,5,0.0,0.0,0,2,true
1824,6,5,0.0,0.0,0,8,true
1825,-5,5,0.0,0.0,0,3,true
1826,2,5,0.0,0.0,0,5,true
1827,0,5,0.0,0.0,0,5,true
1828,0,5,0.0,0.0,0,5,true
1829,0,5,0.0,0.0,0,5,true
1830,-2,5,0.0,0.0,0,3,true
1831,2,5,0.0,0.0,0,5,true
1832,-1,5,0.0,0.0,0,4,true
1833,4,5,0.0,0.0,0,8,true
1834,0,5,0.0,0.0,0,8,true
1835,-7,5,0.0,0.0,0,1,true
1836,2,5,0.0,0.0,0,3,true
1837,0,5,0.0,0.0,0,3,true
1838,-2,5,0.0,0.0,0,1,true
1839,9,5,0.0,0.0,0,10,true
1840,-6,5,0.0,0.0,0,4,true
1841,3,5,0.0,0.0,0,7,true
1842,-2,5,0.0,0.0,0,5,true
1843,3,5,0.0,0.0,0,8,true
1844,-6,5,0.0,0.0,0,2,true
1845,6,5,0.0,0.0,0,8,true
1846,-6,5,0.0,0.0,0,2,true
1847,0,4,0.0,0.0,0,2,true
1848,8,5,0.0,0.0,0,10,true
1849,-1,5,0.0,0.0,0,9,true
1850,-3,2,0.0,0.0,0,6,true
1851,-3,5,0.0,0.0,0,3,true
1852,4,5,0.0,0.0,0,7,true
1853,1,5,0.0,0.0,0,8,true
1854,-2,5,0.0,0.0,0,6,true
1855,-1,5,0.0,0.0,0,5,true
1856,-3,5,0.0,0.0,0,2,true
1857,6,5,0.0,0.0,0,8,true
1858,-6,5,0.0,0.0,0,2,true
1859,7,5,0.0,0.0,0,9,true
1860,-8,5,0.0,0.0,0,1,true
1861,9,5,0.0,0.0,0,10,true
1862,-1,5,0.0,0.0,0,9,true
1863,0,5,0.0,0.0,0,9,true
1864,-1,5,0.0,0.0,0,8,true
1865,2,5,0.0,0.0,0,10,true
1866,0,5,0.0,0.0,0,10,true
1867,-2,5,0.0,0.0,0,8,true
1868,-6,5,0.0,0.0,0,2,true
1869,-1,4,0.0,0.0,0,1,true
1870,5,5,0.0,0.0,0,6,true
1871,-1,5,0.0,0.0,0,5,true
1872,-2,5,0.0,0.0,0,3,true
1873,-1,5,0.0,0.0,0,2,true
1874,0,5,0.0,0.0,0,2,true
1875,6,5,0.0,0.0,0,8,true
1876,2,5,0.0,0.0,0,10,true
1877,-3,5,0.0,0.0,0,7,true
1878,-1,5,0.0,0.0,0,6,true
1879,-2,5,0.0,0.0,0,4,true
1880,6,5,0.0,0.0,0,10,true
1881,0,5,0.0,0.0,0,10,true
1882,-3,5,0.0,0.0,0,7,true
1883,3,5,0.0,0.0,0,10,true
1884,-1,5,0.0,0.0,0,9,true
1885,-2,5,0.0,0.0,0,7,true
1886,3,5,0.0,0.0,0,10,true
1887,0,5,0.0,0.0,0,10,true
1888,-8,5,0.0,0.0,0,2,true
1889,5,5,0.0,0.0,0,7,true
1890,3,5,0.0,0.0,0,10,true
1891,-8,4,0.0,0.0,0,2,true
1892,4,5,0.0,0.0,0,6,true
1893,-5,5,0.0,0.0,0,1,true
1894,8,5,0.0,0.0,0,9,true
1895,-8,4,0.0,0.0,0,1,true
1896,3,5,0.0,0.0,0,4,true
1897,1,5,0.0,0.0,0,5,true
1898,5,5,0.0,0.0,0,10,true
1899,-2,5,0.0,0.0,0,8,true
1900,-1,5,0.0,0.0,0,7,true
1901,-3,5,0.0,0.0,0,4,true
1902,2,5,0.0,0.0,0,6,true
1903,-3,5,0.0,0.0,0,3,true
1904,1,5,0.0,0.0,0,4,true
1905,-3,5,0.0,0.0,0,1,true
1906,4,5,0.0,0.0,0,5,true
1907,-3,5,0.0,0.0,0,2,true
1908,1,5,0.0,0.0,0,3,true
1909,6,5,0.0,0.0,0,9,true
1910,0,5,0.0,0.0,0,9,true
1911,-3,5,0.0,0.0,0,6,true
1912,-3,5,0.0,0.0,0,3,true
1913,2,5,0.0,0.0,0,5,true
1914,-4,5,0.0,0.0,0,1,true
1915,6,5,0.0,0.0,0,7,true
1916,-2,5,0.0,0.0,0,5,true
1917,-4,5,0.0,0.0,0,1,true
1918,5,5,0.0,0.0,0,6,true
1919,-1,5,0.0,0.0,0,5,true
1920,4,5,0.0,0.0,0,9,true
1921,-6,5,0.0,0.0,0,3,true
1922,7,5,0.0,0.0,0,10,true
1923,-7,5,0.0,0.0,0,3,true
1924,-1,5,0.0,0.0,0,2,true
1925,3,5,0.0,0.0,0,5,true
1926,-1,5,0.0,0.0,0,4,true
1927,6,5,0.0,0.0,0,10,true
1928,-5,5,0.0,0.0,0,5,true
1929,2,5,0.0,0.0,0,7,true
1930,-3,5,0.0,0.0,0,4,true
1931,-2,5,0.0,0.0,0,2,true
1932,8,5,0.0,0.0,0,10,true
1933,-4,5,0.0,0.0,0,6,true
1934,3,5,0.0,0.0,0,9,true
1935,-7,5,0.0,0.0,0,2,true
1936,8,5,0.0,0.0,0,10,true
1937,-9,5,0.0,0.0,0,1,true
1938,9,5,0.0,0.0,0,10,true
1939,-9,5,0.0,0.0,0,1,true
1940,5,5,0.0,0.0,0,6,true
1941,-4,5,0.0,0.0,0,2,true
1942,5,5,0.0,0.0,0,7,true
1943,-2,5,0.0,0.0,0,5,true
1944,2,5,0.0,0.0,0,7,true
1945,-4,5,0.0,0.0,0,3,true
1946,2,5,0.0,0.0,0,5,true
1947,1,5,0.0,0.0,0,6,true
1948,3,5,0.0,0.0,0,9,true
1949,-1,5,0.0,0.0,0,8,true
1950,-4,4,0.0,0.0,0,4,true
1951,4,5,0.0,0.0,0,8,true
1952,-5,5,0.0,0.0,0,3,true
1953,-1,5,0.0,0.0,0,2,true
1954,7,5,0.0,0.0,0,9,true
1955,-2,5,0.0,0.0,0,7,true
1956,-3,5,0.0,0.0,0,4,true
1957,3,5,0.0,0.0,0,7,true
1958,-4,5,0.0,0.0,0,3,true
1959,0,5,0.0,0.0,0,3,true
1960,6,5,0.0,0.0,0,9,true
1961,-1,5,0.0,0.0,0,8,true
1962,0,4,0.0,0.0,0,8,true
1963,-6,5,0.0,0.0,0,2,true
1964,3,4,0.0,0.0,0,5,true
1965,1,5,0.0,0.0,0,6,true
1966,1,5,0.0,0.0,0,7,true
1967,3,5,0.0,0.0,0,10,true
1968,-4,5,0.0,0.0,0,6,true
1969,3,5,0.0,0.0,0,9,true
1970,-2,5,0.0,0.0,0,7,true
1971,3,5,0.0,0.0,0,10,true
1972,-2,4,0.0,0.0,0,8,true
1973,-7,5,0.0,0.0,0,1,true
1974,2,5,0.0,0.0,0,3,true
1975,5,5,0.0,0.0,0,8,true
1976,-7,5,0.0,0.0,0,1,true
1977,2,5,0.0,0.0,0,3,true
1978,-1,5,0.0,0.0,0,2,true
1979,4,5,0.0,0.0,0,6,true
1980,-5,5,0.0,0.0,0,1,true
1981,8,5,0.0,0.0,0,9,true
1982,-6,5,0.0,0.0,0,3,true
1983,4,5,0.0,0.0,0,7,true
1984,-1,5,0.0,0.0,0,6,true
1985,-4,4,0.0,0.0,0,2,true
1986,4,5,0.0,0.0,0,6,true
1987,-4,5,0.0,0.0,0,2,true
1988,5,5,0.0,0.0,0,7,true
1989,-4,5,0.0,0.0,0,3,true
1990,5,5,0.0,0.0,0,8,true
1991,-7,5,0.0,0.0,0,1,true
1992,2,5,0.0,0.0,0,3,true
1993,-2,5,0.0,0.0,0,1,true
1994,5,5,0.0,0.0,0,6,true
1995,-5,5,0.0,0.0,0,1,true
1996,8,5,0.0,0.0,0,9,true
1997,-7,5,0.0,0.0,0,2,true
1998,2,4,0.0,0.0,0,4,true
1999,6,5,0.0,0.0,0,10,true
2000,-8,5,0.0,0.0,0,2,true
2001,1,5,0.0,0.0,0,3,true
2002,-1,5,0.0,0.0,0,2,true
2003,1,4,0.0,0.0,0,3,true
2004,3,4,0.0,0.0,0,6,true
2005,1,5,0.0,0.0,0,7,true
2006,1,5,0.0,0.0,0,8,true
2007,-2,5,0.0,0.0,0,6,true
2008,4,5,0.0,0.0,0,10,true
2009,-8,5,0.0,0.0,0,2,true
2010,1,5,0.0,0.0,0,3,true
2011,7,5,0.0,0.0,0,10,true
2012,-6,5,0.0,0.0,0,4,true
2013,3,5,0.0,0.0,0,7,true
2014,-5,4,0.0,0.0,0,2,true
2015,4,5,0.0,0.0,0,6,true
2016,4,5,0.0,0.0,0,10,true
2017,-6,5,0.0,0.0,0,4,true
2018,-2,5,0.0,0.0,0,2,true
2019,6,5,0.0,0.0,0,8,true
2020,-5,5,0.0,0.0,0,3,true
2021,3,5,0.0,0.0,0,6,true
2022,-1,5,0.0,0.0,0,5,true
2023,4,5,0.0,0.0,0,9,true
2024,-5,4,0.0,0.0,0,4,true
2025,6,5,0.0,0.0,0,10,true
2026,-7,5,0.0,0.0,0,3,true
2027,0,5,0.0,0.0,0,3,true
2028,6,5,0.0,0.0,0,9,true
2029,-1,5,0.0,0.0,0,8,true
2030,-2,5,0.0,0.0,0,6,true
2031,-1,5,0.0,0.0,0,5,true
2032,1,5,0.0,0.0,0,6,true
2033,-4,5,0.0,0.0,0,2,true
2034,5,5,0.0,0.0,0,7,true
2035,-6,5,0.0,0.0,0,1,true
2036,0,5,0.0,0.0,0,1,true
2037,3,4,0.0,0.0,0,4,true
2038,1,5,0.0,0.0,0,5,true
2039,-1,5,0.0,0.0,0,4,true
2040,5,5,0.0,0.0,0,9,true
2041,-5,5,0.0,0.0,0,4,true
2042,-1,5,0.0,0.0,0,3,true
2043,2,5,0.0,0.0,0,5,true
2044,-4,5,0.0,0.0,0,1,true
2045,8,5,0.0,0.0,0,9,true
2046,-8,5,0.0,0.0,0,1,true
2047,8,5,0.0,0.0,0,9,true
2048,-1,5,0.0,0.0,0,8,true
2049,-7,5,0.0,0.0,0,1,true
2050,4,5,0.0,0.0,0,5,true
2051,-2,5,0.0,0.0,0,3,true
2052,4,5,0.0,0.0,0,7,true
2053,-2,5,0.0,0.0,0,5,true
2054,0,5,0.0,0.0,0,5,true
2055,5,5,0.0,0.0,0,10,true
2056,-3,5,0.0,0.0,0,7,true
2057,-1,5,0.0,0.0,0,6,true
2058,-1,5,0.0,0.0,0,5,true
2059,2,5,0.0,0.0,0,7,true
2060,3,5,0.0,0.0,0,10,true
2061,-4,5,0.0,0.0,0,6,true
2062,-5,5,0.0,0.0,0,1,true
2063,8,5,0.0,0.0,0,9,true
2064,-6,5,0.0,0.0,0,3,true
2065,-1,5,0.0,0.0,0,2,true
2066,7,5,0.0,0.0,0,9,true
2067,-5,5,0.0,0.0,0,4,true
2068,3,5,0.0,0.0,0,7,true
2069,-2,5,0.0,0.0,0,5,true
2070,-4,5,0.0,0.0,0,1,true
2071,5,5,0.0,0.0,0,6,true
2072,0,5,0.0,0.0,0,6,true
2073,0,5,0.0,0.0,0,6,true
2074,2,5,0.0,0.0,0,8,true
2075,-6,5,0.0,0.0,0,2,true
2076,1,5,0.0,0.0,0,3,true
2077,-2,5,0.0,0.0,0,1,true
2078,2,5,0.0,0.0,0,3,true
2079,-1,5,0.0,0.0,0,2,true
2080,7,5,0.0,0.0,0,9,true
2081,-3,5,0.0,0.0,0,6,true
2082,3,5,0.0,0.0,0,9,true
2083,-2,5,0.0,0.0,0,7,true
2084,-5,5,0.0,0.0,0,2,true
2085,2,5,0.0,0.0,0,4,true
2086,-2,5,0.0,0.0,0,2,true
2087,4,5,0.0,0.0,0,6,true
2088,1,5,0.0,0.0,0,7,true
2089,-1,5,0.0,0.0,0,6,true
2090,-4,5,0.0,0.0,0,2,true
2091,4,5,0.0,0.0,0,6,true
2092,-5,5,0.0,0.0,0,1,true
2093,1,5,0.0,0.0,0,2,true
2094,1,5,0.0,0.0,0,3,true
2095,7,5,0.0,0.0,0,10,true
2096,-9,5,0.0,0.0,0,1,true
2097,5,5,0.0,0.0,0,6,true
2098,0,5,0.0,0.0,0,6,true
2099,-3,5,0.0,0.0,0,3,true
2100,5,5,0.0,0.0,0,8,true
2101,0,5,0.0,0.0,0,8,true
2102,1,5,0.0,0.0,0,9,true
2103,-2,5,0.0,0.0,0,7,true
2104,2,5,0.0,0.0,0,9,true
2105,0,5,0.0,0.0,0,9,true
2106,-2,5,0.0,0.0,0,7,true
2107,-1,5,0.0,0.0,0,6,true
2108,-4,5,0.0,0.0,0,2,true
2109,1,5,0.0,0.0,0,3,true
2110,6,5,0.0,0.0,0,9,true
2111,-4,5,0.0,0.0,0,5,true
2112,0,5,0.0,0.0,0,5,true
2113,-4,5,0.0,0.0,0,1,true
2114,3,5,0.0,0.0,0,4,true
2115,-2,5,0.0,0.0,0,2,true
2116,6,5,0.0,0.0,0,8,true
2117,0,5,0.0,0.0,0,8,true
2118,-6,5,0.0,0.0,0,2,true
2119,0,5,0.0,0.0,0,2,true
2120,2,5,0.0,0.0,0,4,true
2121,2,5,0.0,0.0,0,6,true
2122,-2,5,0.0,0.0,0,4,true
2123,-3,5,0.0,0.0,0,1,true
2124,0,5,0.0,0.0,0,1,true
2125,0,5,0.0,0.0,0,1,true
2126,2,5,0.0,0.0,0,3,true
2127,5,5,0.0,0.0,0,8,true
2128,-2,5,0.0,0.0,0,6,true
2129,0,5,0.0,0.0,0,6,true
2130,4,5,0.0,0.0,0,10,true
2131,-3,5,0.0,0.0,0,7,true
2132,-1,5,0.0,0.0,0,6,true
2133,-4,4,0.0,0.0,0,2,true
2134,-1,5,0.0,0.0,0,1,true
2135,8,5,0.0,0.0,0,9,true
2136,-6,5,0.0,0.0,0,3,true
2137,-1,5,0.0,0.0,0,2,true
2138,6,5,0.0,0.0,0,8,true
2139,-7,5,0.0,0.0,0,1,true
2140,6,5,0.0,0.0,0,7,true
2141,-5,5,0.0,0.0,0,2,true
2142,7,5,0.0,0.0,0,9,true
2143,-1,3,0.0,0.0,0,8,true
2144,-7,5,0.0,0.0,0,1,true
2145,3,5,0.0,0.0,0,4,true
2146,-1,5,0.0,0.0,0,3,true
2147,7,5,0.0,0.0,0,10,true
2148,-5,5,0.0,0.0,0,5,true
2149,5,5,0.0,0.0,0,10,true
2150,-2,4,0.0,0.0,0,8,true
2151,1,5,0.0,0.0,0,9,true
2152,-6,5,0.0,0.0,0,3,true
2153,1,5,0.0,0.0,0,4,true
2154,5,5,0.0,0.0,0,9,true
2155,-4,5,0.0,0.0,0,5,true
2156,4,5,0.0,0.0,0,9,true
2157,-2,5,0.0,0.0,0,7,true
2158,-6,5,0.0,0.0,0,1,true
2159,6,5,0.0,0.0,0,7,true
2160,-3,5,0.0,0.0,0,4,true
2161,3,5,0.0,0.0,0,7,true
2162,3,5,0.0,0.0,0,10,true
2163,0,4,0.0,0.0,0,10,true
2164,-9,5,0.0,0.0,0,1,true
2165,3,5,0.0,0.0,0,4,true
2166,5,5,0.0,0.0,0,9,true
2167,0,5,0.0,0.0,0,9,true
2168,1,5,0.0,0.0,0,10,true
2169,-1,5,0.0,0.0,0,9,true
2170,-2,5,0.0,0.0,0,7,true
2171,-2,5,0.0,0.0,0,5,true
2172,1,5,0.0,0.0,0,6,true
2173,-2,5,0.0,0.0,0,4,true
2174,-2,5,0.0,0.0,0,2,true
2175,5,5,0.0,0.0,0,7,true
2176,-1,5,0.0,0.0,0,6,true
2177,-2,5,0.0,0.0,0,4,true
2178,-3,4,0.0,0.0,0,1,true
2179,8,5,0.0,0.0,0,9,true
2180,-6,5,0.0,0.0,0,3,true
2181,-1,5,0.0,0.0,0,2,true
2182,7,5,0.0,0.0,0,9,true
2183,-3,5,0.0,0.0,0,6,true
2184,-4,5,0.0,0.0,0,2,true
2185,-1,5,0.0,0.0,0,1,true
2186,4,5,0.0,0.0,0,5,true
2187,1,5,0.0,0.0,0,6,true
2188,-3,5,0.0,0.0,0,3,true
2189,5,5,0.0,0.0,0,8,true
2190,-5,5,0.0,0.0,0,3,true
2191,0,5,0.0,0.0,0,3,true
2192,0,5,0.0,0.0,0,3,true
2193,-2,5,0.0,0.0,0,1,true
2194,0,5,0.0,0.0,0,1,true
2195,9,5,0.0,0.0,0,10,true
2196,-2,5,0.0,0.0,0,8,true
2197,-3,5,0.0,0.0,0,5,true
2198,-1,5,0.0,0.0,0,4,true
2199,6,5,0.0,0.0,0,10,true
2200,-2,5,0.0,0.0,0,8,true
2201,2,5,0.0,0.0,0,10,true
2202,-1,5,0.0,0.0,0,9,true
2203,-7,5,0.0,0.0,0,2,true
2204,6,5,0.0,0.0,0,8,true
2205,-4,5,0.0,0.0,0,4,true
2206,5,5,0.0,0.0,0,9,true
2207,-8,5,0.0,0.0,0,1,true
2208,1,5,0.0,0.0,0,2,true
2209,3,5,0.0,0.0,0,5,true
2210,4,5,0.0,0.0,0,9,true
2211,-2,5,0.0,0.0,0,7,true
2212,0,5,0.0,0.0,0,7,true
2213,-2,5,0.0,0.0,0,5,true
2214,-1,5,0.0,0.0,0,4,true
2215,2,5,0.0,0.0,0,6,true
2216,-3,5,0.0,0.0,0,3,true
2217,1,5,0.0,0.0,0,4,true
2218,6,5,0.0,0.0,0,10,true
2219,-9,5,0.0,0.0,0,1,true
2220,5,4,0.0,0.0,0,6,true
2221,-5,5,0.0,0.0,0,1,true
2222,9,5,0.0,0.0,0,10,true
2223,-8,5,0.0,0.0,0,2,true
2224,-1,5,0.0,0.0,0,1,true
2225,4,5,0.0,0.0,0,5,true
2226,5,5,0.0,0.0,0,10,true
2227,0,5,0.0,0.0,0,10,true
2228,-7,4,0.0,0.0,0,3,true
2229,0,5,0.0,0.0,0,3,true
2230,-1,5,0.0,0.0,0,2,true
2231,0,5,0.0,0.0,0,2,true
2232,3,5,0.0,0.0,0,5,true
2233,5,5,0.0,0.0,0,10,true
2234,-7,5,0.0,0.0,0,3,true
2235,2,5,0.0,0.0,0,5,true
2236,-2,5,0.0,0.0,0,3,true
2237,0,4,0.0,0.0,0,3,true
2238,-2,5,0.0,0.0,0,1,true
2239,3,5,0.0,0.0,0,4,true
2240,-2,5,0.0,0.0,0,2,true
2241,8,5,0.0,0.0,0,10,true
2242,-6,5,0.0,0.0,0,4,true
2243,1,4,0.0,0.0,0,5,true
2244,-3,5,0.0,0.0,0,2,true
2245,-1,5,0.0,0.0,0,1,true
2246,3,5,0.0,0.0,0,4,true
2247,-1,5,0.0,0.0,0,3,true
2248,5,5,0.0,0.0,0,8,true
2249,-4,5,0.0,0.0,0,4,true
2250,-2,5,0.0,0.0,0,2,true
2251,5,5,0.0,0.0,0,7,true
2252,-5,4,0.0,0.0,0,2,true
2253,2,5,0.0,0.0,0,4,true
2254,-1,5,0.0,0.0,0,3,true
2255,7,5,0.0,0.0,0,10,true
2256,-1,5,0.0,0.0,0,9,true
2257,0,5,0.0,0.0,0,9,true
2258,-6,5,0.0,0.0,0,3,true
2259,3,4,0.0,0.0,0,6,true
2260,0,5,0.0,0.0,0,6,true
2261,-3,5,0.0,0.0,0,3,true
2262,0,5,0.0,0.0,0,3,true
2263,6,5,0.0,0.0,0,9,true
2264,1,5,0.0,0.0,0,10,true
2265,-9,5,0.0,0.0,0,1,true
2266,6,5,0.0,0.0,0,7,true
2267,-4,5,0.0,0.0,0,3,true
2268,3,5,0.0,0.0,0,6,true
2269,-4,5,0.0,0.0,0,2,true
2270,4,5,0.0,0.0,0,6,true
2271,2,5,0.0,0.0,0,8,true
2272,1,5,0.0,0.0,0,9,true
2273,-7,5,0.0,0.0,0,2,true
2274,6,5,0.0,0.0,0,8,true
2275,0,5,0.0,0.0,0,8,true
2276,-6,5,0.0,0.0,0,2,true
2277,4,5,0.0,0.0,0,6,true
2278,3,5,0.0,0.0,0,9,true
2279,-4,5,0.0,0.0,0,5,true
2280,4,5,0.0,0.0,0,9,true
2281,-7,5,0.0,0.0,0,2,true
2282,0,5,0.0,0.0,0,2,true
2283,-1,5,0.0,0.0,0,1,true
2284,7,5,0.0,0.0,0,8,true
2285,-4,5,0.0,0.0,0,4,true
2286,3,4,0.0,0.0,0,7,true
2287,-5,5,0.0,0.0,0,2,true
2288,1,5,0.0,0.0,0,3,true
2289,5,5,0.0,0.0,0,8,true
2290,-4,5,0.0,0.0,0,4,true
2291,6,5,0.0,0.0,0,10,true
2292,-9,5,0.0,0.0,0,1,true
2293,3,5,0.0,0.0,0,4,true
2294,3,4,0.0,0.0,0,7,true
2295,-1,5,0.0,0.0,0,6,true
2296,-5,5,0.0,0.0,0,1,true
2297,8,5,0.0,0.0,0,9,true
2298,0,5,0.0,0.0,0,9,true
2299,-1,5,0.0,0.0,0,8,true
2300,-3,5,0.0,0.0,0,5,true
2301,3,5,0.0,0.0,0,8,true
2302,-7,5,0.0,0.0,0,1,true
2303,1,5,0.0,0.0,0,2,true
2304,8,5,0.0,0.0,0,10,true
2305,0,5,0.0,0.0,0,10,true
2306,-2,5,0.0,0.0,0,8,true
2307,-6,5,0.0,0.0,0,2,true
2308,6,5,0.0,0.0,0,8,true
2309,-4,5,0.0,0.0,0,4,true
2310,4,5,0.0,0.0,0,8,true
2311,-6,5,0.0,0.0,0,2,true
2312,2,5,0.0,0.0,0,4,true
2313,0,5,0.0,0.0,0,4,true
2314,-1,5,0.0,0.0,0,3,true
2315,0,5,0.0,0.0,0,3,true
2316,-1,5,0.0,0.0,0,2,true
2317,6,5,0.0,0.0,0,8,true
2318,1,4,0.0,0.0,0,9,true
2319,0,5,0.0,0.0,0,9,true
2320,-7,4,0.0,0.0,0,2,true
2321,7,5,0.0,0.0,0,9,true
2322,-7,5,0.0,0.0,0,2,true
2323,5,5,0.0,0.0,0,7,true
2324,-2,5,0.0,0.0,0,5,true
2325,4,5,0.0,0.0,0,9,true
2326,0,5,0.0,0.0,0,9,true
2327,-7,5,0.0,0.0,0,2,true
2328,2,5,0.0,0.0,0,4,true
2329,4,5,0.0,0.0,0,8,true
2330,-7,5,0.0,0.0,0,1,true
2331,8,5,0.0,0.0,0,9,true
2332,-4,5,0.0,0.0,0,5,true
2333,-4,5,0.0,0.0,0,1,true
2334,0,5,0.0,0.0,0,1,true
2335,1,5,0.0,0.0,0,2,true
2336,0,5,0.0,0.0,0,2,true
2337,2,5,0.0,0.0,0,4,true
2338,-1,5,0.0,0.0,0,3,true
2339,1,5,0.0,0.0,0,4,true
2340,-2,5,0.0,0.0,0,2,true
2341,0,5,0.0,0.0,0,2,true
2342,-1,5,0.0,0.0,0,1,true
2343,4,4,0.0,0.0,0,5,true
2344,0,5,0.0,0.0,0,5,true
2345,1,5,0.0,0.0,0,6,true
2346,0,5,0.0,0.0,0,6,true
2347,-1,5,0.0,0.0,0,5,true
2348,-4,5,0.0,0.0,0,1,true
2349,7,5,0.0,0.0,0,8,true
2350,-3,5,0.0,0.0,0,5,true
2351,2,5,0.0,0.0,0,7,true
2352,2,5,0.0,0.0,0,9,true
2353,0,5,0.0,0.0,0,9,true
2354,-8,5,0.0,0.0,0,1,true
2355,6,5,0.0,0.0,0,7,true
2356,-1,5,0.0,0.0,0,6,true
2357,-5,5,0.0,0.0,0,1,true
2358,8,5,0.0,0.0,0,9,true
2359,-7,5,0.0,0.0,0,2,true
2360,3,5,0.0,0.0,0,5,true
2361,-1,5,0.0,0.0,0,4,true
2362,5,5,0.0,0.0,0,9,true
2363,-2,5,0.0,0.0,0,7,true
2364,0,5,0.0,0.0,0,7,true
2365,2,5,0.0,0.0,0,9,true
2366,1,5,0.0,0.0,0,10,true
2367,-8,5,0.0,0.0,0,2,true
2368,8,5,0.0,0.0,0,10,true
2369,-5,5,0.0,0.0,0,5,true
2370,-2,4,0.0,0.0,0,3,true
2371,7,4,0.0,0.0,0,10,true
2372,-7,5,0.0,0.0,0,3,true
2373,0,5,0.0,0.0,0,3,true
2374,3,5,0.0,0.0,0,6,true
2375,-4,5,0.0,0.0,0,2,true
2376,2,5,0.0,0.0,0,4,true
2377,-3,5,0.0,0.0,0,1,true
2378,6,5,0.0,0.0,0,7,true
2379,-6,5,0.0,0.0,0,1,true
2380,2,5,0.0,0.0,0,3,true
2381,7,5,0.0,0.0,0,10,true
2382,0,5,0.0,0.0,0,10,true
2383,-7,5,0.0,0.0,0,3,true
2384,5,4,0.0,0.0,0,8,true
2385,1,5,0.0,0.0,0,9,true
2386,-6,5,0.0,0.0,0,3,true
2387,1,5,0.0,0.0,0,4,true
2388,2,5,0.0,0.0,0,6,true
2389,0,5,0.0,0.0,0,6,true
2390,3,5,0.0,0.0,0,9,true
2391,-3,5,0.0,0.0,0,6,true
2392,-4,5,0.0,0.0,0,2,true
2393,3,5,0.0,0.0,0,5,true
2394,4,5,0.0,0.0,0,9,true
2395,-1,5,0.0,0.0,0,8,true
2396,-7,5,0.0,0.0,0,1,true
2397,0,5,0.0,0.0,0,1,true
2398,1,5,0.0,0.0,0,2,true
2399,2,5,0.0,0.0,0,4,true
2400,-2,5,0.0,0.0,0,2,true
2401,7,5,0.0,0.0,0,9,true
2402,-6,5,0.0,0.0,0,3,true
2403,3,5,0.0,0.0,0,6,true
2404,2,5,0.0,0.0,0,8,true
2405,2,5,0.0,0.0,0,10,true
2406,-2,5,0.0,0.0,0,8,true
2407,-7,5,0.0,0.0,0,1,true
2408,1,5,0.0,0.0,0,2,true
2409,7,5,0.0,0.0,0,9,true
2410,-2,5,0.0,0.0,0,7,true
2411,-2,5,0.0,0.0,0,5,true
2412,-3,5,0.0,0.0,0,2,true
2413,2,5,0.0,0.0,0,4,true
2414,-2,5,0.0,0.0,0,2,true
2415,4,5,0.0,0.0,0,6,true
2416,-2,5,0.0,0.0,0,4,true
2417,4,4,0.0,0.0,0,8,true
2418,-4,5,0.0,0.0,0,4,true
2419,5,5,0.0,0.0,0,9,true
2420,-5,5,0.0,0.0,0,4,true
2421,0,5,0.0,0.0,0,4,true
2422,5,5,0.0,0.0,0,9,true
2423,-4,5,0.0,0.0,0,5,true
2424,5,5,0.0,0.0,0,10,true
2425,-9,4,0.0,0.0,0,1,true
2426,1,5,0.0,0.0,0,2,true
2427,1,4,0.0,0.0,0,3,true
2428,-2,4,0.0,0.0,0,1,true
2429,6,5,0.0,0.0,0,7,true
2430,-3,5,0.0,0.0,0,4,true
2431,-1,5,0.0,0.0,0,3,true
2432,1,5,0.0,0.0,0,4,true
2433,5,5,0.0,0.0,0,9,true
2434,1,5,0.0,0.0,0,10,true
2435,-3,5,0.0,0.0,0,7,true
2436,-1,5,0.0,0.0,0,6,true
2437,-4,5,0.0,0.0,0,2,true
2438,3,5,0.0,0.0,0,5,true
2439,1,5,0.0,0.0,0,6,true
2440,0,5,0.0,0.0,0,6,true
2441,2,5,0.0,0.0,0,8,true
2442,-3,5,0.0,0.0,0,5,true
2443,3,5,0.0,0.0,0,8,true
2444,-2,5,0.0,0.0,0,6,true
2445,-1,4,0.0,0.0,0,5,true
2446,1,5,0.0,0.0,0,6,true
2447,-3,5,0.0,0.0,0,3,true
2448,-1,5,0.0,0.0,0,2,true
2449,4,5,0.0,0.0,0,6,true
2450,3,5,0.0,0.0,0,9,true
2451,-4,5,0.0,0.0,0,5,true
2452,3,5,0.0,0.0,0,8,true
2453,0,5,0.0,0.0,0,8,true
2454,-4,5,0.0,0.0,0,4,true
2455,5,5,0.0,0.0,0,9,true
2456,-7,5,0.0,0.0,0,2,true
2457,3,5,0.0,0.0,0,5,true
2458,1,5,0.0,0.0,0,6,true
2459,1,5,0.0,0.0,0,7,true
2460,-6,5,0.0,0.0,0,1,true
2461,7,5,0.0,0.0,0,8,true
2462,-1,5,0.0,0.0,0,7,true
2463,-6,5,0.0,0.0,0,1,true
2464,9,5,0.0,0.0,0,10,true
2465,-9,5,0.0,0.0,0,1,true
2466,7,5,0.0,0.0,0,8,true
2467,-1,4,0.0,0.0,0,7,true
2468,-3,5,0.0,0.0,0,4,true
2469,6,5,0.0,0.0,0,10,true
2470,-9,5,0.0,0.0,0,1,true
2471,6,5,0.0,0.0,0,7,true
2472,-1,5,0.0,0.0,0,6,true
2473,0,5,0.0,0.0,0,6,true
2474,0,5,0.0,0.0,0,6,true
2475,-5,5,0.0,0.0,0,1,true
2476,8,5,0.0,0.0,0,9,true
2477,-2,5,0.0,0.0,0,7,true
2478,0,5,0.0,0.0,0,7,true
2479,1,5,0.0,0.0,0,8,true
2480,0,5,0.0,0.0,0,8,true
2481,-5,3,0.0,0.0,0,3,true
2482,-1,5,0.0,0.0,0,2,true
2483,1,5,0.0,0.0,0,3,true
2484,0,5,0.0,0.0,0,3,true
2485,0,4,0.0,0.0,0,3,true
2486,2,5,0.0,0.0,0,5,true
2487,4,4,0.0,0.0,0,9,true
2488,1,5,0.0,0.0,0,10,true
2489,-7,5,0.0,0.0,0,3,true
2490,3,5,0.0,0.0,0,6,true
2491,-5,5,0.0,0.0,0,1,true
2492,6,5,0.0,0.0,0,7,true
2493,3,5,0.0,0.0,0,10,true
2494,0,5,0.0,0.0,0,10,true
2495,-4,5,0.0,0.0,0,6,true
2496,-1,5,0.0,0.0,0,5,true
2497,4,5,0.0,0.0,0,9,true
2498,-2,5,0.0,0.0,0,7,true
2499,2,4,0.0,0.0,0,9,true
2500,-4,5,0.0,0.0,0,5,true
2501,0,5,0.0,0.0,0,5,true
2502,1,5,0.0,0.0,0,6,true
2503,2,5,0.0,0.0,0,8,true
2504,-2,5,0.0,0.0,0,6,true
2505,3,5,0.0,0.0,0,9,true
2506,-1,4,0.0,0.0,0,8,true
2507,-5,5,0.0,0.0,0,3,true
2508,6,5,0.0,0.0,0,9,true
2509,-8,5,0.0,0.0,0,1,true
2510,7,5,0.0,0.0,0,8,true
2511,0,5,0.0,0.0,0,8,true
2512,-2,5,0.0,0.0,0,6,true
2513,2,5,0.0,0.0,0,8,true
2514,-1,5,0.0,0.0,0,7,true
2515,-5,5,0.0,0.0,0,2,true
2516,6,5,0.0,0.0,0,8,true
2517,-4,5,0.0,0.0,0,4,true
2518,-2,5,0.0,0.0,0,2,true
2519,6,5,0.0,0.0,0,8,true
2520,0,5,0.0,0.0,0,8,true
2521,-2,5,0.0,0.0,0,6,true
2522,-3,5,0.0,0.0,0,3,true
2523,2,5,0.0,0.0,0,5,true
2524,4,5,0.0,0.0,0,9,true
2525,-3,5,0.0,0.0,0,6,true
2526,1,5,0.0,0.0,0,7,true
2527,-1,5,0.0,0.0,0,6,true
2528,3,5,0.0,0.0,0,9,true
2529,-1,5,0.0,0.0,0,8,true
2530,-4,5,0.0,0.0,0,4,true
2531,-1,5,0.0,0.0,0,3,true
2532,-2,5,0.0,0.0,0,1,true
2533,1,5,0.0,0.0,0,2,true
2534,4,5,0.0,0.0,0,6,true
2535,-5,5,0.0,0.0,0,1,true
2536,7,5,0.0,0.0,0,8,true
2537,-7,5,0.0,0.0,0,1,true
2538,4,5,0.0,0.0,0,5,true
2539,-3,5,0.0,0.0,0,2,true
2540,0,5,0.0,0.0,0,2,true
2541,2,5,0.0,0.0,0,4,true
2542,6,5,0.0,0.0,0,10,true
2543,-3,5,0.0,0.0,0,7,true
2544,-6,4,0.0,0.0,0,1,true
2545,3,5,0.0,0.0,0,4,true
2546,2,5,0.0,0.0,0,6,true
2547,-3,5,0.0,0.0,0,3,true
2548,-1,5,0.0,0.0,0,2,true
2549,7,5,0.0,0.0,0,9,true
2550,-8,5,0.0,0.0,0,1,true
2551,1,5,0.0,0.0,0,2,true
2552,8,5,0.0,0.0,0,10,true
2553,-2,5,0.0,0.0,0,8,true
2554,0,5,0.0,0.0,0,8,true
2555,-6,5,0.0,0.0,0,2,true
2556,-1,5,0.0,0.0,0,1,true
2557,3,5,0.0,0.0,0,4,true
2558,0,5,0.0,0.0,0,4,true
2559,-3,4,0.0,0.0,0,1,true
2560,7,5,0.0,0.0,0,8,true
2561,-3,5,0.0,0.0,0,5,true
2562,-2,5,0.0,0.0,0,3,true
2563,7,5,0.0,0.0,0,10,true
2564,-8,5,0.0,0.0,0,2,true
2565,2,5,0.0,0.0,0,4,true
2566,3,3,0.0,0.0,0,7,true
2567,-1,5,0.0,0.0,0,6,true
2568,-1,5,0.0,0.0,0,5,true
2569,-3,5,0.0,0.0,0,2,true
2570,6,5,0.0,0.0,0,8,true
2571,-3,5,0.0,0.0,0,5,true
2572,-3,5,0.0,0.0,0,2,true
2573,-1,5,0.0,0.0,0,1,true
2574,1,5,0.0,0.0,0,2,true
2575,7,5,0.0,0.0,0,9,true
2576,-7,5,0.0,0.0,0,2,true
2577,2,5,0.0,0.0,0,4,true
2578,5,5,0.0,0.0,0,9,true
2579,-5,5,0.0,0.0,0,4,true
2580,0,5,0.0,0.0,0,4,true
2581,-1,5,0.0,0.0,0,3,true
2582,4,5,0.0,0.0,0,7,true
2583,-6,5,0.0,0.0,0,1,true
2584,4,5,0.0,0.0,0,5,true
2585,2,5,0.0,0.0,0,7,true
2586,-4,5,0.0,0.0,0,3,true
2587,3,5,0.0,0.0,0,6,true
2588,-5,5,0.0,0.0,0,1,true
2589,5,5,0.0,0.0,0,6,true
2590,4,5,0.0,0.0,0,10,true
2591,0,5,0.0,0.0,0,10,true
2592,-7,5,0.0,0.0,0,3,true
2593,-1,5,0.0,0.0,0,2,true
2594,1,5,0.0,0.0,0,3,true
2595,-1,5,0.0,0.0,0,2,true
2596,3,5,0.0,0.0,0,5,true
2597,5,5,0.0,0.0,0,10,true
2598,-3,5,0.0,0.0,0,7,true
2599,2,5,0.0,0.0,0,9,true
2600,-2,5,0.0,0.0,0,7,true
2601,3,5,0.0,0.0,0,10,true
2602,-4,4,0.0,0.0,0,6,true
2603,3,5,0.0,0.0,0,9,true
2604,-5,5,0.0,0.0,0,4,true
2605,3,5,0.0,0.0,0,7,true
2606,0,5,0.0,0.0,0,7,true
2607,-6,5,0.0,0.0,0,1,true
2608,2,5,0.0,0.0,0,3,true
2609,6,5,0.0,0.0,0,9,true
2610,-3,5,0.0,0.0,0,6,true
2611,-4,5,0.0,0.0,0,2,true
2612,6,5,0.0,0.0,0,8,true
2613,-3,5,0.0,0.0,0,5,true
2614,-4,4,0.0,0.0,0,1,true
2615,6,4,0.0,0.0,0,7,true
2616,-5,5,0.0,0.0,0,2,true
2617,7,5,0.0,0.0,0,9,true
2618,-7,5,0.0,0.0,0,2,true
2619,5,5,0.0,0.0,0,7,true
2620,0,5,0.0,0.0,0,7,true
2621,2,5,0.0,0.0,0,9,true
2622,-8,5,0.0,0.0,0,1,true
2623,4,4,0.0,0.0,0,5,true
2624,5,5,0.0,0.0,0,10,true
2625,-2,5,0.0,0.0,0,8,true
2626,2,5,0.0,0.0,0,10,true
2627,0,5,0.0,0.0,0,10,true
2628,-7,4,0.0,0.0,0,3,true
2629,2,5,0.0,0.0,0,5,true
2630,-2,5,0.0,0.0,0,3,true
2631,-2,5,0.0,0.0,0,1,true
2632,8,5,0.0,0.0,0,9,true
2633,-7,5,0.0,0.0,0,2,true
2634,4,5,0.0,0.0,0,6,true
2635,4,5,0.0,0.0,0,10,true
2636,-6,5,0.0,0.0,0,4,true
2637,6,5,0.0,0.0,0,10,true
2638,-5,5,0.0,0.0,0,5,true
2639,-1,5,0.0,0.0,0,4,true
2640,2,5,0.0,0.0,0,6,true
2641,-1,5,0.0,0.0,0,5,true
2642,5,5,0.0,0.0,0,10,true
2643,0,4,0.0,0.0,0,10,true
2644,-2,5,0.0,0.0,0,8,true
2645,2,5,0.0,0.0,0,10,true
2646,-6,4,0.0,0.0,0,4,true
2647,5,5,0.0,0.0,0,9,true
2648,-6,5,0.0,0.0,0,3,true
2649,5,5,0.0,0.0,0,8,true
2650,-1,5,0.0,0.0,0,7,true
2651,2,5,0.0,0.0,0,9,true
2652,1,5,0.0,0.0,0,10,true
2653,-3,5,0.0,0.0,0,7,true
2654,-3,5,0.0,0.0,0,4,true
2655,0,5,0.0,0.0,0,4,true
2656,-1,3,0.0,0.0,0,3,true
2657,2,5,0.0,0.0,0,5,true
2658,3,5,0.0,0.0,0,8,true
2659,0,5,0.0,0.0,0,8,true
2660,2,5,0.0,0.0,0,10,true
2661,-8,5,0.0,0.0,0,2,true
2662,0,5,0.0,0.0,0,2,true
2663,3,5,0.0,0.0,0,5,true
2664,1,5,0.0,0.0,0,6,true
2665,-4,5,0.0,0.0,0,2,true
2666,-1,4,0.0,0.0,0,1,true
2667,4,5,0.0,0.0,0,5,true
2668,3,5,0.0,0.0,0,8,true
2669,1,5,0.0,0.0,0,9,true
2670,-2,5,0.0,0.0,0,7,true
2671,1,5,0.0,0.0,0,8,true
2672,-5,5,0.0,0.0,0,3,true
2673,-2,5,0.0,0.0,0,1,true
2674,6,5,0.0,0.0,0,7,true
2675,3,5,0.0,0.0,0,10,true
2676,-4,5,0.0,0.0,0,6,true
2677,-3,5,0.0,0.0,0,3,true
2678,7,5,0.0,0.0,0,10,true
2679,-8,5,0.0,0.0,0,2,true
2680,-1,5,0.0,0.0,0,1,true
2681,6,5,0.0,0.0,0,7,true
2682,-5,5,0.0,0.0,0,2,true
2683,2,5,0.0,0.0,0,4,true
2684,5,5,0.0,0.0,0,9,true
2685,-6,5,0.0,0.0,0,3,true
2686,1,5,0.0,0.0,0,4,true
2687,-3,5,0.0,0.0,0,1,true
2688,9,5,0.0,0.0,0,10,true
2689,-8,5,0.0,0.0,0,2,true
2690,1,5,0.0,0.0,0,3,true
2691,0,5,0.0,0.0,0,3,true
2692,3,5,0.0,0.0,0,6,true
2693,2,5,0.0,0.0,0,8,true
2694,-3,5,0.0,0.0,0,5,true
2695,2,5,0.0,0.0,0,7,true
2696,2,5,0.0,0.0,0,9,true
2697,-6,5,0.0,0.0,0,3,true
2698,3,5,0.0,0.0,0,6,true
2699,1,5,0.0,0.0,0,7,true
2700,-3,5,0.0,0.0,0,4,true
2701,4,5,0.0,0.0,0,8,true
2702,1,5,0.0,0.0,0,9,true
2703,-4,5,0.0,0.0,0,5,true
2704,3,5,0.0,0.0,0,8,true
2705,-7,5,0.0,0.0,0,1,true
2706,1,5,0.0,0.0,0,2,true
2707,3,5,0.0,0.0,0,5,true
2708,5,5,0.0,0.0,0,10,true
2709,0,5,0.0,0.0,0,10,true
2710,-2,5,0.0,0.0,0,8,true
2711,-4,5,0.0,0.0,0,4,true
2712,-2,5,0.0,0.0,0,2,true
2713,1,4,0.0,0.0,0,3,true
2714,1,5,0.0,0.0,0,4,true
2715,-1,5,0.0,0.0,0,3,true
2716,4,5,0.0,0.0,0,7,true
2717,-3,5,0.0,0.0,0,4,true
2718,3,5,0.0,0.0,0,7,true
2719,1,5,0.0,0.0,0,8,true
2720,-4,5,0.0,0.0,0,4,true
2721,-2,3,0.0,0.0,0,2,true
2722,1,5,0.0,0.0,0,3,true
2723,5,5,0.0,0.0,0,8,true
2724,0,5,0.0,0.0,0,8,true
2725,-5,5,0.0,0.0,0,3,true
2726,-1,5,0.0,0.0,0,2,true
2727,3,5,0.0,0.0,0,5,true
2728,5,5,0.0,0.0,0,10,true
2729,0,5,0.0,0.0,0,10,true
2730,-7,5,0.0,0.0,0,3,true
2731,3,5,0.0,0.0,0,6,true
2732,1,5,0.0,0.0,0,7,true
2733,-1,5,0.0,0.0,0,6,true
2734,-3,5,0.0,0.0,0,3,true
2735,-2,5,0.0,0.0,0,1,true
2736,0,5,0.0,0.0,0,1,true
2737,4,5,0.0,0.0,0,5,true
2738,1,5,0.0,0.0,0,6,true
2739,1,4,0.0,0.0,0,7,true
2740,1,5,0.0,0.0,0,8,true
2741,0,5,0.0,0.0,0,8,true
2742,1,4,0.0,0.0,0,9,true
2743,-2,5,0.0,0.0,0,7,true
2744,-3,5,0.0,0.0,0,4,true
2745,3,5,0.0,0.0,0,7,true
2746,0,5,0.0,0.0,0,7,true
2747,-1,5,0.0,0.0,0,6,true
2748,0,5,0.0,0.0,0,6,true
2749,-3,5,0.0,0.0,0,3,true
2750,4,5,0.0,0.0,0,7,true
2751,-5,5,0.0,0.0,0,2,true
2752,0,5,0.0,0.0,0,2,true
2753,3,5,0.0,0.0,0,5,true
2754,2,5,0.0,0.0,0,7,true
2755,-5,5,0.0,0.0,0,2,true
2756,0,5,0.0,0.0,0,2,true
2757,-1,5,0.0,0.0,0,1,true
2758,4,5,0.0,0.0,0,5,true
2759,4,5,0.0,0.0,0,9,true
2760,-5,5,0.0,0.0,0,4,true
2761,-1,5,0.0,0.0,0,3,true
2762,0,5,0.0,0.0,0,3,true
2763,2,5,0.0,0.0,0,5,true
2764,0,5,0.0,0.0,0,5,true
2765,-2,5,0.0,0.0,0,3,true
2766,0,5,0.0,0.0,0,3,true
2767,3,5,0.0,0.0,0,6,true
2768,-4,5,0.0,0.0,0,2,true
2769,5,5,0.0,0.0,0,7,true
2770,-6,5,0.0,0.0,0,1,true
2771,3,5,0.0,0.0,0,4,true
2772,-2,5,0.0,0.0,0,2,true
2773,8,5,0.0,0.0,0,10,true
2774,-7,5,0.0,0.0,0,3,true
2775,-1,5,0.0,0.0,0,2,true
2776,8,5,0.0,0.0,0,10,true
2777,-3,5,0.0,0.0,0,7,true
2778,-2,5,0.0,0.0,0,5,true
2779,5,5,0.0,0.0,0,10,true
2780,-2,3,0.0,0.0,0,8,true
2781,-3,5,0.0,0.0,0,5,true
2782,1,5,0.0,0.0,0,6,true
2783,3,5,0.0,0.0,0,9,true
2784,-2,5,0.0,0.0,0,7,true
2785,3,5,0.0,0.0,0,10,true
2786,-7,5,0.0,0.0,0,3,true
2787,0,5,0.0,0.0,0,3,true
2788,2,5,0.0,0.0,0,5,true
2789,-2,4,0.0,0.0,0,3,true
2790,-1,5,0.0,0.0,0,2,true
2791,0,5,0.0,0.0,0,2,true
2792,2,5,0.0,0.0,0,4,true
2793,5,5,0.0,0.0,0,9,true
2794,1,5,0.0,0.0,0,10,true
2795,-5,5,0.0,0.0,0,5,true
2796,2,5,0.0,0.0,0,7,true
2797,1,5,0.0,0.0,0,8,true
2798,-6,5,0.0,0.0,0,2,true
2799,6,5,0.0,0.0,0,8,true
2800,-7,5,0.0,0.0,0,1,true
2801,2,5,0.0,0.0,0,3,true
2802,5,5,0.0,0.0,0,8,true
2803,0,5,0.0,0.0,0,8,true
2804,2,5,0.0,0.0,0,10,true
2805,-1,5,0.0,0.0,0,9,true
2806,-2,5,0.0,0.0,0,7,true
2807,-6,5,0.0,0.0,0,1,true
2808,0,5,0.0,0.0,0,1,true
2809,2,5,0.0,0.0,0,3,true
2810,1,4,0.0,0.0,0,4,true
2811,1,5,0.0,0.0,0,5,true
2812,3,5,0.0,0.0,0,8,true
2813,-4,5,0.0,0.0,0,4,true
2814,2,5,0.0,0.0,0,6,true
2815,1,5,0.0,0.0,0,7,true
2816,3,5,0.0,0.0,0,10,true
2817,-1,5,0.0,0.0,0,9,true
2818,-3,5,0.0,0.0,0,6,true
2819,-3,5,0.0,0.0,0,3,true
2820,4,5,0.0,0.0,0,7,true
2821,3,5,0.0,0.0,0,10,true
2822,-1,5,0.0,0.0,0,9,true
2823,-3,5,0.0,0.0,0,6,true
2824,0,5,0.0,0.0,0,6,true
2825,2,5,0.0,0.0,0,8,true
2826,-5,5,0.0,0.0,0,3,true
2827,7,5,0.0,0.0,0,10,true
2828,-9,5,0.0,0.0,0,1,true
2829,3,5,0.0,0.0,0,4,true
2830,0,5,0.0,0.0,0,4,true
2831,0,5,0.0,0.0,0,4,true
2832,4,5,0.0,0.0,0,8,true
2833,1,5,0.0,0.0,0,9,true
2834,-3,5,0.0,0.0,0,6,true
2835,0,5,0.0,0.0,0,6,true
2836,4,5,0.0,0.0,0,10,true
2837,-5,5,0.0,0.0,0,5,true
2838,5,5,0.0,0.0,0,10,true
2839,-4,5,0.0,0.0,0,6,true
2840,-3,5,0.0,0.0,0,3,true
2841,4,5,0.0,0.0,0,7,true
2842,-5,5,0.0,0.0,0,2,true
2843,3,4,0.0,0.0,0,5,true
2844,-2,5,0.0,0.0,0,3,true
2845,0,5,0.0,0.0,0,3,true
2846,1,5,0.0,0.0,0,4,true
2847,3,5,0.0,0.0,0,7,true
2848,-6,5,0.0,0.0,0,1,true
2849,3,5,0.0,0.0,0,4,true
2850,2,5,0.0,0.0,0,6,true
2851,-5,5,0.0,0.0,0,1,true
2852,0,5,0.0,0.0,0,1,true
2853,8,5,0.0,0.0,0,9,true
2854,-1,5,0.0,0.0,0,8,true
2855,-1,5,0.0,0.0,0,7,true
2856,-2,5,0.0,0.0,0,5,true
2857,1,5,0.0,0.0,0,6,true
2858,4,5,0.0,0.0,0,10,true
2859,-7,5,0.0,0.0,0,3,true
2860,4,5,0.0,0.0,0,7,true
2861,3,5,0.0,0.0,0,10,true
2862,-7,5,0.0,0.0,0,3,true
2863,5,5,0.0,0.0,0,8,true
2864,-5,5,0.0,0.0,0,3,true
2865,4,5,0.0,0.0,0,7,true
2866,-6,5,0.0,0.0,0,1,true
2867,2,5,0.0,0.0,0,3,true
2868,6,5,0.0,0.0,0,9,true
2869,-2,5,0.0,0.0,0,7,true
2870,-1,5,0.0,0.0,0,6,true
2871,-1,5,0.0,0.0,0,5,true
2872,-2,5,0.0,0.0,0,3,true
2873,1,5,0.0,0.0,0,4,true
2874,-3,5,0.0,0.0,0,1,true
2875,9,5,0.0,0.0,0,10,true
2876,-3,5,0.0,0.0,0,7,true
2877,-5,5,0.0,0.0,0,2,true
2878,8,5,0.0,0.0,0,10,true
2879,-6,5,0.0,0.0,0,4,true
2880,0,5,0.0,0.0,0,4,true
2881,4,5,0.0,0.0,0,8,true
2882,-2,5,0.0,0.0,0,6,true
2883,3,5,0.0,0.0,0,9,true
2884,-4,5,0.0,0.0,0,5,true
2885,-3,5,0.0,0.0,0,2,true
2886,0,5,0.0,0.0,0,2,true
2887,6,5,0.0,0.0,0,8,true
2888,2,5,0.0,0.0,0,10,true
2889,-3,5,0.0,0.0,0,7,true
2890,0,5,0.0,0.0,0,7,true
2891,3,5,0.0,0.0,0,10,true
2892,-4,5,0.0,0.0,0,6,true
2893,-2,5,0.0,0.0,0,4,true
2894,3,5,0.0,0.0,0,7,true
2895,-2,5,0.0,0.0,0,5,true
2896,1,4,0.0,0.0,0,6,true
2897,-5,5,0.0,0.0,0,1,true
2898,3,5,0.0,0.0,0,4,true
2899,4,5,0.0,0.0,0,8,true
2900,-7,4,0.0,0.0,0,1,true
2901,5,5,0.0,0.0,0,6,true
2902,0,4,0.0,0.0,0,6,true
2903,-5,5,0.0,0.0,0,1,true
2904,3,5,0.0,0.0,0,4,true
2905,1,5,0.0,0.0,0,5,true
2906,1,5,0.0,0.0,0,6,true
2907,4,5,0.0,0.0,0,10,true
2908,-1,5,0.0,0.0,0,9,true
2909,1,5,0.0,0.0,0,10,true
2910,0,5,0.0,0.0,0,10,true
2911,-1,5,0.0,0.0,0,9,true
2912,-1,5,0.0,0.0,0,8,true
2913,-6,4,0.0,0.0,0,2,true
2914,8,5,0.0,0.0,0,10,true
2915,-7,5,0.0,0.0,0,3,true
2916,4,5,0.0,0.0,0,7,true
2917,-1,3,0.0,0.0,0,6,true
2918,-5,5,0.0,0.0,0,1,true
2919,8,5,0.0,0.0,0,9,true
2920,1,5,0.0,0.0,0,10,true
2921,-7,5,0.0,0.0,0,3,true
2922,7,5,0.0,0.0,0,10,true
2923,-9,5,0.0,0.0,0,1,true
2924,8,3,0.0,0.0,0,9,true
2925,-4,5,0.0,0.0,0,5,true
2926,-4,5,0.0,0.0,0,1,true
2927,4,5,0.0,0.0,0,5,true
2928,1,5,0.0,0.0,0,6,true
2929,-5,5,0.0,0.0,0,1,true
2930,5,5,0.0,0.0,0,6,true
2931,-5,5,0.0,0.0,0,1,true
2932,4,5,0.0,0.0,0,5,true
2933,-3,5,0.0,0.0,0,2,true
2934,4,5,0.0,0.0,0,6,true
2935,3,5,0.0,0.0,0,9,true
2936,1,4,0.0,0.0,0,10,true
2937,-9,5,0.0,0.0,0,1,true
2938,9,5,0.0,0.0,0,10,true
2939,-3,5,0.0,0.0,0,7,true
2940,-3,5,0.0,0.0,0,4,true
2941,-3,5,0.0,0.0,0,1,true
2942,2,5,0.0,0.0,0,3,true
2943,5,5,0.0,0.0,0,8,true
2944,-6,5,0.0,0.0,0,2,true
2945,3,5,0.0,0.0,0,5,true
2946,-3,5,0.0,0.0,0,2,true
2947,4,4,0.0,0.0,0,6,true
2948,-3,5,0.0,0.0,0,3,true
2949,1,5,0.0,0.0,0,4,true
2950,0,5,0.0,0.0,0,4,true
2951,-1,5,0.0,0.0,0,3,true
2952,4,5,0.0,0.0,0,7,true
2953,-5,5,0.0,0.0,0,2,true
2954,8,5,0.0,0.0,0,10,true
2955,-3,5,0.0,0.0,0,7,true
2956,-6,5,0.0,0.0,0,1,true
2957,3,5,0.0,0.0,0,4,true
2958,-1,5,0.0,0.0,0,3,true
2959,7,5,0.0,0.0,0,10,true
2960,0,5,0.0,0.0,0,10,true
2961,-3,5,0.0,0.0,0,7,true
2962,2,5,0.0,0.0,0,9,true
2963,-3,5,0.0,0.0,0,6,true
2964,2,5,0.0,0.0,0,8,true
2965,-7,5,0.0,0.0,0,1,true
2966,5,5,0.0,0.0,0,6,true
2967,3,5,0.0,0.0,0,9,true
2968,-8,5,0.0,0.0,0,1,true
2969,0,5,0.0,0.0,0,1,true
2970,3,5,0.0,0.0,0,4,true
2971,-3,5,0.0,0.0,0,1,true
2972,1,5,0.0,0.0,0,2,true
2973,6,5,0.0,0.0,0,8,true
2974,-7,5,0.0,0.0,0,1,true
2975,4,5,0.0,0.0,0,5,true
2976,-4,5,0.0,0.0,0,1,true
2977,1,5,0.0,0.0,0,2,true
2978,5,5,0.0,0.0,0,7,true
2979,1,5,0.0,0.0,0,8,true
2980,-5,5,0.0,0.0,0,3,true
2981,-1,5,0.0,0.0,0,2,true
2982,0,5,0.0,0.0,0,2,true
2983,8,5,0.0,0.0,0,10,true
2984,-6,5,0.0,0.0,0,4,true
2985,-1,5,0.0,0.0,0,3,true
2986,1,5,0.0,0.0,0,4,true
2987,-1,5,0.0,0.0,0,3,true
2988,3,5,0.0,0.0,0,6,true
2989,-1,5,0.0,0.0,0,5,true
2990,1,5,0.0,0.0,0,6,true
2991,2,5,0.0,0.0,0,8,true
2992,-7,5,0.0,0.0,0,1,true
2993,9,5,0.0,0.0,0,10,true
2994,-9,5,0.0,0.0,0,1,true
2995,2,5,0.0,0.0,0,3,true
2996,-1,5,0.0,0.0,0,2,true
2997,2,5,0.0,0.0,0,4,true
2998,6,5,0.0,0.0,0,10,true
2999,-2,5,0.0,0.0,0,8,true
3000,2,5,0.0,0.0,0,10,true
3001,-8,5,0.0,0.0,0,2,true
3002,5,5,0.0,0.0,0,7,true
3003,-4,5,0.0,0.0,0,3,true
3004,1,5,0.0,0.0,0,4,true
3005,4,5,0.0,0.0,0,8,true
3006,-6,5,0.0,0.0,0,2,true
3007,1,5,0.0,0.0,0,3,true
3008,3,5,0.0,0.0,0,6,true
3009,-4,5,0.0,0.0,0,2,true
3010,8,5,0.0,0.0,0,10,true
3011,0,5,0.0,0.0,0,10,true
3012,-9,5,0.0,0.0,0,1,true
3013,5,5,0.0,0.0,0,6,true
3014,-2,5,0.0,0.0,0,4,true
3015,-1,5,0.0,0.0,0,3,true
3016,4,5,0.0,0.0,0,7,true
3017,1,5,0.0,0.0,0,8,true
3018,-4,5,0.0,0.0,0,4,true
3019,1,5,0.0,0.0,0,5,true
3020,-2,5,0.0,0.0,0,3,true
3021,2,5,0.0,0.0,0,5,true
3022,-3,5,0.0,0.0,0,2,true
3023,7,5,0.0,0.0,0,9,true
3024,-5,5,0.0,0.0,0,4,true
3025,0,5,0.0,0.0,0,4,true
3026,4,5,0.0,0.0,0,8,true
3027,-7,5,0.0,0.0,0,1,true
3028,9,5,0.0,0.0,0,10,true
3029,-3,5,0.0,0.0,0,7,true
3030,0,5,0.0,0.0,0,7,true
3031,1,5,0.0,0.0,0,8,true
3032,-6,5,0.0,0.0,0,2,true
3033,8,3,0.0,0.0,0,10,true
3034,-9,4,0.0,0.0,0,1,true
3035,9,5,0.0,0.0,0,10,true
3036,-6,5,0.0,0.0,0,4,true
3037,1,5,0.0,0.0,0,5,true
3038,2,4,0.0,0.0,0,7,true
3039,-2,5,0.0,0.0,0,5,true
3040,3,5,0.0,0.0,0,8,true
3041,1,5,0.0,0.0,0,9,true
3042,-1,5,0.0,0.0,0,8,true
3043,-6,5,0.0,0.0,0,2,true
3044,3,5,0.0,0.0,0,5,true
3045,0,5,0.0,0.0,0,5,true
3046,0,5,0.0,0.0,0,5,true
3047,1,5,0.0,0.0,0,6,true
3048,3,5,0.0,0.0,0,9,true
3049,-3,5,0.0,0.0,0,6,true
3050,1,5,0.0,0.0,0,7,true
3051,3,4,0.0,0.0,0,10,true
3052,0,5,0.0,0.0,0,10,true
3053,-5,4,0.0,0.0,0,5,true
3054,-3,5,0.0,0.0,0,2,true
3055,6,5,0.0,0.0,0,8,true
3056,0,5,0.0,0.0,0,8,true
3057,-7,5,0.0,0.0,0,1,true
3058,1,5,0.0,0.0,0,2,true
3059,7,5,0.0,0.0,0,9,true
3060,-1,5,0.0,0.0,0,8,true
3061,2,5,0.0,0.0,0,10,true
3062,-8,5,0.0,0.0,0,2,true
3063,0,5,0.0,0.0,0,2,true
3064,3,5,0.0,0.0,0,5,true
3065,-3,5,0.0,0.0,0,2,true
3066,7,5,0.0,0.0,0,9,true
3067,-7,5,0.0,0.0,0,2,true
3068,-1,5,0.0,0.0,0,1,true
3069,3,5,0.0,0.0,0,4,true
3070,2,5,0.0,0.0,0,6,true
3071,-3,5,0.0,0.0,0,3,true
3072,6,5,0.0,0.0,0,9,true
3073,-5,5,0.0,0.0,0,4,true
3074,2,5,0.0,0.0,0,6,true
3075,-5,5,0.0,0.0,0,1,true
3076,3,5,0.0,0.0,0,4,true
3077,5,5,0.0,0.0,0,9,true
3078,-6,5,0.0,0.0,0,3,true
3079,3,5,0.0,0.0,0,6,true
3080,-2,5,0.0,0.0,0,4,true
3081,4,5,0.0,0.0,0,8,true
3082,-2,5,0.0,0.0,0,6,true
3083,1,5,0.0,0.0,0,7,true
3084,-5,5,0.0,0.0,0,2,true
3085,5,5,0.0,0.0,0,7,true
3086,-2,5,0.0,0.0,0,5,true
3087,3,5,0.0,0.0,0,8,true
3088,-1,5,0.0,0.0,0,7,true
3089,-6,5,0.0,0.0,0,1,true
3090,9,5,0.0,0.0,0,10,true
3091,-7,5,0.0,0.0,0,3,true
3092,-2,5,0.0,0.0,0,1,true
3093,2,5,0.0,0.0,0,3,true
3094,0,5,0.0,0.0,0,3,true
3095,7,5,0.0,0.0,0,10,true
3096,-7,5,0.0,0.0,0,3,true
3097,7,5,0.0,0.0,0,10,true
3098,-8,5,0.0,0.0,0,2,true
3099,-1,5,0.0,0.0,0,1,true
3100,4,5,0.0,0.0,0,5,true
3101,3,5,0.0,0.0,0,8,true
3102,-6,5,0.0,0.0,0,2,true
3103,7,5,0.0,0.0,0,9,true
3104,0,5,0.0,0.0,0,9,true
3105,-6,5,0.0,0.0,0,3,true
3106,0,5,0.0,0.0,0,3,true
3107,2,5,0.0,0.0,0,5,true
3108,2,5,0.0,0.0,0,7,true
3109,0,5,0.0,0.0,0,7,true
3110,3,5,0.0,0.0,0,10,true
3111,-4,5,0.0,0.0,0,6,true
3112,1,5,0.0,0.0,0,7,true
3113,3,5,0.0,0.0,0,10,true
3114,-9,5,0.0,0.0,0,1,true
3115,3,5,0.0,0.0,0,4,true
3116,2,5,0.0,0.0,0,6,true
3117,-4,5,0.0,0.0,0,2,true
3118,2,5,0.0,0.0,0,4,true
3119,-2,5,0.0,0.0,0,2,true
3120,4,5,0.0,0.0,0,6,true
3121,2,5,0.0,0.0,0,8,true
3122,-1,5,0.0,0.0,0,7,true
3123,-3,5,0.0,0.0,0,4,true
3124,6,5,0.0,0.0,0,10,true
3125,-1,5,0.0,0.0,0,9,true
3126,-3,5,0.0,0.0,0,6,true
3127,0,5,0.0,0.0,0,6,true
3128,3,4,0.0,0.0,0,9,true
3129,-6,5,0.0,0.0,0,3,true
3130,5,5,0.0,0.0,0,8,true
3131,-2,5,0.0,0.0,0,6,true
3132,0,5,0.0,0.0,0,6,true
3133,-1,5,0.0,0.0,0,5,true
3134,-4,5,0.0,0.0,0,1,true
3135,4,5,0.0,0.0,0,5,true
3136,2,5,0.0,0.0,0,7,true
3137,2,5,0.0,0.0,0,9,true
3138,0,5,0.0,0.0,0,9,true
3139,1,5,0.0,0.0,0,10,true
3140,-6,5,0.0,0.0,0,4,true
3141,3,5,0.0,0.0,0,7,true
3142,-1,5,0.0,0.0,0,6,true
3143,4,5,0.0,0.0,0,10,true
3144,-1,5,0.0,0.0,0,9,true
3145,-6,5,0.0,0.0,0,3,true
3146,5,5,0.0,0.0,0,8,true
3147,-3,5,0.0,0.0,0,5,true
3148,-4,5,0.0,0.0,0,1,true
3149,2,5,0.0,0.0,0,3,true
3150,1,5,0.0,0.0,0,4,true
3151,5,5,0.0,0.0,0,9,true
3152,-5,4,0.0,0.0,0,4,true
3153,-1,5,0.0,0.0,0,3,true
3154,6,5,0.0,0.0,0,9,true
3155,-8,4,0.0,0.0,0,1,true
3156,4,5,0.0,0.0,0,5,true
3157,2,5,0.0,0.0,0,7,true
3158,-3,5,0.0,0.0,0,4,true
3159,4,5,0.0,0.0,0,8,true
3160,-7,5,0.0,0.0,0,1,true
3161,7,5,0.0,0.0,0,8,true
3162,-7,5,0.0,0.0,0,1,true
3163,8,5,0.0,0.0,0,9,true
3164,-8,5,0.0,0.0,0,1,true
3165,0,5,0.0,0.0,0,1,true
3166,9,5,0.0,0.0,0,10,true
3167,-2,4,0.0,0.0,0,8,true
3168,-7,5,0.0,0.0,0,1,true
3169,2,5,0.0,0.0,0,3,true
3170,-2,5,0.0,0.0,0,1,true
3171,6,5,0.0,0.0,0,7,true
3172,-6,5,0.0,0.0,0,1,true
3173,5,5,0.0,0.0,0,6,true
3174,-2,5,0.0,0.0,0,4,true
3175,4,5,0.0,0.0,0,8,true
3176,-1,5,0.0,0.0,0,7,true
3177,3,5,0.0,0.0,0,10,true
3178,-4,5,0.0,0.0,0,6,true
3179,-1,5,0.0,0.0,0,5,true
3180,4,4,0.0,0.0,0,9,true
3181,-8,5,0.0,0.0,0,1,true
3182,4,5,0.0,0.0,0,5,true
3183,2,5,0.0,0.0,0,7,true
3184,-1,5,0.0,0.0,0,6,true
3185,1,5,0.0,0.0,0,7,true
3186,3,5,0.0,0.0,0,10,true
3187,-9,5,0.0,0.0,0,1,true
3188,3,5,0.0,0.0,0,4,true
3189,6,5,0.0,0.0,0,10,true
3190,-5,5,0.0,0.0,0,5,true
3191,-4,5,0.0,0.0,0,1,true
3192,3,5,0.0,0.0,0,4,true
3193,4,5,0.0,0.0,0,8,true
3194,0,5,0.0,0.0,0,8,true
3195,-1,5,0.0,0.0,0,7,true
3196,0,5,0.0,0.0,0,7,true
3197,0,5,0.0,0.0,0,7,true
3198,1,5,0.0,0.0,0,8,true
3199,2,5,0.0,0.0,0,10,true
3200,-8,5,0.0,0.0,0,2,true
3201,1,5,0.0,0.0,0,3,true
3202,-2,4,0.0,0.0,0,1,true
3203,8,5,0.0,0.0,0,9,true
3204,-3,4,0.0,0.0,0,6,true
3205,-1,3,0.0,0.0,0,5,true
3206,2,4,0.0,0.0,0,7,true
3207,-4,5,0.0,0.0,0,3,true
3208,5,4,0.0,0.0,0,8,true
3209,1,5,0.0,0.0,0,9,true
3210,-5,5,0.0,0.0,0,4,true
3211,5,5,0.0,0.0,0,9,true
3212,-4,5,0.0,0.0,0,5,true
3213,0,5,0.0,0.0,0,5,true
3214,1,5,0.0,0.0,0,6,true
3215,2,5,0.0,0.0,0,8,true
3216,0,5,0.0,0.0,0,8,true
3217,1,5,0.0,0.0,0,9,true
3218,-5,5,0.0,0.0,0,4,true
3219,5,5,0.0,0.0,0,9,true
3220,-3,5,0.0,0.0,0,6,true
3221,2,5,0.0,0.0,0,8,true
3222,-7,5,0.0,0.0,0,1,true
3223,4,5,0.0,0.0,0,5,true
3224,-3,5,0.0,0.0,0,2,true
3225,3,5,0.0,0.0,0,5,true
3226,0,5,0.0,0.0,0,5,true
3227,3,5,0.0,0.0,0,8,true
3228,-1,3,0.0,0.0,0,7,true
3229,0,5,0.0,0.0,0,7,true
3230,-4,5,0.0,0.0,0,3,true
3231,-1,5,0.0,0.0,0,2,true
3232,5,5,0.0,0.0,0,7,true
3233,-3,5,0.0,0.0,0,4,true
3234,6,5,0.0,0.0,0,10,true
3235,-8,5,0.0,0.0,0,2,true
3236,-1,5,0.0,0.0,0,1,true
3237,3,5,0.0,0.0,0,4,true
3238,3,5,0.0,0.0,0,7,true
3239,-3,5,0.0,0.0,0,4,true
3240,5,5,0.0,0.0,0,9,true
3241,-5,5,0.0,0.0,0,4,true
3242,0,5,0.0,0.0,0,4,true
3243,4,5,0.0,0.0,0,8,true
3244,-7,5,0.0,0.0,0,1,true
3245,0,5,0.0,0.0,0,1,true
3246,4,5,0.0,0.0,0,5,true
3247,3,5,0.0,0.0,0,8,true
3248,-4,5,0.0,0.0,0,4,true
3249,3,5,0.0,0.0,0,7,true
3250,-3,5,0.0,0.0,0,4,true
3251,0,5,0.0,0.0,0,4,true
3252,0,5,0.0,0.0,0,4,true
3253,5,5,0.0,0.0,0,9,true
3254,0,5,0.0,0.0,0,9,true
3255,-5,5,0.0,0.0,0,4,true
3256,2,5,0.0,0.0,0,6,true
3257,-5,5,0.0,0.0,0,1,true
3258,7,5,0.0,0.0,0,8,true
3259,2,5,0.0,0.0,0,10,true
3260,-7,5,0.0,0.0,0,3,true
3261,2,5,0.0,0.0,0,5,true
3262,2,5,0.0,0.0,0,7,true
3263,-3,5,0.0,0.0,0,4,true
3264,5,4,0.0,0.0,0,9,true
3265,0,5,0.0,0.0,0,9,true
3266,-1,5,0.0,0.0,0,8,true
3267,-5,4,0.0,0.0,0,3,true
3268,-1,5,0.0,0.0,0,2,true
3269,8,5,0.0,0.0,0,10,true
3270,-1,4,0.0,0.0,0,9,true
3271,-5,5,0.0,0.0,0,4,true
3272,5,5,0.0,0.0,0,9,true
3273,-7,4,0.0,0.0,0,2,true
3274,4,5,0.0,0.0,0,6,true
3275,-2,5,0.0,0.0,0,4,true
3276,2,5,0.0,0.0,0,6,true
3277,1,5,0.0,0.0,0,7,true
3278,2,5,0.0,0.0,0,9,true
3279,-1,5,0.0,0.0,0,8,true
3280,1,5,0.0,0.0,0,9,true
3281,-5,4,0.0,0.0,0,4,true
3282,3,4,0.0,0.0,0,7,true
3283,2,5,0.0,0.0,0,9,true
3284,-2,5,0.0,0.0,0,7,true
3285,-2,5,0.0,0.0,0,5,true
3286,-1,5,0.0,0.0,0,4,true
3287,-2,5,0.0,0.0,0,2,true
3288,6,5,0.0,0.0,0,8,true
3289,-7,5,0.0,0.0,0,1,true
3290,0,4,0.0,0.0,0,1,true
3291,2,5,0.0,0.0,0,3,true
3292,4,5,0.0,0.0,0,7,true
3293,-5,5,0.0,0.0,0,2,true
3294,-1,5,0.0,0.0,0,1,true
3295,6,5,0.0,0.0,0,7,true
3296,3,5,0.0,0.0,0,10,true
3297,-8,5,0.0,0.0,0,2,true
3298,6,5,0.0,0.0,0,8,true
3299,-3,5,0.0,0.0,0,5,true
3300,-3,5,0.0,0.0,0,2,true
3301,8,5,0.0,0.0,0,10,true
3302,-6,5,0.0,0.0,0,4,true
3303,5,5,0.0,0.0,0,9,true
3304,-7,5,0.0,0.0,0,2,true
3305,6,5,0.0,0.0,0,8,true
3306,-7,4,0.0,0.0,0,1,true
3307,8,5,0.0,0.0,0,9,true
3308,-6,5,0.0,0.0,0,3,true
3309,4,5,0.0,0.0,0,7,true
3310,-5,5,0.0,0.0,0,2,true
3311,0,5,0.0,0.0,0,2,true
3312,5,5,0.0,0.0,0,7,true
3313,-3,5,0.0,0.0,0,4,true
3314,-3,5,0.0,0.0,0,1,true
3315,2,5,0.0,0.0,0,3,true
3316,4,4,0.0,0.0,0,7,true
3317,2,5,0.0,0.0,0,9,true
3318,-6,5,0.0,0.0,0,3,true
3319,-2,5,0.0,0.0,0,1,true
3320,1,5,0.0,0.0,0,2,true
3321,5,5,0.0,0.0,0,7,true
3322,2,5,0.0,0.0,0,9,true
3323,-3,5,0.0,0.0,0,6,true
3324,0,5,0.0,0.0,0,6,true
3325,0,5,0.0,0.0,0,6,true
3326,-5,5,0.0,0.0,0,1,true
3327,4,5,0.0,0.0,0,5,true
3328,2,5,0.0,0.0,0,7,true
3329,1,5,0.0,0.0,0,8,true
3330,-1,5,0.0,0.0,0,7,true
3331,-5,5,0.0,0.0,0,2,true
3332,7,5,0.0,0.0,0,9,true
3333,-2,5,0.0,0.0,0,7,true
3334,-4,4,0.0,0.0,0,3,true
3335,0,5,0.0,0.0,0,3,true
3336,0,5,0.0,0.0,0,3,true
3337,6,5,0.0,0.0,0,9,true
3338,-5,5,0.0,0.0,0,4,true
3339,-3,5,0.0,0.0,0,1,true
3340,7,5,0.0,0.0,0,8,true
3341,-7,5,0.0,0.0,0,1,true
3342,3,5,0.0,0.0,0,4,true
3343,-1,5,0.0,0.0,0,3,true
3344,4,5,0.0,0.0,0,7,true
3345,2,5,0.0,0.0,0,9,true
3346,0,5,0.0,0.0,0,9,true
3347,0,5,0.0,0.0,0,9,true
3348,0,5,0.0,0.0,0,9,true
3349,-1,5,0.0,0.0,0,8,true
3350,-7,5,0.0,0.0,0,1,true
3351,5,5,0.0,0.0,0,6,true
3352,3,5,0.0,0.0,0,9,true
3353,-1,5,0.0,0.0,0,8,true
3354,-6,5,0.0,0.0,0,2,true
3355,1,5,0.0,0.0,0,3,true
3356,4,5,0.0,0.0,0,7,true
3357,1,5,0.0,0.0,0,8,true
3358,-6,5,0.0,0.0,0,2,true
3359,0,5,0.0,0.0,0,2,true
3360,7,5,0.0,0.0,0,9,true
3361,-2,5,0.0,0.0,0,7,true
3362,2,5,0.0,0.0,0,9,true
3363,-4,5,0.0,0.0,0,5,true
3364,3,5,0.0,0.0,0,8,true
3365,-5,5,0.0,0.0,0,3,true
3366,-2,5,0.0,0.0,0,1,true
3367,2,5,0.0,0.0,0,3,true
3368,6,5,0.0,0.0,0,9,true
3369,-7,5,0.0,0.0,0,2,true
3370,1,5,0.0,0.0,0,3,true
3371,6,5,0.0,0.0,0,9,true
3372,-2,5,0.0,0.0,0,7,true
3373,-6,5,0.0,0.0,0,1,true
3374,7,5,0.0,0.0,0,8,true
3375,0,5,0.0,0.0,0,8,true
3376,-3,5,0.0,0.0,0,5,true
3377,-2,5,0.0,0.0,0,3,true
3378,7,5,0.0,0.0,0,10,true
3379,-6,4,0.0,0.0,0,4,true
3380,-2,5,0.0,0.0,0,2,true
3381,0,5,0.0,0.0,0,2,true
3382,7,5,0.0,0.0,0,9,true
3383,-1,5,0.0,0.0,0,8,true
3384,-5,5,0.0,0.0,0,3,true
3385,4,5,0.0,0.0,0,7,true
3386,3,5,0.0,0.0,0,10,true
3387,-5,5,0.0,0.0,0,5,true
3388,3,5,0.0,0.0,0,8,true
3389,-1,5,0.0,0.0,0,7,true
3390,0,5,0.0,0.0,0,7,true
3391,-4,5,0.0,0.0,0,3,true
3392,1,5,0.0,0.0,0,4,true
3393,-2,5,0.0,0.0,0,2,true
3394,-1,5,0.0,0.0,0,1,true
3395,3,5,0.0,0.0,0,4,true
3396,2,5,0.0,0.0,0,6,true
3397,-4,5,0.0,0.0,0,2,true
3398,5,5,0.0,0.0,0,7,true
3399,0,5,0.0,0.0,0,7,true
3400,-1,5,0.0,0.0,0,6,true
3401,-4,5,0.0,0.0,0,2,true
3402,6,5,0.0,0.0,0,8,true
3403,-6,5,0.0,0.0,0,2,true
3404,0,5,0.0,0.0,0,2,true
3405,8,5,0.0,0.0,0,10,true
3406,-8,5,0.0,0.0,0,2,true
3407,4,5,0.0,0.0,0,6,true
3408,-1,5,0.0,0.0,0,5,true
3409,2,5,0.0,0.0,0,7,true
3410,-5,5,0.0,0.0,0,2,true
3411,5,4,0.0,0.0,0,7,true
3412,-6,5,0.0,0.0,0,1,true
3413,5,5,0.0,0.0,0,6,true
3414,-4,5,0.0,0.0,0,2,true
3415,7,5,0.0,0.0,0,9,true
3416,-2,5,0.0,0.0,0,7,true
3417,-5,5,0.0,0.0,0,2,true
3418,4,5,0.0,0.0,0,6,true
3419,4,5,0.0,0.0,0,10,true
3420,-1,5,0.0,0.0,0,9,true
3421,-2,5,0.0,0.0,0,7,true
3422,-5,4,0.0,0.0,0,2,true
3423,5,5,0.0,0.0,0,7,true
3424,-1,5,0.0,0.0,0,6,true
3425,-5,5,0.0,0.0,0,1,true
3426,3,5,0.0,0.0,0,4,true
3427,2,5,0.0,0.0,0,6,true
3428,1,5,0.0,0.0,0,7,true
3429,-6,5,0.0,0.0,0,1,true
3430,0,5,0.0,0.0,0,1,true
3431,2,5,0.0,0.0,0,3,true
3432,5,5,0.0,0.0,0,8,true
3433,1,5,0.0,0.0,0,9,true
3434,-4,4,0.0,0.0,0,5,true
3435,3,5,0.0,0.0,0,8,true
3436,-6,5,0.0,0.0,0,2,true
3437,3,5,0.0,0.0,0,5,true
3438,3,5,0.0,0.0,0,8,true
3439,-7,5,0.0,0.0,0,1,true
3440,1,5,0.0,0.0,0,2,true
3441,-1,5,0.0,0.0,0,1,true
3442,3,5,0.0,0.0,0,4,true
3443,2,5,0.0,0.0,0,6,true
3444,1,5,0.0,0.0,0,7,true
3445,3,5,0.0,0.0,0,10,true
3446,-5,5,0.0,0.0,0,5,true
3447,5,5,0.0,0.0,0,10,true
3448,0,4,0.0,0.0,0,10,true
3449,-5,5,0.0,0.0,0,5,true
3450,-1,5,0.0,0.0,0,4,true
3451,5,5,0.0,0.0,0,9,true
3452,-6,5,0.0,0.0,0,3,true
3453,5,5,0.0,0.0,0,8,true
3454,-4,5,0.0,0.0,0,4,true
3455,-2,5,0.0,0.0,0,2,true
3456,8,5,0.0,0.0,0,10,true
3457,-1,5,0.0,0.0,0,9,true
3458,1,5,0.0,0.0,0,10,true
3459,-2,5,0.0,0.0,0,8,true
3460,-3,5,0.0,0.0,0,5,true
3461,-1,5,0.0,0.0,0,4,true
3462,3,5,0.0,0.0,0,7,true
3463,3,5,0.0,0.0,0,10,true
3464,-4,5,0.0,0.0,0,6,true
3465,3,5,0.0,0.0,0,9,true
3466,1,5,0.0,0.0,0,10,true
3467,-9,5,0.0,0.0,0,1,true
3468,0,5,0.0,0.0,0,1,true
3469,6,5,0.0,0.0,0,7,true
3470,-2,5,0.0,0.0,0,5,true
3471,1,5,0.0,0.0,0,6,true
3472,-4,5,0.0,0.0,0,2,true
3473,8,5,0.0,0.0,0,10,true
3474,-3,5,0.0,0.0,0,7,true
3475,-6,4,0.0,0.0,0,1,true
3476,0,5,0.0,0.0,0,1,true
3477,7,3,0.0,0.0,0,8,true
3478,-6,5,0.0,0.0,0,2,true
3479,6,5,0.0,0.0,0,8,true
3480,0,4,0.0,0.0,0,8,true
3481,-3,5,0.0,0.0,0,5,true
3482,-3,5,0.0,0.0,0,2,true
3483,4,5,0.0,0.0,0,6,true
3484,-2,5,0.0,0.0,0,4,true
3485,2,5,0.0,0.0,0,6,true
3486,2,5,0.0,0.0,0,8,true
3487,-5,5,0.0,0.0,0,3,true
3488,-2,5,0.0,0.0,0,1,true
3489,4,5,0.0,0.0,0,5,true
3490,-4,5,0.0,0.0,0,1,true
3491,8,5,0.0,0.0,0,9,true
3492,1,5,0.0,0.0,0,10,true
3493,-3,5,0.0,0.0,0,7,true
3494,-6,5,0.0,0.0,0,1,true
3495,9,5,0.0,0.0,0,10,true
3496,-6,5,0.0,0.0,0,4,true
3497,-2,5,0.0,0.0,0,2,true
3498,1,5,0.0,0.0,0,3,true
3499,1,4,0.0,0.0,0,4,true
3500,4,5,0.0,0.0,0,8,true
3501,1,5,0.0,0.0,0,9,true
3502,1,5,0.0,0.0,0,10,true
3503,-9,5,0.0,0.0,0,1,true
3504,7,5,0.0,0.0,0,8,true
3505,-6,5,0.0,0.0,0,2,true
3506,6,5,0.0,0.0,0,8,true
3507,-3,5,0.0,0.0,0,5,true
3508,5,5,0.0,0.0,0,10,true
3509,-9,5,0.0,0.0,0,1,true
3510,2,5,0.0,0.0,0,3,true
3511,5,5,0.0,0.0,0,8,true
3512,-6,5,0.0,0.0,0,2,true
3513,0,5,0.0,0.0,0,2,true
3514,4,5,0.0,0.0,0,6,true
3515,2,5,0.0,0.0,0,8,true
3516,-7,5,0.0,0.0,0,1,true
3517,5,5,0.0,0.0,0,6,true
3518,-3,5,0.0,0.0,0,3,true
3519,4,5,0.0,0.0,0,7,true
3520,3,5,0.0,0.0,0,10,true
3521,-7,5,0.0,0.0,0,3,true
3522,4,5,0.0,0.0,0,7,true
3523,3,4,0.0,0.0,0,10,true
3524,0,5,0.0,0.0,0,10,true
3525,-9,5,0.0,0.0,0,1,true
3526,1,5,0.0,0.0,0,2,true
3527,5,5,0.0,0.0,0,7,true
3528,-4,5,0.0,0.0,0,3,true
3529,4,5,0.0,0.0,0,7,true
3530,3,5,0.0,0.0,0,10,true
3531,-2,5,0.0,0.0,0,8,true
3532,-5,5,0.0,0.0,0,3,true
3533,5,5,0.0,0.0,0,8,true
3534,-5,5,0.0,0.0,0,3,true
3535,5,5,0.0,0.0,0,8,true
3536,-6,5,0.0,0.0,0,2,true
3537,5,5,0.0,0.0,0,7,true
3538,2,5,0.0,0.0,0,9,true
3539,1,5,0.0,0.0,0,10,true
3540,-6,5,0.0,0.0,0,4,true
3541,-1,5,0.0,0.0,0,3,true
3542,5,5,0.0,0.0,0,8,true
3543,0,4,0.0,0.0,0,8,true
3544,-5,5,0.0,0.0,0,3,true
3545,7,5,0.0,0.0,0,10,true
3546,-5,4,0.0,0.0,0,5,true
3547,-4,5,0.0,0.0,0,1,true
3548,2,4,0.0,0.0,0,3,true
3549,-1,5,0.0,0.0,0,2,true
3550,5,5,0.0,0.0,0,7,true
3551,-5,5,0.0,0.0,0,2,true
3552,4,5,0.0,0.0,0,6,true
3553,0,5,0.0,0.0,0,6,true
3554,2,5,0.0,0.0,0,8,true
3555,-7,5,0.0,0.0,0,1,true
3556,9,5,0.0,0.0,0,10,true
3557,-9,5,0.0,0.0,0,1,true
3558,6,5,0.0,0.0,0,7,true
3559,-5,5,0.0,0.0,0,2,true
3560,8,5,0.0,0.0,0,10,true
3561,-2,5,0.0,0.0,0,8,true
3562,-5,5,0.0,0.0,0,3,true
3563,1,5,0.0,0.0,0,4,true
3564,1,5,0.0,0.0,0,5,true
3565,-3,5,0.0,0.0,0,2,true
3566,6,5,0.0,0.0,0,8,true
3567,1,5,0.0,0.0,0,9,true
3568,-7,5,0.0,0.0,0,2,true
3569,0,4,0.0,0.0,0,2,true
3570,6,5,0.0,0.0,0,8,true
3571,-2,5,0.0,0.0,0,6,true
3572,3,5,0.0,0.0,0,9,true
3573,-8,5,0.0,0.0,0,1,true
3574,6,5,0.0,0.0,0,7,true
3575,2,5,0.0,0.0,0,9,true
3576,-8,5,0.0,0.0,0,1,true
3577,3,5,0.0,0.0,0,4,true
3578,0,5,0.0,0.0,0,4,true
3579,-2,5,0.0,0.0,0,2,true
3580,5,5,0.0,0.0,0,7,true
3581,1,5,0.0,0.0,0,8,true
3582,-3,5,0.0,0.0,0,5,true
3583,3,5,0.0,0.0,0,8,true
3584,-5,5,0.0,0.0,0,3,true
3585,6,4,0.0,0.0,0,9,true
3586,-6,5,0.0,0.0,0,3,true
3587,6,5,0.0,0.0,0,9,true
3588,-5,5,0.0,0.0,0,4,true
3589,0,5,0.0,0.0,0,4,true
3590,-3,5,0.0,0.0,0,1,true
3591,7,5,0.0,0.0,0,8,true
3592,-2,5,0.0,0.0,0,6,true
3593,3,5,0.0,0.0,0,9,true
3594,-7,5,0.0,0.0,0,2,true
3595,5,4,0.0,0.0,0,7,true
3596,3,5,0.0,0.0,0,10,true
3597,-5,5,0.0,0.0,0,5,true
3598,-3,5,0.0,0.0,0,2,true
3599,2,5,0.0,0.0,0,4,true
3600,-1,5,0.0,0.0,0,3,true
3601,1,5,0.0,0.0,0,4,true
3602,1,5,0.0,0.0,0,5,true
3603,-3,5,0.0,0.0,0,2,true
3604,5,5,0.0,0.0,0,7,true
3605,2,5,0.0,0.0,0,9,true
3606,0,5,0.0,0.0,0,9,true
3607,-1,5,0.0,0.0,0,8,true
3608,-2,5,0.0,0.0,0,6,true
3609,3,5,0.0,0.0,0,9,true
3610,1,5,0.0,0.0,0,10,true
3611,-5,5,0.0,0.0,0,5,true
3612,3,5,0.0,0.0,0,8,true
3613,-7,5,0.0,0.0,0,1,true
3614,4,5,0.0,0.0,0,5,true
3615,5,5,0.0,0.0,0,10,true
3616,-7,5,0.0,0.0,0,3,true
3617,1,5,0.0,0.0,0,4,true
3618,-1,5,0.0,0.0,0,3,true
3619,6,5,0.0,0.0,0,9,true
3620,-3,5,0.0,0.0,0,6,true
3621,1,5,0.0,0.0,0,7,true
3622,-1,5,0.0,0.0,0,6,true
3623,-5,5,0.0,0.0,0,1,true
3624,0,5,0.0,0.0,0,1,true
3625,9,4,0.0,0.0,0,10,true
3626,-7,4,0.0,0.0,0,3,true
3627,6,5,0.0,0.0,0,9,true
3628,-2,5,0.0,0.0,0,7,true
3629,-3,5,0.0,0.0,0,4,true
3630,2,5,0.0,0.0,0,6,true
3631,4,4,0.0,0.0,0,10,true
3632,-7,5,0.0,0.0,0,3,true
3633,2,5,0.0,0.0,0,5,true
3634,4,5,0.0,0.0,0,9,true
3635,-1,5,0.0,0.0,0,8,true
3636,-2,5,0.0,0.0,0,6,true
3637,4,5,0.0,0.0,0,10,true
3638,-6,5,0.0,0.0,0,4,true
3639,-2,4,0.0,0.0,0,2,true
3640,6,5,0.0,0.0,0,8,true
3641,-6,4,0.0,0.0,0,2,true
3642,0,5,0.0,0.0,0,2,true
3643,-1,5,0.0,0.0,0,1,true
3644,6,5,0.0,0.0,0,7,true
3645,-2,5,0.0,0.0,0,5,true
3646,0,5,0.0,0.0,0,5,true
3647,-3,5,0.0,0.0,0,2,true
3648,-1,5,0.0,0.0,0,1,true
3649,2,4,0.0,0.0,0,3,true
3650,1,5,0.0,0.0,0,4,true
3651,-1,5,0.0,0.0,0,3,true
3652,7,5,0.0,0.0,0,10,true
3653,-4,5,0.0,0.0,0,6,true
3654,0,5,0.0,0.0,0,6,true
3655,0,5,0.0,0.0,0,6,true
3656,0,4,0.0,0.0,0,6,true
3657,3,5,0.0,0.0,0,9,true
3658,-4,5,0.0,0.0,0,5,true
3659,-3,5,0.0,0.0,0,2,true
3660,3,5,0.0,0.0,0,5,true
3661,4,5,0.0,0.0,0,9,true
3662,-8,5,0.0,0.0,0,1,true
3663,6,5,0.0,0.0,0,7,true
3664,3,5,0.0,0.0,0,10,true
3665,0,5,0.0,0.0,0,10,true
3666,-1,5,0.0,0.0,0,9,true
3667,-7,5,0.0,0.0,0,2,true
3668,-1,5,0.0,0.0,0,1,true
3669,5,4,0.0,0.0,0,6,true
3670,-2,5,0.0,0.0,0,4,true
3671,-1,5,0.0,0.0,0,3,true
3672,6,5,0.0,0.0,0,9,true
3673,-2,5,0.0,0.0,0,7,true
3674,3,5,0.0,0.0,0,10,true
3675,-8,5,0.0,0.0,0,2,true
3676,8,5,0.0,0.0,0,10,true
3677,0,5,0.0,0.0,0,10,true
3678,-8,5,0.0,0.0,0,2,true
3679,3,5,0.0,0.0,0,5,true
3680,3,5,0.0,0.0,0,8,true
3681,2,4,0.0,0.0,0,10,true
3682,-9,4,0.0,0.0,0,1,true
3683,8,5,0.0,0.0,0,9,true
3684,-5,5,0.0,0.0,0,4,true
3685,3,5,0.0,0.0,0,7,true
3686,-1,5,0.0,0.0,0,6,true
3687,2,5,0.0,0.0,0,8,true
3688,0,5,0.0,0.0,0,8,true
3689,-7,5,0.0,0.0,0,1,true
3690,2,4,0.0,0.0,0,3,true
3691,-1,5,0.0,0.0,0,2,true
3692,1,5,0.0,0.0,0,3,true
3693,7,5,0.0,0.0,0,10,true
3694,-7,5,0.0,0.0,0,3,true
3695,-1,5,0.0,0.0,0,2,true
3696,2,5,0.0,0.0,0,4,true
3697,3,5,0.0,0.0,0,7,true
3698,0,5,0.0,0.0,0,7,true
3699,-1,5,0.0,0.0,0,6,true
3700,3,5,0.0,0.0,0,9,true
3701,1,5,0.0,0.0,0,10,true
3702,-5,5,0.0,0.0,0,5,true
3703,-3,5,0.0,0.0,0,2,true
3704,1,4,0.0,0.0,0,3,true
3705,6,5,0.0,0.0,0,9,true
3706,-1,5,0.0,0.0,0,8,true
3707,-6,5,0.0,0.0,0,2,true
3708,2,5,0.0,0.0,0,4,true
3709,-2,5,0.0,0.0,0,2,true
3710,8,4,0.0,0.0,0,10,true
3711,-5,5,0.0,0.0,0,5,true
3712,4,5,0.0,0.0,0,9,true
3713,-1,5,0.0,0.0,0,8,true
3714,-4,5,0.0,0.0,0,4,true
3715,0,5,0.0,0.0,0,4,true
3716,4,5,0.0,0.0,0,8,true
3717,-2,5,0.0,0.0,0,6,true
3718,-3,5,0.0,0.0,0,3,true
3719,7,5,0.0,0.0,0,10,true
3720,-9,5,0.0,0.0,0,1,true
3721,9,5,0.0,0.0,0,10,true
3722,0,5,0.0,0.0,0,10,true
3723,0,5,0.0,0.0,0,10,true
3724,-7,4,0.0,0.0,0,3,true
3725,1,5,0.0,0.0,0,4,true
3726,2,5,0.0,0.0,0,6,true
3727,-1,5,0.0,0.0,0,5,true
3728,-2,5,0.0,0.0,0,3,true
3729,1,5,0.0,0.0,0,4,true
3730,5,5,0.0,0.0,0,9,true
3731,1,5,0.0,0.0,0,10,true
3732,-5,5,0.0,0.0,0,5,true
3733,-1,5,0.0,0.0,0,4,true
3734,2,5,0.0,0.0,0,6,true
3735,-2,5,0.0,0.0,0,4,true
3736,-1,5,0.0,0.0,0,3,true
3737,-1,5,0.0,0.0,0,2,true
3738,6,5,0.0,0.0,0,8,true
3739,-5,5,0.0,0.0,0,3,true
3740,3,5,0.0,0.0,0,6,true
3741,-4,5,0.0,0.0,0,2,true
3742,6,5,0.0,0.0,0,8,true
3743,0,5,0.0,0.0,0,8,true
3744,-2,5,0.0,0.0,0,6,true
3745,-4,5,0.0,0.0,0,2,true
3746,4,5,0.0,0.0,0,6,true
3747,1,4,0.0,0.0,0,7,true
3748,-4,5,0.0,0.0,0,3,true
3749,-1,5,0.0,0.0,0,2,true
3750,1,5,0.0,0.0,0,3,true
3751,1,5,0.0,0.0,0,4,true
3752,2,5,0.0,0.0,0,6,true
3753,-3,5,0.0,0.0,0,3,true
3754,2,4,0.0,0.0,0,5,true
3755,3,5,0.0,0.0,0,8,true
3756,-4,5,0.0,0.0,0,4,true
3757,-1,5,0.0,0.0,0,3,true
3758,1,5,0.0,0.0,0,4,true
3759,3,5,0.0,0.0,0,7,true
3760,2,5,0.0,0.0,0,9,true
3761,-6,5,0.0,0.0,0,3,true
3762,4,5,0.0,0.0,0,7,true
3763,-4,5,0.0,0.0,0,3,true
3764,-1,5,0.0,0.0,0,2,true
3765,5,4,0.0,0.0,0,7,true
3766,2,5,0.0,0.0,0,9,true
3767,1,5,0.0,0.0,0,10,true
3768,-1,5,0.0,0.0,0,9,true
3769,-5,5,0.0,0.0,0,4,true
3770,4,5,0.0,0.0,0,8,true
3771,1,5,0.0,0.0,0,9,true
3772,1,5,0.0,0.0,0,10,true
3773,-4,5,0.0,0.0,0,6,true
3774,1,5,0.0,0.0,0,7,true
3775,3,5,0.0,0.0,0,10,true
3776,-7,5,0.0,0.0,0,3,true
3777,2,5,0.0,0.0,0,5,true
3778,0,5,0.0,0.0,0,5,true
3779,-4,5,0.0,0.0,0,1,true
3780,6,5,0.0,0.0,0,7,true
3781,3,5,0.0,0.0,0,10,true
3782,0,5,0.0,0.0,0,10,true
3783,0,5,0.0,0.0,0,10,true
3784,-7,5,0.0,0.0,0,3,true
3785,1,5,0.0,0.0,0,4,true
3786,-3,5,0.0,0.0,0,1,true
3787,8,5,0.0,0.0,0,9,true
3788,-2,5,0.0,0.0,0,7,true
3789,-2,5,0.0,0.0,0,5,true
3790,2,5,0.0,0.0,0,7,true
3791,-2,5,0.0,0.0,0,5,true
3792,5,5,0.0,0.0,0,10,true
3793,-3,5,0.0,0.0,0,7,true
3794,2,5,0.0,0.0,0,9,true
3795,-2,3,0.0,0.0,0,7,true
3796,0,5,0.0,0.0,0,7,true
3797,1,5,0.0,0.0,0,8,true
3798,-2,5,0.0,0.0,0,6,true
3799,-5,5,0.0,0.0,0,1,true
3800,2,5,0.0,0.0,0,3,true
3801,2,5,0.0,0.0,0,5,true
3802,-3,5,0.0,0.0,0,2,true
3803,2,5,0.0,0.0,0,4,true
3804,0,5,0.0,0.0,0,4,true
3805,1,5,0.0,0.0,0,5,true
3806,5,5,0.0,0.0,0,10,true
3807,-6,5,0.0,0.0,0,4,true
3808,-2,5,0.0,0.0,0,2,true
3809,5,5,0.0,0.0,0,7,true
3810,3,5,0.0,0.0,0,10,true
3811,-8,5,0.0,0.0,0,2,true
3812,5,5,0.0,0.0,0,7,true
3813,-6,5,0.0,0.0,0,1,true
3814,9,5,0.0,0.0,0,10,true
3815,-5,5,0.0,0.0,0,5,true
3816,2,4,0.0,0.0,0,7,true
3817,-6,5,0.0,0.0,0,1,true
3818,4,5,0.0,0.0,0,5,true
3819,4,5,0.0,0.0,0,9,true
3820,0,5,0.0,0.0,0,9,true
3821,0,5,0.0,0.0,0,9,true
3822,-3,5,0.0,0.0,0,6,true
3823,4,5,0.0,0.0,0,10,true
3824,-5,5,0.0,0.0,0,5,true
3825,2,5,0.0,0.0,0,7,true
3826,-3,3,0.0,0.0,0,4,true
3827,-1,4,0.0,0.0,0,3,true
3828,5,5,0.0,0.0,0,8,true
3829,2,5,0.0,0.0,0,10,true
3830,-1,5,0.0,0.0,0,9,true
3831,-1,5,0.0,0.0,0,8,true
3832,-3,5,0.0,0.0,0,5,true
3833,2,5,0.0,0.0,0,7,true
3834,-1,5,0.0,0.0,0,6,true
3835,1,5,0.0,0.0,0,7,true
3836,-2,5,0.0,0.0,0,5,true
3837,5,5,0.0,0.0,0,10,true
3838,0,5,0.0,0.0,0,10,true
3839,0,5,0.0,0.0,0,10,true
3840,-8,5,0.0,0.0,0,2,true
3841,1,5,0.0,0.0,0,3,true
3842,2,5,0.0,0.0,0,5,true
3843,-3,5,0.0,0.0,0,2,true
3844,8,5,0.0,0.0,0,10,true
3845,-9,4,0.0,0.0,0,1,true
3846,0,5,0.0,0.0,0,1,true
3847,1,5,0.0,0.0,0,2,true
3848,6,5,0.0,0.0,0,8,true
3849,-1,5,0.0,0.0,0,7,true
3850,0,5,0.0,0.0,0,7,true
3851,0,5,0.0,0.0,0,7,true
3852,3,5,0.0,0.0,0,10,true
3853,-7,5,0.0,0.0,0,3,true
3854,3,5,0.0,0.0,0,6,true
3855,0,5,0.0,0.0,0,6,true
3856,-3,5,0.0,0.0,0,3,true
3857,4,5,0.0,0.0,0,7,true
3858,-6,5,0.0,0.0,0,1,true
3859,8,5,0.0,0.0,0,9,true
3860,-1,5,0.0,0.0,0,8,true
3861,2,5,0.0,0.0,0,10,true
3862,-2,5,0.0,0.0,0,8,true
3863,-6,5,0.0,0.0,0,2,true
3864,0,5,0.0,0.0,0,2,true
3865,-1,5,0.0,0.0,0,1,true
3866,4,4,0.0,0.0,0,5,true
3867,0,5,0.0,0.0,0,5,true
3868,0,5,0.0,0.0,0,5,true
3869,5,5,0.0,0.0,0,10,true
3870,-9,4,0.0,0.0,0,1,true
3871,9,5,0.0,0.0,0,10,true
3872,-5,5,0.0,0.0,0,5,true
3873,-2,5,0.0,0.0,0,3,true
3874,-1,5,0.0,0.0,0,2,true
3875,5,5,0.0,0.0,0,7,true
3876,-3,5,0.0,0.0,0,4,true
3877,0,5,0.0,0.0,0,4,true
3878,-3,5,0.0,0.0,0,1,true
3879,8,5,0.0,0.0,0,9,true
3880,-1,5,0.0,0.0,0,8,true
3881,-4,5,0.0,0.0,0,4,true
3882,-1,5,0.0,0.0,0,3,true
3883,6,5,0.0,0.0,0,9,true
3884,-1,5,0.0,0.0,0,8,true
3885,-7,5,0.0,0.0,0,1,true
3886,7,4,0.0,0.0,0,8,true
3887,-2,5,0.0,0.0,0,6,true
3888,0,5,0.0,0.0,0,6,true
3889,3,5,0.0,0.0,0,9,true
3890,-2,5,0.0,0.0,0,7,true
3891,-4,5,0.0,0.0,0,3,true
3892,7,5,0.0,0.0,0,10,true
3893,-6,5,0.0,0.0,0,4,true
3894,5,5,0.0,0.0,0,9,true
3895,-1,4,0.0,0.0,0,8,true
3896,-5,5,0.0,0.0,0,3,true
3897,1,5,0.0,0.0,0,4,true
3898,5,5,0.0,0.0,0,9,true
3899,-6,5,0.0,0.0,0,3,true
3900,5,5,0.0,0.0,0,8,true
3901,-3,5,0.0,0.0,0,5,true
3902,-2,5,0.0,0.0,0,3,true
3903,0,4,0.0,0.0,0,3,true
3904,6,5,0.0,0.0,0,9,true
3905,-2,5,0.0,0.0,0,7,true
3906,-5,5,0.0,0.0,0,2,true
3907,4,5,0.0,0.0,0,6,true
3908,-2,4,0.0,0.0,0,4,true
3909,-3,5,0.0,0.0,0,1,true
3910,1,5,0.0,0.0,0,2,true
3911,2,5,0.0,0.0,0,4,true
3912,5,5,0.0,0.0,0,9,true
3913,-7,5,0.0,0.0,0,2,true
3914,5,5,0.0,0.0,0,7,true
3915,-3,5,0.0,0.0,0,4,true
3916,-1,5,0.0,0.0,0,3,true
3917,3,5,0.0,0.0,0,6,true
3918,-3,4,0.0,0.0,0,3,true
3919,5,5,0.0,0.0,0,8,true
3920,-3,5,0.0,0.0,0,5,true
3921,-4,5,0.0,0.0,0,1,true
3922,5,5,0.0,0.0,0,6,true
3923,3,5,0.0,0.0,0,9,true
3924,-7,5,0.0,0.0,0,2,true
3925,-1,5,0.0,0.0,0,1,true
3926,5,5,0.0,0.0,0,6,true
3927,-2,5,0.0,0.0,0,4,true
3928,2,5,0.0,0.0,0,6,true
3929,0,5,0.0,0.0,0,6,true
3930,-3,5,0.0,0.0,0,3,true
3931,2,5,0.0,0.0,0,5,true
3932,5,3,0.0,0.0,0,10,true
3933,-2,5,0.0,0.0,0,8,true
3934,-6,5,0.0,0.0,0,2,true
3935,8,5,0.0,0.0,0,10,true
3936,-9,5,0.0,0.0,0,1,true
3937,1,5,0.0,0.0,0,2,true
3938,-1,5,0.0,0.0,0,1,true
3939,8,5,0.0,0.0,0,9,true
3940,1,5,0.0,0.0,0,10,true
3941,-8,5,0.0,0.0,0,2,true
3942,1,4,0.0,0.0,0,3,true
3943,4,5,0.0,0.0,0,7,true
3944,1,5,0.0,0.0,0,8,true
3945,-3,5,0.0,0.0,0,5,true
3946,3,5,0.0,0.0,0,8,true
3947,-1,5,0.0,0.0,0,7,true
3948,2,5,0.0,0.0,0,9,true
3949,0,5,0.0,0.0,0,9,true
3950,-8,5,0.0,0.0,0,1,true
3951,8,5,0.0,0.0,0,9,true
3952,-4,4,0.0,0.0,0,5,true
3953,-4,5,0.0,0.0,0,1,true
3954,6,5,0.0,0.0,0,7,true
3955,3,5,0.0,0.0,0,10,true
3956,-2,5,0.0,0.0,0,8,true
3957,-5,5,0.0,0.0,0,3,true
3958,1,5,0.0,0.0,0,4,true
3959,0,5,0.0,0.0,0,4,true
3960,5,5,0.0,0.0,0,9,true
3961,-6,5,0.0,0.0,0,3,true
3962,7,5,0.0,0.0,0,10,true
3963,-2,4,0.0,0.0,0,8,true
3964,-5,4,0.0,0.0,0,3,true
3965,6,5,0.0,0.0,0,9,true
3966,-2,5,0.0,0.0,0,7,true
3967,-5,5,0.0,0.0,0,2,true
3968,7,5,0.0,0.0,0,9,true
3969,-2,5,0.0,0.0,0,7,true
3970,1,4,0.0,0.0,0,8,true
3971,-3,5,0.0,0.0,0,5,true
3972,-1,5,0.0,0.0,0,4,true
3973,4,5,0.0,0.0,0,8,true
3974,1,5,0.0,0.0,0,9,true
3975,-8,5,0.0,0.0,0,1,true
3976,1,5,0.0,0.0,0,2,true
3977,-1,5,0.0,0.0,0,1,true
3978,6,5,0.0,0.0,0,7,true
3979,-1,5,0.0,0.0,0,6,true
3980,-5,5,0.0,0.0,0,1,true
3981,9,5,0.0,0.0,0,10,true
3982,-8,5,0.0,0.0,0,2,true
3983,7,5,0.0,0.0,0,9,true
3984,-2,5,0.0,0.0,0,7,true
3985,3,4,0.0,0.0,0,10,true
3986,-2,5,0.0,0.0,0,8,true
3987,0,4,0.0,0.0,0,8,true
3988,-5,5,0.0,0.0,0,3,true
3989,0,5,0.0,0.0,0,3,true
3990,7,5,0.0,0.0,0,10,true
3991,-4,5,0.0,0.0,0,6,true
3992,2,4,0.0,0.0,0,8,true
3993,1,5,0.0,0.0,0,9,true
3994,-8,5,0.0,0.0,0,1,true
3995,8,5,0.0,0.0,0,9,true
3996,-2,5,0.0,0.0,0,7,true
3997,-4,4,0.0,0.0,0,3,true
3998,6,5,0.0,0.0,0,9,true
3999,-1,5,0.0,0.0,0,8,true
4000,2,5,0.0,0.0,0,10,true
4001,-2,5,0.0,0.0,0,8,true
4002,-1,5,0.0,0.0,0,7,true
4003,-2,5,0.0,0.0,0,5,true
4004,-1,4,0.0,0.0,0,4,true
4005,0,5,0.0,0.0,0,4,true
4006,-2,5,0.0,0.0,0,2,true
4007,7,5,0.0,0.0,0,9,true
4008,-8,5,0.0,0.0,0,1,true
4009,3,5,0.0,0.0,0,4,true
4010,-1,5,0.0,0.0,0,3,true
4011,-1,5,0.0,0.0,0,2,true
4012,7,5,0.0,0.0,0,9,true
4013,-6,5,0.0,0.0,0,3,true
4014,2,5,0.0,0.0,0,5,true
4015,-2,5,0.0,0.0,0,3,true
4016,3,5,0.0,0.0,0,6,true
4017,-1,5,0.0,0.0,0,5,true
4018,1,5,0.0,0.0,0,6,true
4019,4,5,0.0,0.0,0,10,true
4020,-4,5,0.0,0.0,0,6,true
4021,-1,5,0.0,0.0,0,5,true
4022,2,5,0.0,0.0,0,7,true
4023,3,5,0.0,0.0,0,10,true
4024,0,5,0.0,0.0,0,10,true
4025,-7,5,0.0,0.0,0,3,true
4026,6,5,0.0,0.0,0,9,true
4027,0,5,0.0,0.0,0,9,true
4028,-8,5,0.0,0.0,0,1,true
4029,2,5,0.0,0.0,0,3,true
4030,2,4,0.0,0.0,0,5,true
4031,-3,5,0.0,0.0,0,2,true
4032,2,5,0.0,0.0,0,4,true
4033,5,5,0.0,0.0,0,9,true
4034,-2,5,0.0,0.0,0,7,true
4035,-6,5,0.0,0.0,0,1,true
4036,1,5,0.0,0.0,0,2,true
4037,8,5,0.0,0.0,0,10,true
4038,-3,4,0.0,0.0,0,7,true
4039,2,4,0.0,0.0,0,9,true
4040,-1,5,0.0,0.0,0,8,true
4041,-6,5,0.0,0.0,0,2,true
4042,2,5,0.0,0.0,0,4,true
4043,2,5,0.0,0.0,0,6,true
4044,4,5,0.0,0.0,0,10,true
4045,0,5,0.0,0.0,0,10,true
4046,-6,5,0.0,0.0,0,4,true
4047,4,5,0.0,0.0,0,8,true
4048,-6,5,0.0,0.0,0,2,true
4049,3,5,0.0,0.0,0,5,true
4050,4,5,0.0,0.0,0,9,true
4051,1,5,0.0,0.0,0,10,true
4052,-2,5,0.0,0.0,0,8,true
4053,1,5,0.0,0.0,0,9,true
4054,-4,5,0.0,0.0,0,5,true
4055,2,5,0.0,0.0,0,7,true
4056,-2,5,0.0,0.0,0,5,true
4057,-4,5,0.0,0.0,0,1,true
4058,6,5,0.0,0.0,0,7,true
4059,-3,5,0.0,0.0,0,4,true
4060,0,5,0.0,0.0,0,4,true
4061,1,5,0.0,0.0,0,5,true
4062,-3,5,0.0,0.0,0,2,true
4063,3,5,0.0,0.0,0,5,true
4064,3,5,0.0,0.0,0,8,true
4065,2,5,0.0,0.0,0,10,true
4066,-5,5,0.0,0.0,0,5,true
4067,4,5,0.0,0.0,0,9,true
4068,0,5,0.0,0.0,0,9,true
4069,-5,5,0.0,0.0,0,4,true
4070,1,5,0.0,0.0,0,5,true
4071,-4,5,0.0,0.0,0,1,true
4072,3,5,0.0,0.0,0,4,true
4073,4,5,0.0,0.0,0,8,true
4074,2,5,0.0,0.0,0,10,true
4075,-4,5,0.0,0.0,0,6,true
4076,4,5,0.0,0.0,0,10,true
4077,-9,5,0.0,0.0,0,1,true
4078,8,5,0.0,0.0,0,9,true
4079,0,5,0.0,0.0,0,9,true
4080,-6,5,0.0,0.0,0,3,true
4081,1,5,0.0,0.0,0,4,true
4082,5,5,0.0,0.0,0,9,true
4083,1,5,0.0,0.0,0,10,true
4084,-1,5,0.0,0.0,0,9,true
4085,-7,5,0.0,0.0,0,2,true
4086,4,5,0.0,0.0,0,6,true
4087,-1,5,0.0,0.0,0,5,true
4088,0,4,0.0,0.0,0,5,true
4089,-4,5,0.0,0.0,0,1,true
4090,6,5,0.0,0.0,0,7,true
4091,-6,5,0.0,0.0,0,1,true
4092,3,5,0.0,0.0,0,4,true
4093,3,5,0.0,0.0,0,7,true
4094,2,5,0.0,0.0,0,9,true
4095,0,5,0.0,0.0,0,9,true
4096,1,5,0.0,0.0,0,10,true
4097,-9,5,0.0,0.0,0,1,true
4098,9,5,0.0,0.0,0,10,true
4099,0,5,0.0,0.0,0,10,true
4100,-1,5,0.0,0.0,0,9,true
4101,-5,5,0.0,0.0,0,4,true
4102,4,4,0.0,0.0,0,8,true
4103,-4,5,0.0,0.0,0,4,true
4104,6,5,0.0,0.0,0,10,true
4105,0,5,0.0,0.0,0,10,true
4106,-2,5,0.0,0.0,0,8,true
4107,-6,5,0.0,0.0,0,2,true
4108,3,5,0.0,0.0,0,5,true
4109,1,5,0.0,0.0,0,6,true
4110,-5,5,0.0,0.0,0,1,true
4111,0,5,0.0,0.0,0,1,true
4112,5,5,0.0,0.0,0,6,true
4113,2,5,0.0,0.0,0,8,true
4114,-4,5,0.0,0.0,0,4,true
4115,-3,5,0.0,0.0,0,1,true
4116,0,5,0.0,0.0,0,1,true
4117,3,5,0.0,0.0,0,4,true
4118,0,5,0.0,0.0,0,4,true
4119,2,4,0.0,0.0,0,6,true
4120,-3,5,0.0,0.0,0,3,true
4121,3,5,0.0,0.0,0,6,true
4122,-1,5,0.0,0.0,0,5,true
4123,-2,5,0.0,0.0,0,3,true
4124,-1,5,0.0,0.0,0,2,true
4125,5,5,0.0,0.0,0,7,true
4126,1,5,0.0,0.0,0,8,true
4127,-4,5,0.0,0.0,0,4,true
4128,5,5,0.0,0.0,0,9,true
4129,-1,5,0.0,0.0,0,8,true
4130,-2,5,0.0,0.0,0,6,true
4131,-5,4,0.0,0.0,0,1,true
4132,5,4,0.0,0.0,0,6,true
4133,2,5,0.0,0.0,0,8,true
4134,-2,5,0.0,0.0,0,6,true
4135,0,5,0.0,0.0,0,6,true
4136,3,5,0.0,0.0,0,9,true
4137,-5,5,0.0,0.0,0,4,true
4138,4,5,0.0,0.0,0,8,true
4139,2,4,0.0,0.0,0,10,true
4140,-5,5,0.0,0.0,0,5,true
4141,-2,4,0.0,0.0,0,3,true
4142,7,5,0.0,0.0,0,10,true
4143,-4,5,0.0,0.0,0,6,true
4144,1,5,0.0,0.0,0,7,true
4145,3,5,0.0,0.0,0,10,true
4146,-6,5,0.0,0.0,0,4,true
4147,-2,5,0.0,0.0,0,2,true
4148,2,5,0.0,0.0,0,4,true
4149,6,5,0.0,0.0,0,10,true
4150,-6,5,0.0,0.0,0,4,true
4151,-2,5,0.0,0.0,0,2,true
4152,1,5,0.0,0.0,0,3,true
4153,4,5,0.0,0.0,0,7,true
4154,-3,5,0.0,0.0,0,4,true
4155,6,5,0.0,0.0,0,10,true
4156,-8,5,0.0,0.0,0,2,true
4157,0,5,0.0,0.0,0,2,true
4158,3,5,0.0,0.0,0,5,true
4159,-3,5,0.0,0.0,0,2,true
4160,6,4,0.0,0.0,0,8,true
4161,-2,5,0.0,0.0,0,6,true
4162,-2,4,0.0,0.0,0,4,true
4163,-3,5,0.0,0.0,0,1,true
4164,2,5,0.0,0.0,0,3,true
4165,-2,5,0.0,0.0,0,1,true
4166,8,5,0.0,0.0,0,9,true
4167,-5,5,0.0,0.0,0,4,true
4168,-2,5,0.0,0.0,0,2,true
4169,-1,5,0.0,0.0,0,1,true
4170,5,5,0.0,0.0,0,6,true
4171,-1,5,0.0,0.0,0,5,true
4172,1,5,0.0,0.0,0,6,true
4173,-1,5,0.0,0.0,0,5,true
4174,5,5,0.0,0.0,0,10,true
4175,-9,5,0.0,0.0,0,1,true
4176,3,5,0.0,0.0,0,4,true
4177,4,5,0.0,0.0,0,8,true
4178,-6,5,0.0,0.0,0,2,true
4179,-1,5,0.0,0.0,0,1,true
4180,1,5,0.0,0.0,0,2,true
4181,1,5,0.0,0.0,0,3,true
4182,3,5,0.0,0.0,0,6,true
4183,1,5,0.0,0.0,0,7,true
4184,2,5,0.0,0.0,0,9,true
4185,-6,5,0.0,0.0,0,3,true
4186,6,5,0.0,0.0,0,9,true
4187,0,5,0.0,0.0,0,9,true
4188,-7,5,0.0,0.0,0,2,true
4189,8,5,0.0,0.0,0,10,true
4190,0,5,0.0,0.0,0,10,true
4191,-7,5,0.0,0.0,0,3,true
4192,0,5,0.0,0.0,0,3,true
4193,3,5,0.0,0.0,0,6,true
4194,2,5,0.0,0.0,0,8,true
4195,-4,5,0.0,0.0,0,4,true
4196,6,5,0.0,0.0,0,10,true
4197,0,5,0.0,0.0,0,10,true
4198,-6,5,0.0,0.0,0,4,true
4199,4,3,0.0,0.0,0,8,true
4200,-4,5,0.0,0.0,0,4,true
4201,3,5,0.0,0.0,0,7,true
4202,2,4,0.0,0.0,0,9,true
4203,-6,5,0.0,0.0,0,3,true
4204,7,5,0.0,0.0,0,10,true
4205,0,5,0.0,0.0,0,10,true
4206,-6,5,0.0,0.0,0,4,true
4207,0,5,0.0,0.0,0,4,true
4208,0,5,0.0,0.0,0,4,true
4209,2,5,0.0,0.0,0,6,true
4210,1,5,0.0,0.0,0,7,true
4211,-3,5,0.0,0.0,0,4,true
4212,0,5,0.0,0.0,0,4,true
4213,6,5,0.0,0.0,0,10,true
4214,-3,5,0.0,0.0,0,7,true
4215,-4,4,0.0,0.0,0,3,true
4216,1,5,0.0,0.0,0,4,true
4217,-2,5,0.0,0.0,0,2,true
4218,4,5,0.0,0.0,0,6,true
4219,1,5,0.0,0.0,0,7,true
4220,1,5,0.0,0.0,0,8,true
4221,2,5,0.0,0.0,0,10,true
4222,-4,5,0.0,0.0,0,6,true
4223,4,5,0.0,0.0,0,10,true
4224,-6,5,0.0,0.0,0,4,true
4225,-1,4,0.0,0.0,0,3,true
4226,5,5,0.0,0.0,0,8,true
4227,2,5,0.0,0.0,0,10,true
4228,-7,5,0.0,0.0,0,3,true
4229,6,5,0.0,0.0,0,9,true
4230,-3,5,0.0,0.0,0,6,true
4231,3,5,0.0,0.0,0,9,true
4232,-8,5,0.0,0.0,0,1,true
4233,8,5,0.0,0.0,0,9,true
4234,-5,5,0.0,0.0,0,4,true
4235,6,5,0.0,0.0,0,10,true
4236,-2,5,0.0,0.0,0,8,true
4237,-3,5,0.0,0.0,0,5,true
4238,4,5,0.0,0.0,0,9,true
4239,0,5,0.0,0.0,0,9,true
4240,-3,5,0.0,0.0,0,6,true
4241,-4,5,0.0,0.0,0,2,true
4242,5,5,0.0,0.0,0,7,true
4243,1,5,0.0,0.0,0,8,true
4244,1,5,0.0,0.0,0,9,true
4245,-3,4,0.0,0.0,0,6,true
4246,-2,5,0.0,0.0,0,4,true
4247,1,5,0.0,0.0,0,5,true
4248,2,4,0.0,0.0,0,7,true
4249,1,5,0.0,0.0,0,8,true
4250,-7,5,0.0,0.0,0,1,true
4251,6,5,0.0,0.0,0,7,true
4252,-6,5,0.0,0.0,0,1,true
4253,5,5,0.0,0.0,0,6,true
4254,-3,5,0.0,0.0,0,3,true
4255,4,5,0.0,0.0,0,7,true
4256,1,5,0.0,0.0,0,8,true
4257,2,5,0.0,0.0,0,10,true
4258,-1,5,0.0,0.0,0,9,true
4259,-8,5,0.0,0.0,0,1,true
4260,3,5,0.0,0.0,0,4,true
4261,-2,4,0.0,0.0,0,2,true
4262,4,5,0.0,0.0,0,6,true
4263,2,5,0.0,0.0,0,8,true
4264,-1,4,0.0,0.0,0,7,true
4265,-4,5,0.0,0.0,0,3,true
4266,-1,5,0.0,0.0,0,2,true
4267,5,5,0.0,0.0,0,7,true
4268,-3,5,0.0,0.0,0,4,true
4269,5,5,0.0,0.0,0,9,true
4270,-8,5,0.0,0.0,0,1,true
4271,9,5,0.0,0.0,0,10,true
4272,-7,5,0.0,0.0,0,3,true
4273,1,5,0.0,0.0,0,4,true
4274,1,5,0.0,0.0,0,5,true
4275,-3,5,0.0,0.0,0,2,true
4276,8,5,0.0,0.0,0,10,true
4277,-5,5,0.0,0.0,0,5,true
4278,-3,5,0.0,0.0,0,2,true
4279,8,5,0.0,0.0,0,10,true
4280,-4,5,0.0,0.0,0,6,true
4281,1,5,0.0,0.0,0,7,true
4282,0,5,0.0,0.0,0,7,true
4283,-4,5,0.0,0.0,0,3,true
4284,-1,5,0.0,0.0,0,2,true
4285,5,5,0.0,0.0,0,7,true
4286,-6,5,0.0,0.0,0,1,true
4287,1,5,0.0,0.0,0,2,true
4288,5,5,0.0,0.0,0,7,true
4289,2,5,0.0,0.0,0,9,true
4290,1,5,0.0,0.0,0,10,true
4291,-9,5,0.0,0.0,0,1,true
4292,7,5,0.0,0.0,0,8,true
4293,-4,5,0.0,0.0,0,4,true
4294,-2,5,0.0,0.0,0,2,true
4295,4,5,0.0,0.0,0,6,true
4296,1,5,0.0,0.0,0,7,true
4297,-3,5,0.0,0.0,0,4,true
4298,2,5,0.0,0.0,0,6,true
4299,-1,4,0.0,0.0,0,5,true
4300,-1,5,0.0,0.0,0,4,true
4301,2,5,0.0,0.0,0,6,true
4302,-5,5,0.0,0.0,0,1,true
4303,7,5,0.0,0.0,0,8,true
4304,-7,5,0.0,0.0,0,1,true
4305,6,5,0.0,0.0,0,7,true
4306,-6,5,0.0,0.0,0,1,true
4307,2,5,0.0,0.0,0,3,true
4308,4,5,0.0,0.0,0,7,true
4309,0,5,0.0,0.0,0,7,true
4310,1,5,0.0,0.0,0,8,true
4311,-4,5,0.0,0.0,0,4,true
4312,3,5,0.0,0.0,0,7,true
4313,-2,5,0.0,0.0,0,5,true
4314,1,5,0.0,0.0,0,6,true
4315,-3,5,0.0,0.0,0,3,true
4316,4,5,0.0,0.0,0,7,true
4317,0,4,0.0,0.0,0,7,true
4318,-2,5,0.0,0.0,0,5,true
4319,1,5,0.0,0.0,0,6,true
4320,3,4,0.0,0.0,0,9,true
4321,-3,5,0.0,0.0,0,6,true
4322,4,5,0.0,0.0,0,10,true
4323,-9,5,0.0,0.0,0,1,true
4324,9,5,0.0,0.0,0,10,true
4325,-9,5,0.0,0.0,0,1,true
4326,4,5,0.0,0.0,0,5,true
4327,1,5,0.0,0.0,0,6,true
4328,2,5,0.0,0.0,0,8,true
4329,-5,5,0.0,0.0,0,3,true
4330,7,4,0.0,0.0,0,10,true
4331,-9,5,0.0,0.0,0,1,true
4332,9,5,0.0,0.0,0,10,true
4333,-8,5,0.0,0.0,0,2,true
4334,1,5,0.0,0.0,0,3,true
4335,-1,4,0.0,0.0,0,2,true
4336,1,5,0.0,0.0,0,3,true
4337,-1,5,0.0,0.0,0,2,true
4338,6,5,0.0,0.0,0,8,true
4339,-1,5,0.0,0.0,0,7,true
4340,-6,5,0.0,0.0,0,1,true
4341,6,5,0.0,0.0,0,7,true
4342,-5,5,0.0,0.0,0,2,true
4343,-1,5,0.0,0.0,0,1,true
4344,6,5,0.0,0.0,0,7,true
4345,-3,5,0.0,0.0,0,4,true
4346,0,5,0.0,0.0,0,4,true
4347,2,5,0.0,0.0,0,6,true
4348,3,5,0.0,0.0,0,9,true
4349,-2,5,0.0,0.0,0,7,true
4350,-6,5,0.0,0.0,0,1,true
4351,4,5,0.0,0.0,0,5,true
4352,-1,5,0.0,0.0,0,4,true
4353,3,5,0.0,0.0,0,7,true
4354,-1,4,0.0,0.0,0,6,true
4355,-3,4,0.0,0.0,0,3,true
4356,0,5,0.0,0.0,0,3,true
4357,1,5,0.0,0.0,0,4,true
4358,6,5,0.0,0.0,0,10,true
4359,-1,5,0.0,0.0,0,9,true
4360,0,4,0.0,0.0,0,9,true
4361,-6,4,0.0,0.0,0,3,true
4362,7,5,0.0,0.0,0,10,true
4363,-3,5,0.0,0.0,0,7,true
4364,-4,5,0.0,0.0,0,3,true
4365,7,5,0.0,0.0,0,10,true
4366,-4,5,0.0,0.0,0,6,true
4367,-5,5,0.0,0.0,0,1,true
4368,8,5,0.0,0.0,0,9,true
4369,-4,5,0.0,0.0,0,5,true
4370,4,5,0.0,0.0,0,9,true
4371,-6,5,0.0,0.0,0,3,true
4372,5,5,0.0,0.0,0,8,true
4373,-3,5,0.0,0.0,0,5,true
4374,-1,5,0.0,0.0,0,4,true
4375,-2,5,0.0,0.0,0,2,true
4376,0,5,0.0,0.0,0,2,true
4377,3,5,0.0,0.0,0,5,true
4378,-2,5,0.0,0.0,0,3,true
4379,3,5,0.0,0.0,0,6,true
4380,-2,5,0.0,0.0,0,4,true
4381,6,5,0.0,0.0,0,10,true
4382,-3,5,0.0,0.0,0,7,true
4383,2,5,0.0,0.0,0,9,true
4384,-3,4,0.0,0.0,0,6,true
4385,1,4,0.0,0.0,0,7,true
4386,0,5,0.0,0.0,0,7,true
4387,-3,5,0.0,0.0,0,4,true
4388,5,5,0.0,0.0,0,9,true
4389,-5,5,0.0,0.0,0,4,true
4390,-2,5,0.0,0.0,0,2,true
4391,6,5,0.0,0.0,0,8,true
4392,-4,5,0.0,0.0,0,4,true
4393,-3,5,0.0,0.0,0,1,true
4394,0,5,0.0,0.0,0,1,true
4395,9,5,0.0,0.0,0,10,true
4396,-2,5,0.0,0.0,0,8,true
4397,-1,5,0.0,0.0,0,7,true
4398,-4,5,0.0,0.0,0,3,true
4399,2,5,0.0,0.0,0,5,true
4400,2,5,0.0,0.0,0,7,true
4401,-2,5,0.0,0.0,0,5,true
4402,-4,5,0.0,0.0,0,1,true
4403,8,5,0.0,0.0,0,9,true
4404,-6,5,0.0,0.0,0,3,true
4405,0,5,0.0,0.0,0,3,true
4406,0,5,0.0,0.0,0,3,true
4407,5,5,0.0,0.0,0,8,true
4408,2,5,0.0,0.0,0,10,true
4409,-1,5,0.0,0.0,0,9,true
4410,0,5,0.0,0.0,0,9,true
4411,-6,5,0.0,0.0,0,3,true
4412,-1,5,0.0,0.0,0,2,true
4413,2,5,0.0,0.0,0,4,true
4414,5,5,0.0,0.0,0,9,true
4415,-8,5,0.0,0.0,0,1,true
4416,3,5,0.0,0.0,0,4,true
4417,5,5,0.0,0.0,0,9,true
4418,-1,5,0.0,0.0,0,8,true
4419,-4,5,0.0,0.0,0,4,true
4420,1,5,0.0,0.0,0,5,true
4421,-3,5,0.0,0.0,0,2,true
4422,2,5,0.0,0.0,0,4,true
4423,3,5,0.0,0.0,0,7,true
4424,-5,5,0.0,0.0,0,2,true
4425,6,4,0.0,0.0,0,8,true
4426,-5,5,0.0,0.0,0,3,true
4427,6,5,0.0,0.0,0,9,true
4428,0,5,0.0,0.0,0,9,true
4429,-4,5,0.0,0.0,0,5,true
4430,5,5,0.0,0.0,0,10,true
4431,-6,5,0.0,0.0,0,4,true
4432,6,5,0.0,0.0,0,10,true
4433,-3,5,0.0,0.0,0,7,true
4434,3,5,0.0,0.0,0,10,true
4435,-4,5,0.0,0.0,0,6,true
4436,4,5,0.0,0.0,0,10,true
4437,-5,5,0.0,0.0,0,5,true
4438,-3,5,0.0,0.0,0,2,true
4439,2,4,0.0,0.0,0,4,true
4440,0,4,0.0,0.0,0,4,true
4441,5,5,0.0,0.0,0,9,true
4442,-7,5,0.0,0.0,0,2,true
4443,0,5,0.0,0.0,0,2,true
4444,4,5,0.0,0.0,0,6,true
4445,-4,5,0.0,0.0,0,2,true
4446,8,5,0.0,0.0,0,10,true
4447,0,5,0.0,0.0,0,10,true
4448,-8,5,0.0,0.0,0,2,true
4449,0,5,0.0,0.0,0,2,true
4450,1,5,0.0,0.0,0,3,true
4451,3,5,0.0,0.0,0,6,true
4452,2,5,0.0,0.0,0,8,true
4453,-2,5,0.0,0.0,0,6,true
4454,1,5,0.0,0.0,0,7,true
4455,-5,4,0.0,0.0,0,2,true
4456,1,5,0.0,0.0,0,3,true
4457,2,5,0.0,0.0,0,5,true
4458,2,5,0.0,0.0,0,7,true
4459,1,5,0.0,0.0,0,8,true
4460,-1,5,0.0,0.0,0,7,true
4461,-2,5,0.0,0.0,0,5,true
4462,2,5,0.0,0.0,0,7,true
4463,0,5,0.0,0.0,0,7,true
4464,1,4,0.0,0.0,0,8,true
4465,1,5,0.0,0.0,0,9,true
4466,0,5,0.0,0.0,0,9,true
4467,-7,5,0.0,0.0,0,2,true
4468,8,5,0.0,0.0,0,10,true
4469,0,5,0.0,0.0,0,10,true
4470,-5,5,0.0,0.0,0,5,true
4471,-3,5,0.0,0.0,0,2,true
4472,0,5,0.0,0.0,0,2,true
4473,-1,5,0.0,0.0,0,1,true
4474,5,5,0.0,0.0,0,6,true
4475,2,5,0.0,0.0,0,8,true
4476,-3,5,0.0,0.0,0,5,true
4477,-4,5,0.0,0.0,0,1,true
4478,3,5,0.0,0.0,0,4,true
4479,4,5,0.0,0.0,0,8,true
4480,-4,5,0.0,0.0,0,4,true
4481,4,5,0.0,0.0,0,8,true
4482,-1,5,0.0,0.0,0,7,true
4483,2,5,0.0,0.0,0,9,true
4484,-3,5,0.0,0.0,0,6,true
4485,0,5,0.0,0.0,0,6,true
4486,3,5,0.0,0.0,0,9,true
4487,-8,5,0.0,0.0,0,1,true
4488,4,5,0.0,0.0,0,5,true
4489,1,5,0.0,0.0,0,6,true
4490,-1,5,0.0,0.0,0,5,true
4491,1,5,0.0,0.0,0,6,true
4492,0,4,0.0,0.0,0,6,true
4493,0,5,0.0,0.0,0,6,true
4494,-3,5,0.0,0.0,0,3,true
4495,6,5,0.0,0.0,0,9,true
4496,-3,5,0.0,0.0,0,6,true
4497,2,5,0.0,0.0,0,8,true
4498,-4,5,0.0,0.0,0,4,true
4499,-2,5,0.0,0.0,0,2,true
4500,3,5,0.0,0.0,0,5,true
4501,1,5,0.0,0.0,0,6,true
4502,1,5,0.0,0.0,0,7,true
4503,1,5,0.0,0.0,0,8,true
4504,-7,5,0.0,0.0,0,1,true
4505,7,5,0.0,0.0,0,8,true
4506,-3,5,0.0,0.0,0,5,true
4507,3,5,0.0,0.0,0,8,true
4508,-6,5,0.0,0.0,0,2,true
4509,-1,5,0.0,0.0,0,1,true
4510,4,4,0.0,0.0,0,5,true
4511,5,5,0.0,0.0,0,10,true
4512,0,5,0.0,0.0,0,10,true
4513,-3,5,0.0,0.0,0,7,true
4514,-4,5,0.0,0.0,0,3,true
4515,1,5,0.0,0.0,0,4,true
4516,-2,5,0.0,0.0,0,2,true
4517,0,5,0.0,0.0,0,2,true
4518,7,4,0.0,0.0,0,9,true
4519,-8,5,0.0,0.0,0,1,true
4520,8,4,0.0,0.0,0,9,true
4521,-8,5,0.0,0.0,0,1,true
4522,9,5,0.0,0.0,0,10,true
4523,-3,5,0.0,0.0,0,7,true
4524,2,5,0.0,0.0,0,9,true
4525,-2,4,0.0,0.0,0,7,true
4526,-5,5,0.0,0.0,0,2,true
4527,0,5,0.0,0.0,0,2,true
4528,5,5,0.0,0.0,0,7,true
4529,-4,5,0.0,0.0,0,3,true
4530,7,5,0.0,0.0,0,10,true
4531,-3,5,0.0,0.0,0,7,true
4532,-4,5,0.0,0.0,0,3,true
4533,6,4,0.0,0.0,0,9,true
4534,-1,5,0.0,0.0,0,8,true
4535,-1,5,0.0,0.0,0,7,true
4536,-2,5,0.0,0.0,0,5,true
4537,5,5,0.0,0.0,0,10,true
4538,0,5,0.0,0.0,0,10,true
4539,-8,5,0.0,0.0,0,2,true
4540,-1,5,0.0,0.0,0,1,true
4541,1,5,0.0,0.0,0,2,true
4542,7,5,0.0,0.0,0,9,true
4543,0,5,0.0,0.0,0,9,true
4544,-8,5,0.0,0.0,0,1,true
4545,7,5,0.0,0.0,0,8,true
4546,-6,5,0.0,0.0,0,2,true
4547,2,5,0.0,0.0,0,4,true
4548,5,4,0.0,0.0,0,9,true
4549,-4,5,0.0,0.0,0,5,true
4550,-2,5,0.0,0.0,0,3,true
4551,-1,5,0.0,0.0,0,2,true
4552,8,5,0.0,0.0,0,10,true
4553,-6,5,0.0,0.0,0,4,true
4554,3,5,0.0,0.0,0,7,true
4555,-3,5,0.0,0.0,0,4,true
4556,0,5,0.0,0.0,0,4,true
4557,-1,5,0.0,0.0,0,3,true
4558,4,5,0.0,0.0,0,7,true
4559,-4,5,0.0,0.0,0,3,true
4560,-1,5,0.0,0.0,0,2,true
4561,1,5,0.0,0.0,0,3,true
4562,7,5,0.0,0.0,0,10,true
4563,-8,5,0.0,0.0,0,2,true
4564,5,5,0.0,0.0,0,7,true
4565,-3,5,0.0,0.0,0,4,true
4566,2,5,0.0,0.0,0,6,true
4567,3,5,0.0,0.0,0,9,true
4568,-3,5,0.0,0.0,0,6,true
4569,1,5,0.0,0.0,0,7,true
4570,-2,5,0.0,0.0,0,5,true
4571,-2,5,0.0,0.0,0,3,true
4572,-2,5,0.0,0.0,0,1,true
4573,4,5,0.0,0.0,0,5,true
4574,-2,4,0.0,0.0,0,3,true
4575,7,5,0.0,0.0,0,10,true
4576,-1,3,0.0,0.0,0,9,true
4577,-8,5,0.0,0.0,0,1,true
4578,7,5,0.0,0.0,0,8,true
4579,1,5,0.0,0.0,0,9,true
4580,-6,5,0.0,0.0,0,3,true
4581,-1,5,0.0,0.0,0,2,true
4582,6,5,0.0,0.0,0,8,true
4583,0,5,0.0,0.0,0,8,true
4584,-5,5,0.0,0.0,0,3,true
4585,1,5,0.0,0.0,0,4,true
4586,1,5,0.0,0.0,0,5,true
4587,5,5,0.0,0.0,0,10,true
4588,-3,5,0.0,0.0,0,7,true
4589,1,5,0.0,0.0,0,8,true
4590,-7,4,0.0,0.0,0,1,true
4591,1,5,0.0,0.0,0,2,true
4592,0,5,0.0,0.0,0,2,true
4593,7,5,0.0,0.0,0,9,true
4594,-4,5,0.0,0.0,0,5,true
4595,-2,5,0.0,0.0,0,3,true
4596,-2,5,0.0,0.0,0,1,true
4597,5,5,0.0,0.0,0,6,true
4598,4,5,0.0,0.0,0,10,true
4599,-7,5,0.0,0.0,0,3,true
4600,1,5,0.0,0.0,0,4,true
4601,0,5,0.0,0.0,0,4,true
4602,-3,5,0.0,0.0,0,1,true
4603,7,5,0.0,0.0,0,8,true
4604,-2,5,0.0,0.0,0,6,true
4605,-3,5,0.0,0.0,0,3,true
4606,1,4,0.0,0.0,0,4,true
4607,3,5,0.0,0.0,0,7,true
4608,3,5,0.0,0.0,0,10,true
4609,-3,5,0.0,0.0,0,7,true
4610,1,5,0.0,0.0,0,8,true
4611,-6,5,0.0,0.0,0,2,true
4612,8,5,0.0,0.0,0,10,true
4613,-8,5,0.0,0.0,0,2,true
4614,1,5,0.0,0.0,0,3,true
4615,4,5,0.0,0.0,0,7,true
4616,3,5,0.0,0.0,0,10,true
4617,-5,5,0.0,0.0,0,5,true
4618,-3,5,0.0,0.0,0,2,true
4619,3,5,0.0,0.0,0,5,true
4620,3,5,0.0,0.0,0,8,true
4621,-5,5,0.0,0.0,0,3,true
4622,6,5,0.0,0.0,0,9,true
4623,-6,4,0.0,0.0,0,3,true
4624,4,5,0.0,0.0,0,7,true
4625,0,5,0.0,0.0,0,7,true
4626,-4,4,0.0,0.0,0,3,true
4627,-2,5,0.0,0.0,0,1,true
4628,8,5,0.0,0.0,0,9,true
4629,0,5,0.0,0.0,0,9,true
4630,0,5,0.0,0.0,0,9,true
4631,1,4,0.0,0.0,0,10,true
4632,-9,5,0.0,0.0,0,1,true
4633,6,5,0.0,0.0,0,7,true
4634,-4,5,0.0,0.0,0,3,true
4635,-2,5,0.0,0.0,0,1,true
4636,7,5,0.0,0.0,0,8,true
4637,-7,4,0.0,0.0,0,1,true
4638,9,5,0.0,0.0,0,10,true
4639,-9,5,0.0,0.0,0,1,true
4640,6,5,0.0,0.0,0,7,true
4641,-1,5,0.0,0.0,0,6,true
4642,4,5,0.0,0.0,0,10,true
4643,-8,5,0.0,0.0,0,2,true
4644,1,5,0.0,0.0,0,3,true
4645,-2,5,0.0,0.0,0,1,true
4646,4,5,0.0,0.0,0,5,true
4647,0,5,0.0,0.0,0,5,true
4648,4,5,0.0,0.0,0,9,true
4649,-3,5,0.0,0.0,0,6,true
4650,4,5,0.0,0.0,0,10,true
4651,-4,5,0.0,0.0,0,6,true
4652,0,5,0.0,0.0,0,6,true
4653,-4,5,0.0,0.0,0,2,true
4654,8,5,0.0,0.0,0,10,true
4655,-2,5,0.0,0.0,0,8,true
4656,-4,5,0.0,0.0,0,4,true
4657,-1,5,0.0,0.0,0,3,true
4658,-1,5,0.0,0.0,0,2,true
4659,3,5,0.0,0.0,0,5,true
4660,5,5,0.0,0.0,0,10,true
4661,-5,5,0.0,0.0,0,5,true
4662,2,5,0.0,0.0,0,7,true
4663,-2,5,0.0,0.0,0,5,true
4664,-4,5,0.0,0.0,0,1,true
4665,4,5,0.0,0.0,0,5,true
4666,3,5,0.0,0.0,0,8,true
4667,-1,5,0.0,0.0,0,7,true
4668,-1,5,0.0,0.0,0,6,true
4669,1,5,0.0,0.0,0,7,true
4670,-2,5,0.0,0.0,0,5,true
4671,3,5,0.0,0.0,0,8,true
4672,-6,4,0.0,0.0,0,2,true
4673,4,5,0.0,0.0,0,6,true
4674,0,5,0.0,0.0,0,6,true
4675,0,5,0.0,0.0,0,6,true
4676,4,5,0.0,0.0,0,10,true
4677,-9,5,0.0,0.0,0,1,true
4678,5,5,0.0,0.0,0,6,true
4679,4,5,0.0,0.0,0,10,true
4680,-3,5,0.0,0.0,0,7,true
4681,0,5,0.0,0.0,0,7,true
4682,-4,5,0.0,0.0,0,3,true
4683,2,5,0.0,0.0,0,5,true
4684,5,5,0.0,0.0,0,10,true
4685,-2,5,0.0,0.0,0,8,true
4686,-4,5,0.0,0.0,0,4,true
4687,2,5,0.0,0.0,0,6,true
4688,1,5,0.0,0.0,0,7,true
4689,2,4,0.0,0.0,0,9,true
4690,-2,5,0.0,0.0,0,7,true
4691,-5,5,0.0,0.0,0,2,true
4692,3,5,0.0,0.0,0,5,true
4693,-4,5,0.0,0.0,0,1,true
4694,2,5,0.0,0.0,0,3,true
4695,4,5,0.0,0.0,0,7,true
4696,-4,5,0.0,0.0,0,3,true
4697,4,5,0.0,0.0,0,7,true
4698,-4,5,0.0,0.0,0,3,true
4699,-2,5,0.0,0.0,0,1,true
4700,9,5,0.0,0.0,0,10,true
4701,-6,5,0.0,0.0,0,4,true
4702,6,5,0.0,0.0,0,10,true
4703,-8,5,0.0,0.0,0,2,true
4704,-1,5,0.0,0.0,0,1,true
4705,0,5,0.0,0.0,0,1,true
4706,2,5,0.0,0.0,0,3,true
4707,4,5,0.0,0.0,0,7,true
4708,0,5,0.0,0.0,0,7,true
4709,-3,5,0.0,0.0,0,4,true
4710,1,5,0.0,0.0,0,5,true
4711,1,5,0.0,0.0,0,6,true
4712,-3,5,0.0,0.0,0,3,true
4713,3,5,0.0,0.0,0,6,true
4714,3,5,0.0,0.0,0,9,true
4715,-6,5,0.0,0.0,0,3,true
4716,-1,5,0.0,0.0,0,2,true
4717,2,5,0.0,0.0,0,4,true
4718,-1,5,0.0,0.0,0,3,true
4719,6,4,0.0,0.0,0,9,true
4720,-1,5,0.0,0.0,0,8,true
4721,-5,5,0.0,0.0,0,3,true
4722,6,5,0.0,0.0,0,9,true
4723,0,5,0.0,0.0,0,9,true
4724,-7,5,0.0,0.0,0,2,true
4725,0,4,0.0,0.0,0,2,true
4726,8,5,0.0,0.0,0,10,true
4727,-2,5,0.0,0.0,0,8,true
4728,0,5,0.0,0.0,0,8,true
4729,1,5,0.0,0.0,0,9,true
4730,1,5,0.0,0.0,0,10,true
4731,-3,5,0.0,0.0,0,7,true
4732,-3,5,0.0,0.0,0,4,true
4733,-1,5,0.0,0.0,0,3,true
4734,5,5,0.0,0.0,0,8,true
4735,1,5,0.0,0.0,0,9,true
4736,-3,5,0.0,0.0,0,6,true
4737,1,5,0.0,0.0,0,7,true
4738,-4,4,0.0,0.0,0,3,true
4739,6,5,0.0,0.0,0,9,true
4740,-8,5,0.0,0.0,0,1,true
4741,1,5,0.0,0.0,0,2,true
4742,0,5,0.0,0.0,0,2,true
4743,7,5,0.0,0.0,0,9,true
4744,-1,5,0.0,0.0,0,8,true
4745,2,5,0.0,0.0,0,10,true
4746,-7,5,0.0,0.0,0,3,true
4747,4,5,0.0,0.0,0,7,true
4748,0,4,0.0,0.0,0,7,true
4749,-3,5,0.0,0.0,0,4,true
4750,-2,5,0.0,0.0,0,2,true
4751,-1,5,0.0,0.0,0,1,true
4752,4,5,0.0,0.0,0,5,true
4753,4,5,0.0,0.0,0,9,true
4754,-4,5,0.0,0.0,0,5,true
4755,1,5,0.0,0.0,0,6,true
4756,-2,5,0.0,0.0,0,4,true
4757,0,4,0.0,0.0,0,4,true
4758,1,5,0.0,0.0,0,5,true
4759,-3,5,0.0,0.0,0,2,true
4760,8,5,0.0,0.0,0,10,true
4761,-5,5,0.0,0.0,0,5,true
4762,-2,5,0.0,0.0,0,3,true
4763,4,5,0.0,0.0,0,7,true
4764,-1,5,0.0,0.0,0,6,true
4765,1,5,0.0,0.0,0,7,true
4766,0,5,0.0,0.0,0,7,true
4767,-1,5,0.0,0.0,0,6,true
4768,4,5,0.0,0.0,0,10,true
4769,-5,5,0.0,0.0,0,5,true
4770,4,5,0.0,0.0,0,9,true
4771,-6,5,0.0,0.0,0,3,true
4772,7,5,0.0,0.0,0,10,true
4773,-7,5,0.0,0.0,0,3,true
4774,0,5,0.0,0.0,0,3,true
4775,2,5,0.0,0.0,0,5,true
4776,0,5,0.0,0.0,0,5,true
4777,1,5,0.0,0.0,0,6,true
4778,0,5,0.0,0.0,0,6,true
4779,-2,5,0.0,0.0,0,4,true
4780,2,4,0.0,0.0,0,6,true
4781,-5,5,0.0,0.0,0,1,true
4782,0,5,0.0,0.0,0,1,true
4783,3,5,0.0,0.0,0,4,true
4784,-2,5,0.0,0.0,0,2,true
4785,2,5,0.0,0.0,0,4,true
4786,4,5,0.0,0.0,0,8,true
4787,1,5,0.0,0.0,0,9,true
4788,-5,5,0.0,0.0,0,4,true
4789,2,5,0.0,0.0,0,6,true
4790,3,5,0.0,0.0,0,9,true
4791,-1,5,0.0,0.0,0,8,true
4792,0,5,0.0,0.0,0,8,true
4793,-4,5,0.0,0.0,0,4,true
4794,3,5,0.0,0.0,0,7,true
4795,2,4,0.0,0.0,0,9,true
4796,-6,5,0.0,0.0,0,3,true
4797,1,5,0.0,0.0,0,4,true
4798,6,5,0.0,0.0,0,10,true
4799,0,5,0.0,0.0,0,10,true
4800,0,5,0.0,0.0,0,10,true
4801,0,5,0.0,0.0,0,10,true
4802,-9,5,0.0,0.0,0,1,true
4803,2,5,0.0,0.0,0,3,true
4804,2,5,0.0,0.0,0,5,true
4805,5,5,0.0,0.0,0,10,true
4806,-1,5,0.0,0.0,0,9,true
4807,-3,5,0.0,0.0,0,6,true
4808,-4,5,0.0,0.0,0,2,true
4809,2,5,0.0,0.0,0,4,true
4810,0,5,0.0,0.0,0,4,true
4811,5,5,0.0,0.0,0,9,true
4812,-6,5,0.0,0.0,0,3,true
4813,-2,5,0.0,0.0,0,1,true
4814,7,5,0.0,0.0,0,8,true
4815,-7,5,0.0,0.0,0,1,true
4816,1,5,0.0,0.0,0,2,true
4817,4,5,0.0,0.0,0,6,true
4818,-4,5,0.0,0.0,0,2,true
4819,3,5,0.0,0.0,0,5,true
4820,-3,5,0.0,0.0,0,2,true
4821,1,5,0.0,0.0,0,3,true
4822,-2,5,0.0,0.0,0,1,true
4823,0,5,0.0,0.0,0,1,true
4824,7,5,0.0,0.0,0,8,true
4825,-6,4,0.0,0.0,0,2,true
4826,-1,5,0.0,0.0,0,1,true
4827,8,5,0.0,0.0,0,9,true
4828,-2,5,0.0,0.0,0,7,true
4829,3,5,0.0,0.0,0,10,true
4830,-5,5,0.0,0.0,0,5,true
4831,-3,5,0.0,0.0,0,2,true
4832,5,5,0.0,0.0,0,7,true
4833,-5,5,0.0,0.0,0,2,true
4834,-1,4,0.0,0.0,0,1,true
4835,3,5,0.0,0.0,0,4,true
4836,2,5,0.0,0.0,0,6,true
4837,3,5,0.0,0.0,0,9,true
4838,1,5,0.0,0.0,0,10,true
4839,-3,5,0.0,0.0,0,7,true
4840,-2,5,0.0,0.0,0,5,true
4841,3,5,0.0,0.0,0,8,true
4842,-5,5,0.0,0.0,0,3,true
4843,6,5,0.0,0.0,0,9,true
4844,1,5,0.0,0.0,0,10,true
4845,-6,5,0.0,0.0,0,4,true
4846,1,5,0.0,0.0,0,5,true
4847,1,5,0.0,0.0,0,6,true
4848,4,5,0.0,0.0,0,10,true
4849,-9,5,0.0,0.0,0,1,true
4850,9,5,0.0,0.0,0,10,true
4851,-1,5,0.0,0.0,0,9,true
4852,-6,5,0.0,0.0,0,3,true
4853,1,5,0.0,0.0,0,4,true
4854,-2,5,0.0,0.0,0,2,true
4855,3,5,0.0,0.0,0,5,true
4856,4,4,0.0,0.0,0,9,true
4857,-7,5,0.0,0.0,0,2,true
4858,8,5,0.0,0.0,0,10,true
4859,-1,5,0.0,0.0,0,9,true
4860,-2,5,0.0,0.0,0,7,true
4861,0,5,0.0,0.0,0,7,true
4862,2,5,0.0,0.0,0,9,true
4863,-4,5,0.0,0.0,0,5,true
4864,4,4,0.0,0.0,0,9,true
4865,-4,5,0.0,0.0,0,5,true
4866,-4,5,0.0,0.0,0,1,true
4867,6,5,0.0,0.0,0,7,true
4868,2,5,0.0,0.0,0,9,true
4869,-3,5,0.0,0.0,0,6,true
4870,1,5,0.0,0.0,0,7,true
4871,0,5,0.0,0.0,0,7,true
4872,-4,5,0.0,0.0,0,3,true
4873,-1,5,0.0,0.0,0,2,true
4874,1,5,0.0,0.0,0,3,true
4875,5,5,0.0,0.0,0,8,true
4876,0,5,0.0,0.0,0,8,true
4877,2,5,0.0,0.0,0,10,true
4878,-2,5,0.0,0.0,0,8,true
4879,2,5,0.0,0.0,0,10,true
4880,-9,5,0.0,0.0,0,1,true
4881,8,5,0.0,0.0,0,9,true
4882,0,5,0.0,0.0,0,9,true
4883,-7,4,0.0,0.0,0,2,true
4884,7,5,0.0,0.0,0,9,true
4885,-4,5,0.0,0.0,0,5,true
4886,1,5,0.0,0.0,0,6,true
4887,3,5,0.0,0.0,0,9,true
4888,1,5,0.0,0.0,0,10,true
4889,-5,5,0.0,0.0,0,5,true
4890,3,4,0.0,0.0,0,8,true
4891,1,5,0.0,0.0,0,9,true
4892,-2,5,0.0,0.0,0,7,true
4893,-4,5,0.0,0.0,0,3,true
4894,-2,5,0.0,0.0,0,1,true
4895,4,5,0.0,0.0,0,5,true
4896,2,5,0.0,0.0,0,7,true
4897,-1,5,0.0,0.0,0,6,true
4898,-2,5,0.0,0.0,0,4,true
4899,3,5,0.0,0.0,0,7,true
4900,-4,5,0.0,0.0,0,3,true
4901,3,5,0.0,0.0,0,6,true
4902,3,5,0.0,0.0,0,9,true
4903,-4,5,0.0,0.0,0,5,true
4904,3,5,0.0,0.0,0,8,true
4905,1,5,0.0,0.0,0,9,true
4906,-3,5,0.0,0.0,0,6,true
4907,1,5,0.0,0.0,0,7,true
4908,-2,5,0.0,0.0,0,5,true
4909,1,5,0.0,0.0,0,6,true
4910,0,5,0.0,0.0,0,6,true
4911,2,5,0.0,0.0,0,8,true
4912,0,5,0.0,0.0,0,8,true
4913,-3,5,0.0,0.0,0,5,true
4914,-3,5,0.0,0.0,0,2,true
4915,-1,5,0.0,0.0,0,1,true
4916,2,5,0.0,0.0,0,3,true
4917,-1,5,0.0,0.0,0,2,true
4918,6,5,0.0,0.0,0,8,true
4919,-4,5,0.0,0.0,0,4,true
4920,2,5,0.0,0.0,0,6,true
4921,1,5,0.0,0.0,0,7,true
4922,-2,5,0.0,0.0,0,5,true
4923,-3,5,0.0,0.0,0,2,true
4924,8,5,0.0,0.0,0,10,true
4925,0,5,0.0,0.0,0,10,true
4926,-6,4,0.0,0.0,0,4,true
4927,5,5,0.0,0.0,0,9,true
4928,1,5,0.0,0.0,0,10,true
4929,-9,5,0.0,0.0,0,1,true
4930,6,5,0.0,0.0,0,7,true
4931,-2,5,0.0,0.0,0,5,true
4932,-1,5,0.0,0.0,0,4,true
4933,2,5,0.0,0.0,0,6,true
4934,2,5,0.0,0.0,0,8,true
4935,1,5,0.0,0.0,0,9,true
4936,1,5,0.0,0.0,0,10,true
4937,-3,5,0.0,0.0,0,7,true
4938,1,5,0.0,0.0,0,8,true
4939,-3,5,0.0,0.0,0,5,true
4940,-1,5,0.0,0.0,0,4,true
4941,-2,5,0.0,0.0,0,2,true
4942,4,5,0.0,0.0,0,6,true
4943,3,5,0.0,0.0,0,9,true
4944,-8,5,0.0,0.0,0,1,true
4945,5,5,0.0,0.0,0,6,true
4946,1,5,0.0,0.0,0,7,true
4947,-3,5,0.0,0.0,0,4,true
4948,1,5,0.0,0.0,0,5,true
4949,-2,5,0.0,0.0,0,3,true
4950,7,5,0.0,0.0,0,10,true
4951,-6,5,0.0,0.0,0,4,true
4952,-1,5,0.0,0.0,0,3,true
4953,3,5,0.0,0.0,0,6,true
4954,-5,5,0.0,0.0,0,1,true
4955,0,4,0.0,0.0,0,1,true
4956,8,5,0.0,0.0,0,9,true
4957,-8,5,0.0,0.0,0,1,true
4958,9,5,0.0,0.0,0,10,true
4959,-2,5,0.0,0.0,0,8,true
4960,-5,5,0.0,0.0,0,3,true
4961,6,5,0.0,0.0,0,9,true
4962,-2,5,0.0,0.0,0,7,true
4963,-1,5,0.0,0.0,0,6,true
4964,1,5,0.0,0.0,0,7,true
4965,0,5,0.0,0.0,0,7,true
4966,2,5,0.0,0.0,0,9,true
4967,-6,5,0.0,0.0,0,3,true
4968,4,5,0.0,0.0,0,7,true
4969,3,5,0.0,0.0,0,10,true
4970,0,5,0.0,0.0,0,10,true
4971,-6,5,0.0,0.0,0,4,true
4972,-3,5,0.0,0.0,0,1,true
4973,8,5,0.0,0.0,0,9,true
4974,-2,5,0.0,0.0,0,7,true
4975,-5,5,0.0,0.0,0,2,true
4976,5,5,0.0,0.0,0,7,true
4977,-6,5,0.0,0.0,0,1,true
4978,7,5,0.0,0.0,0,8,true
4979,1,5,0.0,0.0,0,9,true
4980,0,5,0.0,0.0,0,9,true
4981,0,5,0.0,0.0,0,9,true
4982,-2,5,0.0,0.0,0,7,true
4983,0,5,0.0,0.0,0,7,true
4984,3,5,0.0,0.0,0,10,true
4985,-2,5,0.0,0.0,0,8,true
4986,-4,5,0.0,0.0,0,4,true
4987,3,5,0.0,0.0,0,7,true
4988,2,5,0.0,0.0,0,9,true
4989,-3,5,0.0,0.0,0,6,true
4990,-5,5,0.0,0.0,0,1,true
4991,3,5,0.0,0.0,0,4,true
4992,-2,5,0.0,0.0,0,2,true
4993,4,5,0.0,0.0,0,6,true
4994,3,5,0.0,0.0,0,9,true
4995,-6,5,0.0,0.0,0,3,true
4996,3,5,0.0,0.0,0,6,true
4997,-4,5,0.0,0.0,0,2,true
4998,3,5,0.0,0.0,0,5,true
4999,-1,5,0.0,0.0,0,4,true
5000,1,5,0.0,0.0,0,5,true
5001,0,5,0.0,0.0,0,5,true
5002,1,5,0.0,0.0,0,6,true
5003,-2,5,0.0,0.0,0,4,true
5004,-2,5,0.0,0.0,0,2,true
5005,1,5,0.0,0.0,0,3,true
5006,5,5,0.0,0.0,0,8,true
5007,2,5,0.0,0.0,0,10,true
5008,-1,5,0.0,0.0,0,9,true
5009,-6,5,0.0,0.0,0,3,true
5010,6,5,0.0,0.0,0,9,true
5011,-3,5,0.0,0.0,0,6,true
5012,-2,5,0.0,0.0,0,4,true
5013,3,4,0.0,0.0,0,7,true
5014,-5,5,0.0,0.0,0,2,true
5015,2,5,0.0,0.0,0,4,true
5016,0,5,0.0,0.0,0,4,true
5017,-1,5,0.0,0.0,0,3,true
5018,-1,5,0.0,0.0,0,2,true
5019,5,5,0.0,0.0,0,7,true
5020,-2,5,0.0,0.0,0,5,true
5021,-2,4,0.0,0.0,0,3,true
5022,0,5,0.0,0.0,0,3,true
5023,4,5,0.0,0.0,0,7,true
5024,-5,5,0.0,0.0,0,2,true
5025,0,4,0.0,0.0,0,2,true
5026,6,5,0.0,0.0,0,8,true
5027,2,5,0.0,0.0,0,10,true
5028,-9,5,0.0,0.0,0,1,true
5029,5,5,0.0,0.0,0,6,true
5030,3,5,0.0,0.0,0,9,true
5031,-8,5,0.0,0.0,0,1,true
5032,4,4,0.0,0.0,0,5,true
5033,-2,5,0.0,0.0,0,3,true
5034,5,5,0.0,0.0,0,8,true
5035,-6,5,0.0,0.0,0,2,true
5036,7,5,0.0,0.0,0,9,true
5037,-5,5,0.0,0.0,0,4,true
5038,0,5,0.0,0.0,0,4,true
5039,-3,5,0.0,0.0,0,1,true
5040,4,3,0.0,0.0,0,5,true
5041,-2,5,0.0,0.0,0,3,true
5042,2,5,0.0,0.0,0,5,true
5043,-2,5,0.0,0.0,0,3,true
5044,-2,5,0.0,0.0,0,1,true
5045,0,5,0.0,0.0,0,1,true
5046,9,5,0.0,0.0,0,10,true
5047,0,5,0.0,0.0,0,10,true
5048,0,5,0.0,0.0,0,10,true
5049,-3,5,0.0,0.0,0,7,true
5050,-2,5,0.0,0.0,0,5,true
5051,3,5,0.0,0.0,0,8,true
5052,0,5,0.0,0.0,0,8,true
5053,-2,5,0.0,0.0,0,6,true
5054,1,5,0.0,0.0,0,7,true
5055,-1,5,0.0,0.0,0,6,true
5056,2,4,0.0,0.0,0,8,true
5057,-6,5,0.0,0.0,0,2,true
5058,-1,5,0.0,0.0,0,1,true
5059,8,5,0.0,0.0,0,9,true
5060,-2,5,0.0,0.0,0,7,true
5061,-2,5,0.0,0.0,0,5,true
5062,0,5,0.0,0.0,0,5,true
5063,2,5,0.0,0.0,0,7,true
5064,-1,3,0.0,0.0,0,6,true
5065,4,5,0.0,0.0,0,10,true
5066,-7,5,0.0,0.0,0,3,true
5067,0,5,0.0,0.0,0,3,true
5068,0,5,0.0,0.0,0,3,true
5069,0,5,0.0,0.0,0,3,true
5070,3,5,0.0,0.0,0,6,true
5071,-1,5,0.0,0.0,0,5,true
5072,-1,5,0.0,0.0,0,4,true
5073,5,5,0.0,0.0,0,9,true
5074,-8,5,0.0,0.0,0,1,true
5075,0,5,0.0,0.0,0,1,true
5076,3,5,0.0,0.0,0,4,true
5077,-1,5,0.0,0.0,0,3,true
5078,2,5,0.0,0.0,0,5,true
5079,1,5,0.0,0.0,0,6,true
5080,3,5,0.0,0.0,0,9,true
5081,-7,5,0.0,0.0,0,2,true
5082,3,5,0.0,0.0,0,5,true
5083,-4,5,0.0,0.0,0,1,true
5084,3,5,0.0,0.0,0,4,true
5085,-2,4,0.0,0.0,0,2,true
5086,-1,5,0.0,0.0,0,1,true
5087,4,5,0.0,0.0,0,5,true
5088,-1,5,0.0,0.0,0,4,true
5089,0,5,0.0,0.0,0,4,true
5090,2,5,0.0,0.0,0,6,true
5091,-1,5,0.0,0.0,0,5,true
5092,0,5,0.0,0.0,0,5,true
5093,-4,5,0.0,0.0,0,1,true
5094,4,5,0.0,0.0,0,5,true
5095,1,5,0.0,0.0,0,6,true
5096,0,5,0.0,0.0,0,6,true
5097,0,5,0.0,0.0,0,6,true
5098,-3,5,0.0,0.0,0,3,true
5099,1,5,0.0,0.0,0,4,true
5100,5,5,0.0,0.0,0,9,true
5101,-5,5,0.0,0.0,0,4,true
5102,2,5,0.0,0.0,0,6,true
5103,-2,5,0.0,0.0,0,4,true
5104,5,5,0.0,0.0,0,9,true
5105,-2,4,0.0,0.0,0,7,true
5106,-3,5,0.0,0.0,0,4,true
5107,0,5,0.0,0.0,0,4,true
5108,4,5,0.0,0.0,0,8,true
5109,0,5,0.0,0.0,0,8,true
5110,-2,5,0.0,0.0,0,6,true
5111,1,5,0.0,0.0,0,7,true
5112,-2,5,0.0,0.0,0,5,true
5113,-4,5,0.0,0.0,0,1,true
5114,8,5,0.0,0.0,0,9,true
5115,-6,5,0.0,0.0,0,3,true
5116,6,5,0.0,0.0,0,9,true
5117,1,5,0.0,0.0,0,10,true
5118,-5,4,0.0,0.0,0,5,true
5119,4,5,0.0,0.0,0,9,true
5120,-4,5,0.0,0.0,0,5,true
5121,2,5,0.0,0.0,0,7,true
5122,0,5,0.0,0.0,0,7,true
5123,-3,5,0.0,0.0,0,4,true
5124,3,5,0.0,0.0,0,7,true
5125,1,5,0.0,0.0,0,8,true
5126,0,5,0.0,0.0,0,8,true
5127,-4,5,0.0,0.0,0,4,true
5128,0,5,0.0,0.0,0,4,true
5129,0,5,0.0,0.0,0,4,true
5130,0,5,0.0,0.0,0,4,true
5131,-3,4,0.0,0.0,0,1,true
5132,3,5,0.0,0.0,0,4,true
5133,-3,5,0.0,0.0,0,1,true
5134,1,5,0.0,0.0,0,2,true
5135,3,5,0.0,0.0,0,5,true
5136,5,5,0.0,0.0,0,10,true
5137,-8,5,0.0,0.0,0,2,true
5138,6,5,0.0,0.0,0,8,true
5139,-5,5,0.0,0.0,0,3,true
5140,5,5,0.0,0.0,0,8,true
5141,1,5,0.0,0.0,0,9,true
5142,-3,5,0.0,0.0,0,6,true
5143,-4,5,0.0,0.0,0,2,true
5144,1,5,0.0,0.0,0,3,true
5145,-1,5,0.0,0.0,0,2,true
5146,7,5,0.0,0.0,0,9,true
5147,-8,5,0.0,0.0,0,1,true
5148,2,5,0.0,0.0,0,3,true
5149,5,5,0.0,0.0,0,8,true
5150,-2,5,0.0,0.0,0,6,true
5151,3,5,0.0,0.0,0,9,true
5152,0,5,0.0,0.0,0,9,true
5153,-2,5,0.0,0.0,0,7,true
5154,2,5,0.0,0.0,0,9,true
5155,0,5,0.0,0.0,0,9,true
5156,-7,5,0.0,0.0,0,2,true
5157,5,4,0.0,0.0,0,7,true
5158,2,5,0.0,0.0,0,9,true
5159,-7,5,0.0,0.0,0,2,true
5160,7,5,0.0,0.0,0,9,true
5161,-7,5,0.0,0.0,0,2,true
5162,3,5,0.0,0.0,0,5,true
5163,4,5,0.0,0.0,0,9,true
5164,1,5,0.0,0.0,0,10,true
5165,-7,5,0.0,0.0,0,3,true
5166,-2,5,0.0,0.0,0,1,true
5167,8,5,0.0,0.0,0,9,true
5168,-8,5,0.0,0.0,0,1,true
5169,3,5,0.0,0.0,0,4,true
5170,-1,5,0.0,0.0,0,3,true
5171,-2,5,0.0,0.0,0,1,true
5172,5,5,0.0,0.0,0,6,true
5173,-2,5,0.0,0.0,0,4,true
5174,-2,5,0.0,0.0,0,2,true
5175,-1,4,0.0,0.0,0,1,true
5176,7,5,0.0,0.0,0,8,true
5177,-1,5,0.0,0.0,0,7,true
5178,3,5,0.0,0.0,0,10,true
5179,-7,5,0.0,0.0,0,3,true
5180,2,5,0.0,0.0,0,5,true
5181,-2,5,0.0,0.0,0,3,true
5182,5,5,0.0,0.0,0,8,true
5183,-6,5,0.0,0.0,0,2,true
5184,2,5,0.0,0.0,0,4,true
5185,5,5,0.0,0.0,0,9,true
5186,-3,5,0.0,0.0,0,6,true
5187,3,5,0.0,0.0,0,9,true
5188,-5,5,0.0,0.0,0,4,true
5189,-3,5,0.0,0.0,0,1,true
5190,0,5,0.0,0.0,0,1,true
5191,3,5,0.0,0.0,0,4,true
5192,4,5,0.0,0.0,0,8,true
5193,-5,5,0.0,0.0,0,3,true
5194,2,5,0.0,0.0,0,5,true
5195,-3,5,0.0,0.0,0,2,true
5196,8,5,0.0,0.0,0,10,true
5197,-6,5,0.0,0.0,0,4,true
5198,1,5,0.0,0.0,0,5,true
5199,1,5,0.0,0.0,0,6,true
5200,-1,5,0.0,0.0,0,5,true
5201,0,5,0.0,0.0,0,5,true
5202,1,5,0.0,0.0,0,6,true
5203,-4,5,0.0,0.0,0,2,true
5204,7,5,0.0,0.0,0,9,true
5205,-3,5,0.0,0.0,0,6,true
5206,4,5,0.0,0.0,0,10,true
5207,-8,5,0.0,0.0,0,2,true
5208,7,4,0.0,0.0,0,9,true
5209,-1,5,0.0,0.0,0,8,true
5210,-7,5,0.0,0.0,0,1,true
5211,1,5,0.0,0.0,0,2,true
5212,7,5,0.0,0.0,0,9,true
5213,-8,5,0.0,0.0,0,1,true
5214,2,5,0.0,0.0,0,3,true
5215,7,5,0.0,0.0,0,10,true
5216,0,5,0.0,0.0,0,10,true
5217,-3,5,0.0,0.0,0,7,true
5218,3,5,0.0,0.0,0,10,true
5219,-7,5,0.0,0.0,0,3,true
5220,0,5,0.0,0.0,0,3,true
5221,2,5,0.0,0.0,0,5,true
5222,-4,5,0.0,0.0,0,1,true
5223,8,5,0.0,0.0,0,9,true
5224,-5,5,0.0,0.0,0,4,true
5225,-1,5,0.0,0.0,0,3,true
5226,-2,4,0.0,0.0,0,1,true
5227,3,5,0.0,0.0,0,4,true
5228,4,5,0.0,0.0,0,8,true
5229,1,5,0.0,0.0,0,9,true
5230,0,5,0.0,0.0,0,9,true
5231,1,5,0.0,0.0,0,10,true
5232,0,5,0.0,0.0,0,10,true
5233,-6,5,0.0,0.0,0,4,true
5234,4,5,0.0,0.0,0,8,true
5235,1,5,0.0,0.0,0,9,true
5236,-2,4,0.0,0.0,0,7,true
5237,-5,5,0.0,0.0,0,2,true
5238,7,5,0.0,0.0,0,9,true
5239,1,5,0.0,0.0,0,10,true
5240,-2,5,0.0,0.0,0,8,true
5241,1,5,0.0,0.0,0,9,true
5242,-6,5,0.0,0.0,0,3,true
5243,5,5,0.0,0.0,0,8,true
5244,-2,5,0.0,0.0,0,6,true
5245,2,5,0.0,0.0,0,8,true
5246,1,5,0.0,0.0,0,9,true
5247,-6,5,0.0,0.0,0,3,true
5248,5,4,0.0,0.0,0,8,true
5249,1,5,0.0,0.0,0,9,true
5250,-7,5,0.0,0.0,0,2,true
5251,7,5,0.0,0.0,0,9,true
5252,-8,5,0.0,0.0,0,1,true
5253,1,5,0.0,0.0,0,2,true
5254,0,5,0.0,0.0,0,2,true
5255,5,5,0.0,0.0,0,7,true
5256,-6,4,0.0,0.0,0,1,true
5257,3,5,0.0,0.0,0,4,true
5258,6,5,0.0,0.0,0,10,true
5259,-1,5,0.0,0.0,0,9,true
5260,-8,5,0.0,0.0,0,1,true
5261,5,5,0.0,0.0,0,6,true
5262,-5,4,0.0,0.0,0,1,true
5263,9,5,0.0,0.0,0,10,true
5264,0,5,0.0,0.0,0,10,true
5265,-9,5,0.0,0.0,0,1,true
5266,9,5,0.0,0.0,0,10,true
5267,0,5,0.0,0.0,0,10,true
5268,-7,5,0.0,0.0,0,3,true
5269,-1,5,0.0,0.0,0,2,true
5270,0,5,0.0,0.0,0,2,true
5271,4,5,0.0,0.0,0,6,true
5272,4,5,0.0,0.0,0,10,true
5273,-8,5,0.0,0.0,0,2,true
5274,3,5,0.0,0.0,0,5,true
5275,-3,5,0.0,0.0,0,2,true
5276,-1,4,0.0,0.0,0,1,true
5277,4,5,0.0,0.0,0,5,true
5278,-3,5,0.0,0.0,0,2,true
5279,2,5,0.0,0.0,0,4,true
5280,6,5,0.0,0.0,0,10,true
5281,-8,5,0.0,0.0,0,2,true
5282,-1,5,0.0,0.0,0,1,true
5283,7,5,0.0,0.0,0,8,true
5284,0,5,0.0,0.0,0,8,true
5285,-1,5,0.0,0.0,0,7,true
5286,1,5,0.0,0.0,0,8,true
5287,-2,5,0.0,0.0,0,6,true
5288,4,5,0.0,0.0,0,10,true
5289,-1,4,0.0,0.0,0,9,true
5290,-5,5,0.0,0.0,0,4,true
5291,4,5,0.0,0.0,0,8,true
5292,-6,5,0.0,0.0,0,2,true
5293,6,4,0.0,0.0,0,8,true
5294,-6,5,0.0,0.0,0,2,true
5295,4,5,0.0,0.0,0,6,true
5296,3,5,0.0,0.0,0,9,true
5297,-1,5,0.0,0.0,0,8,true
5298,-5,3,0.0,0.0,0,3,true
5299,1,5,0.0,0.0,0,4,true
5300,5,5,0.0,0.0,0,9,true
5301,-2,5,0.0,0.0,0,7,true
5302,3,4,0.0,0.0,0,10,true
5303,-1,5,0.0,0.0,0,9,true
5304,-1,5,0.0,0.0,0,8,true
5305,-6,5,0.0,0.0,0,2,true
5306,8,5,0.0,0.0,0,10,true
5307,-7,5,0.0,0.0,0,3,true
5308,1,5,0.0,0.0,0,4,true
5309,-1,5,0.0,0.0,0,3,true
5310,4,5,0.0,0.0,0,7,true
5311,1,5,0.0,0.0,0,8,true
5312,-6,5,0.0,0.0,0,2,true
5313,2,5,0.0,0.0,0,4,true
5314,0,5,0.0,0.0,0,4,true
5315,-1,5,0.0,0.0,0,3,true
5316,0,5,0.0,0.0,0,3,true
5317,4,5,0.0,0.0,0,7,true
5318,0,5,0.0,0.0,0,7,true
5319,-4,5,0.0,0.0,0,3,true
5320,3,5,0.0,0.0,0,6,true
5321,4,5,0.0,0.0,0,10,true
5322,-1,5,0.0,0.0,0,9,true
5323,-1,5,0.0,0.0,0,8,true
5324,-4,5,0.0,0.0,0,4,true
5325,-3,5,0.0,0.0,0,1,true
5326,8,4,0.0,0.0,0,9,true
5327,-2,5,0.0,0.0,0,7,true
5328,2,5,0.0,0.0,0,9,true
5329,-7,5,0.0,0.0,0,2,true
5330,3,5,0.0,0.0,0,5,true
5331,-3,5,0.0,0.0,0,2,true
5332,3,5,0.0,0.0,0,5,true
5333,2,5,0.0,0.0,0,7,true
5334,-6,5,0.0,0.0,0,1,true
5335,0,5,0.0,0.0,0,1,true
5336,0,5,0.0,0.0,0,1,true
5337,5,5,0.0,0.0,0,6,true
5338,-3,4,0.0,0.0,0,3,true
5339,3,5,0.0,0.0,0,6,true
5340,1,5,0.0,0.0,0,7,true
5341,-2,5,0.0,0.0,0,5,true
5342,-3,5,0.0,0.0,0,2,true
5343,6,5,0.0,0.0,0,8,true
5344,1,5,0.0,0.0,0,9,true
5345,0,5,0.0,0.0,0,9,true
5346,-1,5,0.0,0.0,0,8,true
5347,-1,5,0.0,0.0,0,7,true
5348,-2,5,0.0,0.0,0,5,true
5349,1,5,0.0,0.0,0,6,true
5350,-2,5,0.0,0.0,0,4,true
5351,-2,4,0.0,0.0,0,2,true
5352,1,5,0.0,0.0,0,3,true
5353,2,5,0.0,0.0,0,5,true
5354,-4,5,0.0,0.0,0,1,true
5355,9,5,0.0,0.0,0,10,true
5356,-1,5,0.0,0.0,0,9,true
5357,-6,5,0.0,0.0,0,3,true
5358,7,5,0.0,0.0,0,10,true
5359,-2,5,0.0,0.0,0,8,true
5360,-1,5,0.0,0.0,0,7,true
5361,0,5,0.0,0.0,0,7,true
5362,1,5,0.0,0.0,0,8,true
5363,-5,5,0.0,0.0,0,3,true
5364,2,5,0.0,0.0,0,5,true
5365,3,5,0.0,0.0,0,8,true
5366,-1,5,0.0,0.0,0,7,true
5367,-5,5,0.0,0.0,0,2,true
5368,5,5,0.0,0.0,0,7,true
5369,1,5,0.0,0.0,0,8,true
5370,-5,5,0.0,0.0,0,3,true
5371,-1,5,0.0,0.0,0,2,true
5372,3,5,0.0,0.0,0,5,true
5373,3,5,0.0,0.0,0,8,true
5374,-7,5,0.0,0.0,0,1,true
5375,7,5,0.0,0.0,0,8,true
5376,-2,5,0.0,0.0,0,6,true
5377,-4,5,0.0,0.0,0,2,true
5378,7,5,0.0,0.0,0,9,true
5379,-7,5,0.0,0.0,0,2,true
5380,4,5,0.0,0.0,0,6,true
5381,0,5,0.0,0.0,0,6,true
5382,-1,5,0.0,0.0,0,5,true
5383,-3,5,0.0,0.0,0,2,true
5384,1,5,0.0,0.0,0,3,true
5385,-2,5,0.0,0.0,0,1,true
5386,4,5,0.0,0.0,0,5,true
5387,0,5,0.0,0.0,0,5,true
5388,0,5,0.0,0.0,0,5,true
5389,0,5,0.0,0.0,0,5,true
5390,0,5,0.0,0.0,0,5,true
5391,-4,5,0.0,0.0,0,1,true
5392,6,4,0.0,0.0,0,7,true
5393,-4,5,0.0,0.0,0,3,true
5394,7,5,0.0,0.0,0,10,true
5395,-2,5,0.0,0.0,0,8,true
5396,-7,5,0.0,0.0,0,1,true
5397,4,4,0.0,0.0,0,5,true
5398,0,5,0.0,0.0,0,5,true
5399,3,5,0.0,0.0,0,8,true
5400,-3,5,0.0,0.0,0,5,true
5401,-4,5,0.0,0.0,0,1,true
5402,4,5,0.0,0.0,0,5,true
5403,-4,5,0.0,0.0,0,1,true
5404,2,5,0.0,0.0,0,3,true
5405,7,5,0.0,0.0,0,10,true
5406,-4,5,0.0,0.0,0,6,true
5407,3,4,0.0,0.0,0,9,true
5408,-7,5,0.0,0.0,0,2,true
5409,4,5,0.0,0.0,0,6,true
5410,-5,5,0.0,0.0,0,1,true
5411,7,5,0.0,0.0,0,8,true
5412,0,5,0.0,0.0,0,8,true
5413,-3,5,0.0,0.0,0,5,true
5414,-2,5,0.0,0.0,0,3,true
5415,0,5,0.0,0.0,0,3,true
5416,5,5,0.0,0.0,0,8,true
5417,-2,5,0.0,0.0,0,6,true
5418,1,5,0.0,0.0,0,7,true
5419,-4,5,0.0,0.0,0,3,true
5420,3,5,0.0,0.0,0,6,true
5421,3,5,0.0,0.0,0,9,true
5422,-4,5,0.0,0.0,0,5,true
5423,-3,5,0.0,0.0,0,2,true
5424,8,5,0.0,0.0,0,10,true
5425,-4,5,0.0,0.0,0,6,true
5426,4,5,0.0,0.0,0,10,true
5427,-8,5,0.0,0.0,0,2,true
5428,6,5,0.0,0.0,0,8,true
5429,1,5,0.0,0.0,0,9,true
5430,-4,5,0.0,0.0,0,5,true
5431,-3,5,0.0,0.0,0,2,true
5432,3,5,0.0,0.0,0,5,true
5433,3,5,0.0,0.0,0,8,true
5434,1,5,0.0,0.0,0,9,true
5435,-2,5,0.0,0.0,0,7,true
5436,-2,5,0.0,0.0,0,5,true
5437,5,5,0.0,0.0,0,10,true
5438,-3,5,0.0,0.0,0,7,true
5439,-3,5,0.0,0.0,0,4,true
5440,2,5,0.0,0.0,0,6,true
5441,-2,5,0.0,0.0,0,4,true
5442,5,5,0.0,0.0,0,9,true
5443,1,5,0.0,0.0,0,10,true
5444,-3,5,0.0,0.0,0,7,true
5445,3,5,0.0,0.0,0,10,true
5446,-5,5,0.0,0.0,0,5,true
5447,-3,5,0.0,0.0,0,2,true
5448,4,5,0.0,0.0,0,6,true
5449,-2,5,0.0,0.0,0,4,true
5450,-3,5,0.0,0.0,0,1,true
5451,4,5,0.0,0.0,0,5,true
5452,-2,5,0.0,0.0,0,3,true
5453,1,4,0.0,0.0,0,4,true
5454,-1,5,0.0,0.0,0,3,true
5455,5,5,0.0,0.0,0,8,true
5456,-7,5,0.0,0.0,0,1,true
5457,4,5,0.0,0.0,0,5,true
5458,-3,5,0.0,0.0,0,2,true
5459,7,5,0.0,0.0,0,9,true
5460,-8,5,0.0,0.0,0,1,true
5461,6,5,0.0,0.0,0,7,true
5462,-3,5,0.0,0.0,0,4,true
5463,6,5,0.0,0.0,0,10,true
5464,-1,5,0.0,0.0,0,9,true
5465,-5,5,0.0,0.0,0,4,true
5466,0,5,0.0,0.0,0,4,true
5467,-1,5,0.0,0.0,0,3,true
5468,7,5,0.0,0.0,0,10,true
5469,0,5,0.0,0.0,0,10,true
5470,-2,5,0.0,0.0,0,8,true
5471,-7,5,0.0,0.0,0,1,true
5472,3,5,0.0,0.0,0,4,true
5473,3,5,0.0,0.0,0,7,true
5474,0,5,0.0,0.0,0,7,true
5475,-3,5,0.0,0.0,0,4,true
5476,4,5,0.0,0.0,0,8,true
5477,1,5,0.0,0.0,0,9,true
5478,1,4,0.0,0.0,0,10,true
5479,-7,5,0.0,0.0,0,3,true
5480,7,4,0.0,0.0,0,10,true
5481,-7,5,0.0,0.0,0,3,true
5482,2,5,0.0,0.0,0,5,true
5483,5,5,0.0,0.0,0,10,true
5484,-9,5,0.0,0.0,0,1,true
5485,9,5,0.0,0.0,0,10,true
5486,-4,5,0.0,0.0,0,6,true
5487,4,5,0.0,0.0,0,10,true
5488,0,5,0.0,0.0,0,10,true
5489,-3,5,0.0,0.0,0,7,true
5490,-1,5,0.0,0.0,0,6,true
5491,3,5,0.0,0.0,0,9,true
5492,-8,5,0.0,0.0,0,1,true
5493,2,5,0.0,0.0,0,3,true
5494,5,5,0.0,0.0,0,8,true
5495,-4,5,0.0,0.0,0,4,true
5496,4,4,0.0,0.0,0,8,true
5497,2,5,0.0,0.0,0,10,true
5498,-5,5,0.0,0.0,0,5,true
5499,-3,4,0.0,0.0,0,2,true
5500,7,5,0.0,0.0,0,9,true
5501,-2,5,0.0,0.0,0,7,true
5502,-2,5,0.0,0.0,0,5,true
5503,4,5,0.0,0.0,0,9,true
5504,-8,5,0.0,0.0,0,1,true
5505,6,5,0.0,0.0,0,7,true
5506,-4,5,0.0,0.0,0,3,true
5507,4,5,0.0,0.0,0,7,true
5508,-3,5,0.0,0.0,0,4,true
5509,1,5,0.0,0.0,0,5,true
5510,0,5,0.0,0.0,0,5,true
5511,-3,5,0.0,0.0,0,2,true
5512,8,5,0.0,0.0,0,10,true
5513,-5,5,0.0,0.0,0,5,true
5514,1,5,0.0,0.0,0,6,true
5515,2,5,0.0,0.0,0,8,true
5516,-1,5,0.0,0.0,0,7,true
5517,0,5,0.0,0.0,0,7,true
5518,-5,5,0.0,0.0,0,2,true
5519,2,5,0.0,0.0,0,4,true
5520,5,5,0.0,0.0,0,9,true
5521,1,5,0.0,0.0,0,10,true
5522,-2,5,0.0,0.0,0,8,true
5523,-7,5,0.0,0.0,0,1,true
5524,1,5,0.0,0.0,0,2,true
5525,0,5,0.0,0.0,0,2,true
5526,1,5,0.0,0.0,0,3,true
5527,1,5,0.0,0.0,0,4,true
5528,4,5,0.0,0.0,0,8,true
5529,-4,5,0.0,0.0,0,4,true
5530,6,5,0.0,0.0,0,10,true
5531,-7,5,0.0,0.0,0,3,true
5532,5,5,0.0,0.0,0,8,true
5533,-7,5,0.0,0.0,0,1,true
5534,8,5,0.0,0.0,0,9,true
5535,-5,5,0.0,0.0,0,4,true
5536,6,5,0.0,0.0,0,10,true
5537,-1,5,0.0,0.0,0,9,true
5538,-2,5,0.0,0.0,0,7,true
5539,0,5,0.0,0.0,0,7,true
5540,1,5,0.0,0.0,0,8,true
5541,1,5,0.0,0.0,0,9,true
5542,1,5,0.0,0.0,0,10,true
5543,-7,5,0.0,0.0,0,3,true
5544,2,5,0.0,0.0,0,5,true
5545,-3,5,0.0,0.0,0,2,true
5546,0,4,0.0,0.0,0,2,true
5547,4,5,0.0,0.0,0,6,true
5548,-5,5,0.0,0.0,0,1,true
5549,0,5,0.0,0.0,0,1,true
5550,0,5,0.0,0.0,0,1,true
5551,3,5,0.0,0.0,0,4,true
5552,6,5,0.0,0.0,0,10,true
5553,-2,5,0.0,0.0,0,8,true
5554,-2,5,0.0,0.0,0,6,true
5555,1,5,0.0,0.0,0,7,true
5556,3,5,0.0,0.0,0,10,true
5557,-7,5,0.0,0.0,0,3,true
5558,-2,4,0.0,0.0,0,1,true
5559,1,5,0.0,0.0,0,2,true
5560,6,5,0.0,0.0,0,8,true
5561,-1,5,0.0,0.0,0,7,true
5562,-5,5,0.0,0.0,0,2,true
5563,8,4,0.0,0.0,0,10,true
5564,-1,5,0.0,0.0,0,9,true
5565,-8,5,0.0,0.0,0,1,true
5566,1,5,0.0,0.0,0,2,true
5567,-1,5,0.0,0.0,0,1,true
5568,6,5,0.0,0.0,0,7,true
5569,1,5,0.0,0.0,0,8,true
5570,1,5,0.0,0.0,0,9,true
5571,-5,4,0.0,0.0,0,4,true
5572,1,5,0.0,0.0,0,5,true
5573,2,5,0.0,0.0,0,7,true
5574,-2,5,0.0,0.0,0,5,true
5575,5,5,0.0,0.0,0,10,true
5576,-1,3,0.0,0.0,0,9,true
5577,-1,5,0.0,0.0,0,8,true
5578,-3,5,0.0,0.0,0,5,true
5579,-1,5,0.0,0.0,0,4,true
5580,0,5,0.0,0.0,0,4,true
5581,-2,5,0.0,0.0,0,2,true
5582,1,5,0.0,0.0,0,3,true
5583,6,5,0.0,0.0,0,9,true
5584,1,5,0.0,0.0,0,10,true
5585,-5,5,0.0,0.0,0,5,true
5586,0,5,0.0,0.0,0,5,true
5587,2,5,0.0,0.0,0,7,true
5588,2,5,0.0,0.0,0,9,true
5589,1,5,0.0,0.0,0,10,true
5590,0,5,0.0,0.0,0,10,true
5591,-5,5,0.0,0.0,0,5,true
5592,1,5,0.0,0.0,0,6,true
5593,-1,3,0.0,0.0,0,5,true
5594,-1,5,0.0,0.0,0,4,true
5595,5,4,0.0,0.0,0,9,true
5596,-3,5,0.0,0.0,0,6,true
5597,-4,5,0.0,0.0,0,2,true
5598,1,5,0.0,0.0,0,3,true
5599,5,5,0.0,0.0,0,8,true
5600,1,5,0.0,0.0,0,9,true
5601,-1,5,0.0,0.0,0,8,true
5602,2,5,0.0,0.0,0,10,true
5603,-2,5,0.0,0.0,0,8,true
5604,-3,5,0.0,0.0,0,5,true
5605,2,5,0.0,0.0,0,7,true
5606,-1,5,0.0,0.0,0,6,true
5607,-5,4,0.0,0.0,0,1,true
5608,5,5,0.0,0.0,0,6,true
5609,4,5,0.0,0.0,0,10,true
5610,-1,5,0.0,0.0,0,9,true
5611,-3,5,0.0,0.0,0,6,true
5612,3,5,0.0,0.0,0,9,true
5613,-6,5,0.0,0.0,0,3,true
5614,-1,5,0.0,0.0,0,2,true
5615,6,5,0.0,0.0,0,8,true
5616,-5,5,0.0,0.0,0,3,true
5617,0,5,0.0,0.0,0,3,true
5618,-1,5,0.0,0.0,0,2,true
5619,7,5,0.0,0.0,0,9,true
5620,-2,5,0.0,0.0,0,7,true
5621,2,5,0.0,0.0,0,9,true
5622,-4,5,0.0,0.0,0,5,true
5623,-2,5,0.0,0.0,0,3,true
5624,-2,5,0.0,0.0,0,1,true
5625,8,5,0.0,0.0,0,9,true
5626,-2,5,0.0,0.0,0,7,true
5627,2,5,0.0,0.0,0,9,true
5628,-3,5,0.0,0.0,0,6,true
5629,-4,5,0.0,0.0,0,2,true
5630,7,5,0.0,0.0,0,9,true
5631,-5,5,0.0,0.0,0,4,true
5632,2,5,0.0,0.0,0,6,true
5633,-3,5,0.0,0.0,0,3,true
5634,-1,5,0.0,0.0,0,2,true
5635,0,5,0.0,0.0,0,2,true
5636,4,5,0.0,0.0,0,6,true
5637,3,5,0.0,0.0,0,9,true
5638,-8,5,0.0,0.0,0,1,true
5639,9,5,0.0,0.0,0,10,true
5640,-9,5,0.0,0.0,0,1,true
5641,0,5,0.0,0.0,0,1,true
5642,0,4,0.0,0.0,0,1,true
5643,9,5,0.0,0.0,0,10,true
5644,-6,5,0.0,0.0,0,4,true
5645,-3,5,0.0,0.0,0,1,true
5646,4,5,0.0,0.0,0,5,true
5647,4,5,0.0,0.0,0,9,true
5648,-8,5,0.0,0.0,0,1,true
5649,5,5,0.0,0.0,0,6,true
5650,3,4,0.0,0.0,0,9,true
5651,-6,5,0.0,0.0,0,3,true
5652,-2,5,0.0,0.0,0,1,true
5653,4,5,0.0,0.0,0,5,true
5654,-3,5,0.0,0.0,0,2,true
5655,5,5,0.0,0.0,0,7,true
5656,1,5,0.0,0.0,0,8,true
5657,-1,5,0.0,0.0,0,7,true
5658,2,5,0.0,0.0,0,9,true
5659,-1,5,0.0,0.0,0,8,true
5660,-5,5,0.0,0.0,0,3,true
5661,-1,5,0.0,0.0,0,2,true
5662,2,5,0.0,0.0,0,4,true
5663,2,5,0.0,0.0,0,6,true
5664,1,5,0.0,0.0,0,7,true
5665,-1,5,0.0,0.0,0,6,true
5666,-3,5,0.0,0.0,0,3,true
5667,7,5,0.0,0.0,0,10,true
5668,-8,5,0.0,0.0,0,2,true
5669,0,5,0.0,0.0,0,2,true
5670,8,5,0.0,0.0,0,10,true
5671,-8,5,0.0,0.0,0,2,true
5672,1,5,0.0,0.0,0,3,true
5673,6,5,0.0,0.0,0,9,true
5674,-4,5,0.0,0.0,0,5,true
5675,3,5,0.0,0.0,0,8,true
5676,-3,5,0.0,0.0,0,5,true
5677,5,5,0.0,0.0,0,10,true
5678,-8,5,0.0,0.0,0,2,true
5679,0,5,0.0,0.0,0,2,true
5680,5,5,0.0,0.0,0,7,true
5681,-6,5,0.0,0.0,0,1,true
5682,4,5,0.0,0.0,0,5,true
5683,2,5,0.0,0.0,0,7,true
5684,2,5,0.0,0.0,0,9,true
5685,-3,5,0.0,0.0,0,6,true
5686,3,5,0.0,0.0,0,9,true
5687,-7,5,0.0,0.0,0,2,true
5688,1,5,0.0,0.0,0,3,true
5689,-2,5,0.0,0.0,0,1,true
5690,6,5,0.0,0.0,0,7,true
5691,3,5,0.0,0.0,0,10,true
5692,-7,5,0.0,0.0,0,3,true
5693,2,5,0.0,0.0,0,5,true
5694,1,5,0.0,0.0,0,6,true
5695,-2,5,0.0,0.0,0,4,true
5696,3,5,0.0,0.0,0,7,true
5697,-5,5,0.0,0.0,0,2,true
5698,1,5,0.0,0.0,0,3,true
5699,7,5,0.0,0.0,0,10,true
5700,-2,5,0.0,0.0,0,8,true
5701,-1,5,0.0,0.0,0,7,true
5702,0,5,0.0,0.0,0,7,true
5703,-3,5,0.0,0.0,0,4,true
5704,5,4,0.0,0.0,0,9,true
5705,-7,5,0.0,0.0,0,2,true
5706,4,5,0.0,0.0,0,6,true
5707,3,5,0.0,0.0,0,9,true
5708,-3,5,0.0,0.0,0,6,true
5709,-4,5,0.0,0.0,0,2,true
5710,5,5,0.0,0.0,0,7,true
5711,-1,5,0.0,0.0,0,6,true
5712,2,5,0.0,0.0,0,8,true
5713,1,5,0.0,0.0,0,9,true
5714,1,5,0.0,0.0,0,10,true
5715,-4,5,0.0,0.0,0,6,true
5716,-4,5,0.0,0.0,0,2,true
5717,6,5,0.0,0.0,0,8,true
5718,-6,5,0.0,0.0,0,2,true
5719,7,5,0.0,0.0,0,9,true
5720,-2,5,0.0,0.0,0,7,true
5721,0,5,0.0,0.0,0,7,true
5722,0,5,0.0,0.0,0,7,true
5723,1,5,0.0,0.0,0,8,true
5724,-6,5,0.0,0.0,0,2,true
5725,4,5,0.0,0.0,0,6,true
5726,-5,5,0.0,0.0,0,1,true
5727,4,5,0.0,0.0,0,5,true
5728,5,5,0.0,0.0,0,10,true
5729,-6,5,0.0,0.0,0,4,true
5730,3,5,0.0,0.0,0,7,true
5731,-6,5,0.0,0.0,0,1,true
5732,2,5,0.0,0.0,0,3,true
5733,7,5,0.0,0.0,0,10,true
5734,-6,5,0.0,0.0,0,4,true
5735,0,5,0.0,0.0,0,4,true
5736,-2,5,0.0,0.0,0,2,true
5737,6,5,0.0,0.0,0,8,true
5738,1,5,0.0,0.0,0,9,true
5739,-4,5,0.0,0.0,0,5,true
5740,4,5,0.0,0.0,0,9,true
5741,0,5,0.0,0.0,0,9,true
5742,-1,5,0.0,0.0,0,8,true
5743,2,5,0.0,0.0,0,10,true
5744,-4,5,0.0,0.0,0,6,true
5745,4,4,0.0,0.0,0,10,true
5746,-3,5,0.0,0.0,0,7,true
5747,2,5,0.0,0.0,0,9,true
5748,-7,4,0.0,0.0,0,2,true
5749,8,5,0.0,0.0,0,10,true
5750,-7,5,0.0,0.0,0,3,true
5751,4,5,0.0,0.0,0,7,true
5752,2,5,0.0,0.0,0,9,true
5753,-7,5,0.0,0.0,0,2,true
5754,8,5,0.0,0.0,0,10,true
5755,-2,5,0.0,0.0,0,8,true
5756,0,5,0.0,0.0,0,8,true
5757,-5,5,0.0,0.0,0,3,true
5758,0,5,0.0,0.0,0,3,true
5759,5,5,0.0,0.0,0,8,true
5760,-7,5,0.0,0.0,0,1,true
5761,6,4,0.0,0.0,0,7,true
5762,3,5,0.0,0.0,0,10,true
5763,-9,5,0.0,0.0,0,1,true
5764,3,5,0.0,0.0,0,4,true
5765,-2,5,0.0,0.0,0,2,true
5766,3,5,0.0,0.0,0,5,true
5767,2,5,0.0,0.0,0,7,true
5768,-3,5,0.0,0.0,0,4,true
5769,0,5,0.0,0.0,0,4,true
5770,4,5,0.0,0.0,0,8,true
5771,-7,4,0.0,0.0,0,1,true
5772,3,4,0.0,0.0,0,4,true
5773,2,5,0.0,0.0,0,6,true
5774,4,5,0.0,0.0,0,10,true
5775,-3,5,0.0,0.0,0,7,true
5776,-5,5,0.0,0.0,0,2,true
5777,-1,5,0.0,0.0,0,1,true
5778,4,5,0.0,0.0,0,5,true
5779,4,5,0.0,0.0,0,9,true
5780,-4,5,0.0,0.0,0,5,true
5781,5,5,0.0,0.0,0,10,true
5782,-7,5,0.0,0.0,0,3,true
5783,0,4,0.0,0.0,0,3,true
5784,-2,5,0.0,0.0,0,1,true
5785,1,5,0.0,0.0,0,2,true
5786,1,5,0.0,0.0,0,3,true
5787,4,5,0.0,0.0,0,7,true
5788,-2,5,0.0,0.0,0,5,true
5789,0,5,0.0,0.0,0,5,true
5790,2,5,0.0,0.0,0,7,true
5791,-5,5,0.0,0.0,0,2,true
5792,7,5,0.0,0.0,0,9,true
5793,-6,5,0.0,0.0,0,3,true
5794,-2,5,0.0,0.0,0,1,true
5795,4,5,0.0,0.0,0,5,true
5796,-1,5,0.0,0.0,0,4,true
5797,5,5,0.0,0.0,0,9,true
5798,0,5,0.0,0.0,0,9,true
5799,-6,4,0.0,0.0,0,3,true
5800,3,5,0.0,0.0,0,6,true
5801,-3,5,0.0,0.0,0,3,true
5802,-1,5,0.0,0.0,0,2,true
5803,5,5,0.0,0.0,0,7,true
5804,3,5,0.0,0.0,0,10,true
5805,-4,5,0.0,0.0,0,6,true
5806,-5,5,0.0,0.0,0,1,true
5807,5,5,0.0,0.0,0,6,true
5808,-4,5,0.0,0.0,0,2,true
5809,-1,5,0.0,0.0,0,1,true
5810,7,5,0.0,0.0,0,8,true
5811,-2,5,0.0,0.0,0,6,true
5812,3,5,0.0,0.0,0,9,true
5813,-5,5,0.0,0.0,0,4,true
5814,-3,5,0.0,0.0,0,1,true
5815,2,5,0.0,0.0,0,3,true
5816,2,5,0.0,0.0,0,5,true
5817,3,5,0.0,0.0,0,8,true
5818,-6,5,0.0,0.0,0,2,true
5819,4,5,0.0,0.0,0,6,true
5820,2,5,0.0,0.0,0,8,true
5821,-1,5,0.0,0.0,0,7,true
5822,2,5,0.0,0.0,0,9,true
5823,-2,5,0.0,0.0,0,7,true
5824,-5,5,0.0,0.0,0,2,true
5825,2,5,0.0,0.0,0,4,true
5826,5,5,0.0,0.0,0,9,true
5827,1,5,0.0,0.0,0,10,true
5828,-3,5,0.0,0.0,0,7,true
5829,-5,5,0.0,0.0,0,2,true
5830,2,5,0.0,0.0,0,4,true
5831,0,5,0.0,0.0,0,4,true
5832,0,5,0.0,0.0,0,4,true
5833,1,5,0.0,0.0,0,5,true
5834,0,5,0.0,0.0,0,5,true
5835,1,5,0.0,0.0,0,6,true
5836,-1,5,0.0,0.0,0,5,true
5837,5,5,0.0,0.0,0,10,true
5838,-2,5,0.0,0.0,0,8,true
5839,-7,5,0.0,0.0,0,1,true
5840,2,5,0.0,0.0,0,3,true
5841,0,5,0.0,0.0,0,3,true
5842,7,5,0.0,0.0,0,10,true
5843,-1,5,0.0,0.0,0,9,true
5844,0,5,0.0,0.0,0,9,true
5845,0,5,0.0,0.0,0,9,true
5846,-7,5,0.0,0.0,0,2,true
5847,7,5,0.0,0.0,0,9,true
5848,-4,5,0.0,0.0,0,5,true
5849,-1,3,0.0,0.0,0,4,true
5850,-1,5,0.0,0.0,0,3,true
5851,5,5,0.0,0.0,0,8,true
5852,-5,4,0.0,0.0,0,3,true
5853,6,5,0.0,0.0,0,9,true
5854,-3,5,0.0,0.0,0,6,true
5855,-5,3,0.0,0.0,0,1,true
5856,2,5,0.0,0.0,0,3,true
5857,2,5,0.0,0.0,0,5,true
5858,-1,5,0.0,0.0,0,4,true
5859,0,4,0.0,0.0,0,4,true
5860,-3,5,0.0,0.0,0,1,true
5861,8,5,0.0,0.0,0,9,true
5862,1,5,0.0,0.0,0,10,true
5863,-6,5,0.0,0.0,0,4,true
5864,6,5,0.0,0.0,0,10,true
5865,-6,5,0.0,0.0,0,4,true
5866,-3,5,0.0,0.0,0,1,true
5867,3,5,0.0,0.0,0,4,true
5868,-3,5,0.0,0.0,0,1,true
5869,0,5,0.0,0.0,0,1,true
5870,5,5,0.0,0.0,0,6,true
5871,-5,4,0.0,0.0,0,1,true
5872,7,5,0.0,0.0,0,8,true
5873,1,5,0.0,0.0,0,9,true
5874,-7,5,0.0,0.0,0,2,true
5875,8,5,0.0,0.0,0,10,true
5876,-2,5,0.0,0.0,0,8,true
5877,-4,5,0.0,0.0,0,4,true
5878,1,5,0.0,0.0,0,5,true
5879,2,5,0.0,0.0,0,7,true
5880,0,5,0.0,0.0,0,7,true
5881,0,5,0.0,0.0,0,7,true
5882,-5,5,0.0,0.0,0,2,true
5883,3,5,0.0,0.0,0,5,true
5884,3,5,0.0,0.0,0,8,true
5885,-2,5,0.0,0.0,0,6,true
5886,2,5,0.0,0.0,0,8,true
5887,-7,5,0.0,0.0,0,1,true
5888,1,5,0.0,0.0,0,2,true
5889,8,5,0.0,0.0,0,10,true
5890,-3,4,0.0,0.0,0,7,true
5891,-4,5,0.0,0.0,0,3,true
5892,-2,5,0.0,0.0,0,1,true
5893,8,5,0.0,0.0,0,9,true
5894,1,5,0.0,0.0,0,10,true
5895,-1,5,0.0,0.0,0,9,true
5896,0,5,0.0,0.0,0,9,true
5897,-5,5,0.0,0.0,0,4,true
5898,-2,5,0.0,0.0,0,2,true
5899,4,5,0.0,0.0,0,6,true
5900,-5,5,0.0,0.0,0,1,true
5901,4,5,0.0,0.0,0,5,true
5902,-3,5,0.0,0.0,0,2,true
5903,5,5,0.0,0.0,0,7,true
5904,-6,4,0.0,0.0,0,1,true
5905,5,5,0.0,0.0,0,6,true
5906,-5,5,0.0,0.0,0,1,true
5907,0,5,0.0,0.0,0,1,true
5908,0,5,0.0,0.0,0,1,true
5909,5,5,0.0,0.0,0,6,true
5910,-1,5,0.0,0.0,0,5,true
5911,0,5,0.0,0.0,0,5,true
5912,0,4,0.0,0.0,0,5,true
5913,3,4,0.0,0.0,0,8,true
5914,-5,5,0.0,0.0,0,3,true
5915,3,5,0.0,0.0,0,6,true
5916,0,5,0.0,0.0,0,6,true
5917,0,5,0.0,0.0,0,6,true
5918,-4,5,0.0,0.0,0,2,true
5919,3,5,0.0,0.0,0,5,true
5920,-3,5,0.0,0.0,0,2,true
5921,1,5,0.0,0.0,0,3,true
5922,-2,5,0.0,0.0,0,1,true
5923,3,5,0.0,0.0,0,4,true
5924,2,5,0.0,0.0,0,6,true
5925,0,5,0.0,0.0,0,6,true
5926,2,5,0.0,0.0,0,8,true
5927,-5,5,0.0,0.0,0,3,true
5928,0,5,0.0,0.0,0,3,true
5929,0,5,0.0,0.0,0,3,true
5930,-2,4,0.0,0.0,0,1,true
5931,7,5,0.0,0.0,0,8,true
5932,-4,5,0.0,0.0,0,4,true
5933,4,5,0.0,0.0,0,8,true
5934,-1,5,0.0,0.0,0,7,true
5935,-6,5,0.0,0.0,0,1,true
5936,8,5,0.0,0.0,0,9,true
5937,-7,5,0.0,0.0,0,2,true
5938,4,5,0.0,0.0,0,6,true
5939,-2,5,0.0,0.0,0,4,true
5940,0,5,0.0,0.0,0,4,true
5941,1,4,0.0,0.0,0,5,true
5942,-4,4,0.0,0.0,0,1,true
5943,5,5,0.0,0.0,0,6,true
5944,3,5,0.0,0.0,0,9,true
5945,-8,5,0.0,0.0,0,1,true
5946,6,4,0.0,0.0,0,7,true
5947,-5,5,0.0,0.0,0,2,true
5948,-1,5,0.0,0.0,0,1,true
5949,6,5,0.0,0.0,0,7,true
5950,3,5,0.0,0.0,0,10,true
5951,-7,5,0.0,0.0,0,3,true
5952,2,5,0.0,0.0,0,5,true
5953,-4,5,0.0,0.0,0,1,true
5954,2,5,0.0,0.0,0,3,true
5955,4,5,0.0,0.0,0,7,true
5956,-4,5,0.0,0.0,0,3,true
5957,4,5,0.0,0.0,0,7,true
5958,0,5,0.0,0.0,0,7,true
5959,-3,4,0.0,0.0,0,4,true
5960,5,5,0.0,0.0,0,9,true
5961,0,3,0.0,0.0,0,9,true
5962,-8,5,0.0,0.0,0,1,true
5963,1,5,0.0,0.0,0,2,true
5964,5,4,0.0,0.0,0,7,true
5965,1,5,0.0,0.0,0,8,true
5966,-5,5,0.0,0.0,0,3,true
5967,-1,5,0.0,0.0,0,2,true
5968,5,5,0.0,0.0,0,7,true
5969,2,5,0.0,0.0,0,9,true
5970,-5,5,0.0,0.0,0,4,true
5971,-3,5,0.0,0.0,0,1,true
5972,7,5,0.0,0.0,0,8,true
5973,-2,5,0.0,0.0,0,6,true
5974,3,5,0.0,0.0,0,9,true
5975,-8,5,0.0,0.0,0,1,true
5976,8,5,0.0,0.0,0,9,true
5977,-6,5,0.0,0.0,0,3,true
5978,-1,5,0.0,0.0,0,2,true
5979,0,5,0.0,0.0,0,2,true
5980,8,5,0.0,0.0,0,10,true
5981,-5,5,0.0,0.0,0,5,true
5982,-1,5,0.0,0.0,0,4,true
5983,-2,5,0.0,0.0,0,2,true
5984,7,5,0.0,0.0,0,9,true
5985,-4,5,0.0,0.0,0,5,true
5986,3,5,0.0,0.0,0,8,true
5987,-4,5,0.0,0.0,0,4,true
5988,-1,5,0.0,0.0,0,3,true
5989,-1,5,0.0,0.0,0,2,true
5990,2,5,0.0,0.0,0,4,true
5991,3,5,0.0,0.0,0,7,true
5992,-4,5,0.0,0.0,0,3,true
5993,3,5,0.0,0.0,0,6,true
5994,2,5,0.0,0.0,0,8,true
5995,-1,5,0.0,0.0,0,7,true
5996,-1,5,0.0,0.0,0,6,true
5997,2,5,0.0,0.0,0,8,true
5998,-4,3,0.0,0.0,0,4,true
5999,1,5,0.0,0.0,0,5,true
6000,3,5,0.0,0.0,0,8,true
6001,-3,5,0.0,0.0,0,5,true
6002,-4,5,0.0,0.0,0,1,true
6003,8,4,0.0,0.0,0,9,true
6004,-6,5,0.0,0.0,0,3,true
6005,-1,5,0.0,0.0,0,2,true
6006,1,5,0.0,0.0,0,3,true
6007,3,5,0.0,0.0,0,6,true
6008,-2,5,0.0,0.0,0,4,true
6009,1,5,0.0,0.0,0,5,true
6010,-3,5,0.0,0.0,0,2,true
6011,4,5,0.0,0.0,0,6,true
6012,4,5,0.0,0.0,0,10,true
6013,-7,5,0.0,0.0,0,3,true
6014,3,5,0.0,0.0,0,6,true
6015,-4,5,0.0,0.0,0,2,true
6016,1,5,0.0,0.0,0,3,true
6017,2,5,0.0,0.0,0,5,true
6018,-2,5,0.0,0.0,0,3,true
6019,-1,5,0.0,0.0,0,2,true
6020,8,5,0.0,0.0,0,10,true
6021,-2,5,0.0,0.0,0,8,true
6022,-2,5,0.0,0.0,0,6,true
6023,-3,5,0.0,0.0,0,3,true
6024,0,5,0.0,0.0,0,3,true
6025,7,5,0.0,0.0,0,10,true
6026,-7,5,0.0,0.0,0,3,true
6027,4,5,0.0,0.0,0,7,true
6028,-6,5,0.0,0.0,0,1,true
6029,2,5,0.0,0.0,0,3,true
6030,2,5,0.0,0.0,0,5,true
6031,0,5,0.0,0.0,0,5,true
6032,0,5,0.0,0.0,0,5,true
6033,3,4,0.0,0.0,0,8,true
6034,-2,5,0.0,0.0,0,6,true
6035,-3,5,0.0,0.0,0,3,true
6036,-1,5,0.0,0.0,0,2,true
6037,6,5,0.0,0.0,0,8,true
6038,0,5,0.0,0.0,0,8,true
6039,0,5,0.0,0.0,0,8,true
6040,1,4,0.0,0.0,0,9,true
6041,1,5,0.0,0.0,0,10,true
6042,-2,5,0.0,0.0,0,8,true
6043,-6,5,0.0,0.0,0,2,true
6044,1,5,0.0,0.0,0,3,true
6045,7,5,0.0,0.0,0,10,true
6046,-7,5,0.0,0.0,0,3,true
6047,1,5,0.0,0.0,0,4,true
6048,-2,5,0.0,0.0,0,2,true
6049,8,5,0.0,0.0,0,10,true
6050,-1,5,0.0,0.0,0,9,true
6051,-1,5,0.0,0.0,0,8,true
6052,-6,5,0.0,0.0,0,2,true
6053,6,5,0.0,0.0,0,8,true
6054,-4,5,0.0,0.0,0,4,true
6055,6,5,0.0,0.0,0,10,true
6056,0,5,0.0,0.0,0,10,true
6057,-9,5,0.0,0.0,0,1,true
6058,2,5,0.0,0.0,0,3,true
6059,2,5,0.0,0.0,0,5,true
6060,0,5,0.0,0.0,0,5,true
6061,2,5,0.0,0.0,0,7,true
6062,3,5,0.0,0.0,0,10,true
6063,-5,5,0.0,0.0,0,5,true
6064,1,4,0.0,0.0,0,6,true
6065,-1,5,0.0,0.0,0,5,true
6066,5,5,0.0,0.0,0,10,true
6067,-4,5,0.0,0.0,0,6,true
6068,-4,5,0.0,0.0,0,2,true
6069,2,5,0.0,0.0,0,4,true
6070,-1,5,0.0,0.0,0,3,true
6071,2,5,0.0,0.0,0,5,true
6072,-4,5,0.0,0.0,0,1,true
6073,9,5,0.0,0.0,0,10,true
6074,-8,5,0.0,0.0,0,2,true
6075,4,5,0.0,0.0,0,6,true
6076,-5,5,0.0,0.0,0,1,true
6077,5,5,0.0,0.0,0,6,true
6078,-2,5,0.0,0.0,0,4,true
6079,-3,5,0.0,0.0,0,1,true
6080,3,5,0.0,0.0,0,4,true
6081,1,5,0.0,0.0,0,5,true
6082,-1,4,0.0,0.0,0,4,true
6083,4,5,0.0,0.0,0,8,true
6084,-4,5,0.0,0.0,0,4,true
6085,6,5,0.0,0.0,0,10,true
6086,-1,5,0.0,0.0,0,9,true
6087,1,5,0.0,0.0,0,10,true
6088,-8,5,0.0,0.0,0,2,true
6089,2,4,0.0,0.0,0,4,true
6090,2,5,0.0,0.0,0,6,true
6091,4,5,0.0,0.0,0,10,true
6092,-4,5,0.0,0.0,0,6,true
6093,0,5,0.0,0.0,0,6,true
6094,-4,5,0.0,0.0,0,2,true
6095,2,5,0.0,0.0,0,4,true
6096,5,5,0.0,0.0,0,9,true
6097,0,5,0.0,0.0,0,9,true
6098,-8,5,0.0,0.0,0,1,true
6099,8,5,0.0,0.0,0,9,true
6100,1,5,0.0,0.0,0,10,true
6101,-4,5,0.0,0.0,0,6,true
6102,2,5,0.0,0.0,0,8,true
6103,-7,5,0.0,0.0,0,1,true
6104,1,5,0.0,0.0,0,2,true
6105,8,5,0.0,0.0,0,10,true
6106,-9,5,0.0,0.0,0,1,true
6107,2,5,0.0,0.0,0,3,true
6108,3,5,0.0,0.0,0,6,true
6109,-4,5,0.0,0.0,0,2,true
6110,-1,5,0.0,0.0,0,1,true
6111,3,5,0.0,0.0,0,4,true
6112,3,5,0.0,0.0,0,7,true
6113,0,5,0.0,0.0,0,7,true
6114,1,5,0.0,0.0,0,8,true
6115,-2,5,0.0,0.0,0,6,true
6116,1,5,0.0,0.0,0,7,true
6117,-2,5,0.0,0.0,0,5,true
6118,4,5,0.0,0.0,0,9,true
6119,-7,5,0.0,0.0,0,2,true
6120,-1,5,0.0,0.0,0,1,true
6121,7,3,0.0,0.0,0,8,true
6122,-7,5,0.0,0.0,0,1,true
6123,7,5,0.0,0.0,0,8,true
6124,-1,5,0.0,0.0,0,7,true
6125,3,5,0.0,0.0,0,10,true
6126,-5,5,0.0,0.0,0,5,true
6127,1,5,0.0,0.0,0,6,true
6128,-2,5,0.0,0.0,0,4,true
6129,4,5,0.0,0.0,0,8,true
6130,0,5,0.0,0.0,0,8,true
6131,-6,5,0.0,0.0,0,2,true
6132,7,5,0.0,0.0,0,9,true
6133,1,5,0.0,0.0,0,10,true
6134,-4,5,0.0,0.0,0,6,true
6135,-2,4,0.0,0.0,0,4,true
6136,-2,5,0.0,0.0,0,2,true
6137,2,5,0.0,0.0,0,4,true
6138,-1,5,0.0,0.0,0,3,true
6139,1,4,0.0,0.0,0,4,true
6140,-2,5,0.0,0.0,0,2,true
6141,2,5,0.0,0.0,0,4,true
6142,3,5,0.0,0.0,0,7,true
6143,-5,5,0.0,0.0,0,2,true
6144,6,5,0.0,0.0,0,8,true
6145,2,5,0.0,0.0,0,10,true
6146,-8,5,0.0,0.0,0,2,true
6147,3,5,0.0,0.0,0,5,true
6148,5,5,0.0,0.0,0,10,true
6149,-5,5,0.0,0.0,0,5,true
6150,-2,5,0.0,0.0,0,3,true
6151,-1,5,0.0,0.0,0,2,true
6152,0,5,0.0,0.0,0,2,true
6153,2,5,0.0,0.0,0,4,true
6154,-3,5,0.0,0.0,0,1,true
6155,5,5,0.0,0.0,0,6,true
6156,-2,5,0.0,0.0,0,4,true
6157,5,5,0.0,0.0,0,9,true
6158,-8,5,0.0,0.0,0,1,true
6159,6,5,0.0,0.0,0,7,true
6160,0,5,0.0,0.0,0,7,true
6161,-4,5,0.0,0.0,0,3,true
6162,1,5,0.0,0.0,0,4,true
6163,-2,5,0.0,0.0,0,2,true
6164,3,5,0.0,0.0,0,5,true
6165,1,5,0.0,0.0,0,6,true
6166,2,5,0.0,0.0,0,8,true
6167,0,5,0.0,0.0,0,8,true
6168,0,5,0.0,0.0,0,8,true
6169,-3,5,0.0,0.0,0,5,true
6170,-2,5,0.0,0.0,0,3,true
6171,-2,5,0.0,0.0,0,1,true
6172,4,5,0.0,0.0,0,5,true
6173,1,5,0.0,0.0,0,6,true
6174,1,5,0.0,0.0,0,7,true
6175,3,5,0.0,0.0,0,10,true
6176,-1,5,0.0,0.0,0,9,true
6177,-2,5,0.0,0.0,0,7,true
6178,-6,5,0.0,0.0,0,1,true
6179,6,5,0.0,0.0,0,7,true
6180,-4,5,0.0,0.0,0,3,true
6181,0,5,0.0,0.0,0,3,true
6182,6,5,0.0,0.0,0,9,true
6183,-1,5,0.0,0.0,0,8,true
6184,-7,5,0.0,0.0,0,1,true
6185,4,5,0.0,0.0,0,5,true
6186,1,4,0.0,0.0,0,6,true
6187,-4,5,0.0,0.0,0,2,true
6188,0,5,0.0,0.0,0,2,true
6189,3,4,0.0,0.0,0,5,true
6190,4,5,0.0,0.0,0,9,true
6191,-4,5,0.0,0.0,0,5,true
6192,-4,5,0.0,0.0,0,1,true
6193,5,5,0.0,0.0,0,6,true
6194,3,4,0.0,0.0,0,9,true
6195,0,5,0.0,0.0,0,9,true
6196,-7,5,0.0,0.0,0,2,true
6197,5,5,0.0,0.0,0,7,true
6198,3,5,0.0,0.0,0,10,true
6199,-6,5,0.0,0.0,0,4,true
6200,0,5,0.0,0.0,0,4,true
6201,5,5,0.0,0.0,0,9,true
6202,-7,5,0.0,0.0,0,2,true
6203,1,5,0.0,0.0,0,3,true
6204,6,5,0.0,0.0,0,9,true
6205,-6,5,0.0,0.0,0,3,true
6206,7,5,0.0,0.0,0,10,true
6207,-9,5,0.0,0.0,0,1,true
6208,9,5,0.0,0.0,0,10,true
6209,-7,5,0.0,0.0,0,3,true
6210,-2,5,0.0,0.0,0,1,true
6211,3,5,0.0,0.0,0,4,true
6212,4,5,0.0,0.0,0,8,true
6213,-4,5,0.0,0.0,0,4,true
6214,3,5,0.0,0.0,0,7,true
6215,-3,5,0.0,0.0,0,4,true
6216,3,5,0.0,0.0,0,7,true
6217,-2,5,0.0,0.0,0,5,true
6218,3,4,0.0,0.0,0,8,true
6219,-5,5,0.0,0.0,0,3,true
6220,0,5,0.0,0.0,0,3,true
6221,-1,5,0.0,0.0,0,2,true
6222,2,5,0.0,0.0,0,4,true
6223,0,5,0.0,0.0,0,4,true
6224,6,5,0.0,0.0,0,10,true
6225,-2,5,0.0,0.0,0,8,true
6226,-6,5,0.0,0.0,0,2,true
6227,4,5,0.0,0.0,0,6,true
6228,-3,5,0.0,0.0,0,3,true
6229,1,5,0.0,0.0,0,4,true
6230,-3,5,0.0,0.0,0,1,true
6231,4,5,0.0,0.0,0,5,true
6232,-1,5,0.0,0.0,0,4,true
6233,5,5,0.0,0.0,0,9,true
6234,1,4,0.0,0.0,0,10,true
6235,-3,5,0.0,0.0,0,7,true
6236,-3,5,0.0,0.0,0,4,true
6237,0,5,0.0,0.0,0,4,true
6238,5,5,0.0,0.0,0,9,true
6239,-7,5,0.0,0.0,0,2,true
6240,3,5,0.0,0.0,0,5,true
6241,-3,5,0.0,0.0,0,2,true
6242,3,5,0.0,0.0,0,5,true
6243,-4,5,0.0,0.0,0,1,true
6244,8,5,0.0,0.0,0,9,true
6245,-1,5,0.0,0.0,0,8,true
6246,1,5,0.0,0.0,0,9,true
6247,-1,5,0.0,0.0,0,8,true
6248,-3,5,0.0,0.0,0,5,true
6249,-2,5,0.0,0.0,0,3,true
6250,0,5,0.0,0.0,0,3,true
6251,-1,5,0.0,0.0,0,2,true
6252,8,5,0.0,0.0,0,10,true
6253,-7,5,0.0,0.0,0,3,true
6254,2,5,0.0,0.0,0,5,true
6255,-1,5,0.0,0.0,0,4,true
6256,-3,4,0.0,0.0,0,1,true
6257,4,5,0.0,0.0,0,5,true
6258,1,5,0.0,0.0,0,6,true
6259,-5,5,0.0,0.0,0,1,true
6260,5,4,0.0,0.0,0,6,true
6261,0,5,0.0,0.0,0,6,true
6262,0,5,0.0,0.0,0,6,true
6263,0,5,0.0,0.0,0,6,true
6264,4,5,0.0,0.0,0,10,true
6265,-1,5,0.0,0.0,0,9,true
6266,-4,5,0.0,0.0,0,5,true
6267,3,5,0.0,0.0,0,8,true
6268,-4,5,0.0,0.0,0,4,true
6269,-3,5,0.0,0.0,0,1,true
6270,8,5,0.0,0.0,0,9,true
6271,0,5,0.0,0.0,0,9,true
6272,1,5,0.0,0.0,0,10,true
6273,-5,5,0.0,0.0,0,5,true
6274,-3,5,0.0,0.0,0,2,true
6275,4,5,0.0,0.0,0,6,true
6276,0,5,0.0,0.0,0,6,true
6277,1,5,0.0,0.0,0,7,true
6278,3,4,0.0,0.0,0,10,true
6279,-5,5,0.0,0.0,0,5,true
6280,-4,5,0.0,0.0,0,1,true
6281,5,5,0.0,0.0,0,6,true
6282,-4,5,0.0,0.0,0,2,true
6283,3,5,0.0,0.0,0,5,true
6284,1,5,0.0,0.0,0,6,true
6285,1,5,0.0,0.0,0,7,true
6286,-3,5,0.0,0.0,0,4,true
6287,-1,5,0.0,0.0,0,3,true
6288,4,5,0.0,0.0,0,7,true
6289,-2,5,0.0,0.0,0,5,true
6290,-2,5,0.0,0.0,0,3,true
6291,4,5,0.0,0.0,0,7,true
6292,2,5,0.0,0.0,0,9,true
6293,-7,5,0.0,0.0,0,2,true
6294,-1,5,0.0,0.0,0,1,true
6295,9,5,0.0,0.0,0,10,true
6296,-8,5,0.0,0.0,0,2,true
6297,2,4,0.0,0.0,0,4,true
6298,0,5,0.0,0.0,0,4,true
6299,-3,5,0.0,0.0,0,1,true
6300,4,5,0.0,0.0,0,5,true
6301,0,5,0.0,0.0,0,5,true
6302,-3,4,0.0,0.0,0,2,true
6303,1,5,0.0,0.0,0,3,true
6304,1,5,0.0,0.0,0,4,true
6305,-1,5,0.0,0.0,0,3,true
6306,3,5,0.0,0.0,0,6,true
6307,-5,5,0.0,0.0,0,1,true
6308,6,5,0.0,0.0,0,7,true
6309,1,5,0.0,0.0,0,8,true
6310,-1,5,0.0,0.0,0,7,true
6311,-4,5,0.0,0.0,0,3,true
6312,3,5,0.0,0.0,0,6,true
6313,-5,5,0.0,0.0,0,1,true
6314,0,5,0.0,0.0,0,1,true
6315,0,5,0.0,0.0,0,1,true
6316,6,5,0.0,0.0,0,7,true
6317,-2,5,0.0,0.0,0,5,true
6318,3,5,0.0,0.0,0,8,true
6319,0,5,0.0,0.0,0,8,true
6320,1,5,0.0,0.0,0,9,true
6321,-8,5,0.0,0.0,0,1,true
6322,9,5,0.0,0.0,0,10,true
6323,-7,5,0.0,0.0,0,3,true
6324,1,5,0.0,0.0,0,4,true
6325,3,5,0.0,0.0,0,7,true
6326,-3,5,0.0,0.0,0,4,true
6327,6,5,0.0,0.0,0,10,true
6328,-5,5,0.0,0.0,0,5,true
6329,-2,5,0.0,0.0,0,3,true
6330,3,5,0.0,0.0,0,6,true
6331,4,5,0.0,0.0,0,10,true
6332,-4,5,0.0,0.0,0,6,true
6333,-2,5,0.0,0.0,0,4,true
6334,2,5,0.0,0.0,0,6,true
6335,3,5,0.0,0.0,0,9,true
6336,-2,5,0.0,0.0,0,7,true
6337,-1,5,0.0,0.0,0,6,true
6338,-4,5,0.0,0.0,0,2,true
6339,0,5,0.0,0.0,0,2,true
6340,6,5,0.0,0.0,0,8,true
6341,-5,5,0.0,0.0,0,3,true
6342,2,5,0.0,0.0,0,5,true
6343,-1,5,0.0,0.0,0,4,true
6344,-3,5,0.0,0.0,0,1,true
6345,8,5,0.0,0.0,0,9,true
6346,-7,5,0.0,0.0,0,2,true
6347,2,5,0.0,0.0,0,4,true
6348,-2,5,0.0,0.0,0,2,true
6349,3,5,0.0,0.0,0,5,true
6350,4,5,0.0,0.0,0,9,true
6351,1,5,0.0,0.0,0,10,true
6352,-1,4,0.0,0.0,0,9,true
6353,-8,5,0.0,0.0,0,1,true
6354,3,5,0.0,0.0,0,4,true
6355,6,5,0.0,0.0,0,10,true
6356,-9,5,0.0,0.0,0,1,true
6357,8,5,0.0,0.0,0,9,true
6358,-7,5,0.0,0.0,0,2,true
6359,2,5,0.0,0.0,0,4,true
6360,1,5,0.0,0.0,0,5,true
6361,-4,5,0.0,0.0,0,1,true
6362,9,5,0.0,0.0,0,10,true
6363,-3,5,0.0,0.0,0,7,true
6364,-2,5,0.0,0.0,0,5,true
6365,-3,5,0.0,0.0,0,2,true
6366,5,5,0.0,0.0,0,7,true
6367,-5,5,0.0,0.0,0,2,true
6368,-1,5,0.0,0.0,0,1,true
6369,6,5,0.0,0.0,0,7,true
6370,-6,5,0.0,0.0,0,1,true
6371,7,5,0.0,0.0,0,8,true
6372,0,5,0.0,0.0,0,8,true
6373,-3,5,0.0,0.0,0,5,true
6374,4,5,0.0,0.0,0,9,true
6375,-6,4,0.0,0.0,0,3,true
6376,7,5,0.0,0.0,0,10,true
6377,-7,5,0.0,0.0,0,3,true
6378,-1,5,0.0,0.0,0,2,true
6379,6,5,0.0,0.0,0,8,true
6380,-5,5,0.0,0.0,0,3,true
6381,0,5,0.0,0.0,0,3,true
6382,1,5,0.0,0.0,0,4,true
6383,6,5,0.0,0.0,0,10,true
6384,-8,5,0.0,0.0,0,2,true
6385,4,5,0.0,0.0,0,6,true
6386,1,5,0.0,0.0,0,7,true
6387,0,4,0.0,0.0,0,7,true
6388,-1,5,0.0,0.0,0,6,true
6389,4,5,0.0,0.0,0,10,true
6390,-6,5,0.0,0.0,0,4,true
6391,1,5,0.0,0.0,0,5,true
6392,2,5,0.0,0.0,0,7,true
6393,-5,5,0.0,0.0,0,2,true
6394,0,5,0.0,0.0,0,2,true
6395,5,5,0.0,0.0,0,7,true
6396,3,5,0.0,0.0,0,10,true
6397,0,5,0.0,0.0,0,10,true
6398,0,5,0.0,0.0,0,10,true
6399,-8,5,0.0,0.0,0,2,true
6400,4,5,0.0,0.0,0,6,true
6401,4,5,0.0,0.0,0,10,true
6402,-8,5,0.0,0.0,0,2,true
6403,2,5,0.0,0.0,0,4,true
6404,0,5,0.0,0.0,0,4,true
6405,5,4,0.0,0.0,0,9,true
6406,0,5,0.0,0.0,0,9,true
6407,-7,5,0.0,0.0,0,2,true
6408,-1,5,0.0,0.0,0,1,true
6409,6,5,0.0,0.0,0,7,true
6410,0,5,0.0,0.0,0,7,true
6411,-2,5,0.0,0.0,0,5,true
6412,2,5,0.0,0.0,0,7,true
6413,-6,5,0.0,0.0,0,1,true
6414,4,5,0.0,0.0,0,5,true
6415,4,4,0.0,0.0,0,9,true
6416,-2,5,0.0,0.0,0,7,true
6417,-6,5,0.0,0.0,0,1,true
6418,7,5,0.0,0.0,0,8,true
6419,-7,5,0.0,0.0,0,1,true
6420,9,5,0.0,0.0,0,10,true
6421,-7,5,0.0,0.0,0,3,true
6422,3,5,0.0,0.0,0,6,true
6423,4,5,0.0,0.0,0,10,true
6424,-7,5,0.0,0.0,0,3,true
6425,-1,5,0.0,0.0,0,2,true
6426,3,5,0.0,0.0,0,5,true
6427,-1,5,0.0,0.0,0,4,true
6428,1,5,0.0,0.0,0,5,true
6429,-2,5,0.0,0.0,0,3,true
6430,1,5,0.0,0.0,0,4,true
6431,2,5,0.0,0.0,0,6,true
6432,0,5,0.0,0.0,0,6,true
6433,1,5,0.0,0.0,0,7,true
6434,0,5,0.0,0.0,0,7,true
6435,-4,5,0.0,0.0,0,3,true
6436,5,5,0.0,0.0,0,8,true
6437,-1,5,0.0,0.0,0,7,true
6438,-6,5,0.0,0.0,0,1,true
6439,1,5,0.0,0.0,0,2,true
6440,1,5,0.0,0.0,0,3,true
6441,6,5,0.0,0.0,0,9,true
6442,-7,5,0.0,0.0,0,2,true
6443,5,5,0.0,0.0,0,7,true
6444,0,5,0.0,0.0,0,7,true
6445,0,5,0.0,0.0,0,7,true
6446,-4,5,0.0,0.0,0,3,true
6447,7,5,0.0,0.0,0,10,true
6448,-2,5,0.0,0.0,0,8,true
6449,-6,5,0.0,0.0,0,2,true
6450,0,5,0.0,0.0,0,2,true
6451,5,5,0.0,0.0,0,7,true
6452,1,5,0.0,0.0,0,8,true
6453,-4,5,0.0,0.0,0,4,true
6454,0,5,0.0,0.0,0,4,true
6455,-2,5,0.0,0.0,0,2,true
6456,-1,5,0.0,0.0,0,1,true
6457,3,5,0.0,0.0,0,4,true
6458,5,5,0.0,0.0,0,9,true
6459,-8,5,0.0,0.0,0,1,true
6460,1,5,0.0,0.0,0,2,true
6461,5,5,0.0,0.0,0,7,true
6462,3,5,0.0,0.0,0,10,true
6463,-4,5,0.0,0.0,0,6,true
6464,-5,5,0.0,0.0,0,1,true
6465,0,5,0.0,0.0,0,1,true
6466,0,5,0.0,0.0,0,1,true
6467,3,5,0.0,0.0,0,4,true
6468,-2,5,0.0,0.0,0,2,true
6469,8,5,0.0,0.0,0,10,true
6470,-6,5,0.0,0.0,0,4,true
6471,6,5,0.0,0.0,0,10,true
6472,-4,5,0.0,0.0,0,6,true
6473,2,5,0.0,0.0,0,8,true
6474,-4,5,0.0,0.0,0,4,true
6475,-3,5,0.0,0.0,0,1,true
6476,2,5,0.0,0.0,0,3,true
6477,4,5,0.0,0.0,0,7,true
6478,0,5,0.0,0.0,0,7,true
6479,-1,5,0.0,0.0,0,6,true
6480,4,5,0.0,0.0,0,10,true
6481,-4,5,0.0,0.0,0,6,true
6482,-3,5,0.0,0.0,0,3,true
6483,2,5,0.0,0.0,0,5,true
6484,-4,5,0.0,0.0,0,1,true
6485,8,5,0.0,0.0,0,9,true
6486,-8,4,0.0,0.0,0,1,true
6487,2,5,0.0,0.0,0,3,true
6488,0,5,0.0,0.0,0,3,true
6489,3,5,0.0,0.0,0,6,true
6490,-1,5,0.0,0.0,0,5,true
6491,-2,5,0.0,0.0,0,3,true
6492,-1,5,0.0,0.0,0,2,true
6493,1,5,0.0,0.0,0,3,true
6494,-1,5,0.0,0.0,0,2,true
6495,1,4,0.0,0.0,0,3,true
6496,6,5,0.0,0.0,0,9,true
6497,-1,5,0.0,0.0,0,8,true
6498,-5,5,0.0,0.0,0,3,true
6499,6,5,0.0,0.0,0,9,true
6500,-7,5,0.0,0.0,0,2,true
6501,5,5,0.0,0.0,0,7,true
6502,3,5,0.0,0.0,0,10,true
6503,-3,5,0.0,0.0,0,7,true
6504,3,5,0.0,0.0,0,10,true
6505,-6,5,0.0,0.0,0,4,true
6506,6,5,0.0,0.0,0,10,true
6507,-6,5,0.0,0.0,0,4,true
6508,0,5,0.0,0.0,0,4,true
6509,2,5,0.0,0.0,0,6,true
6510,0,5,0.0,0.0,0,6,true
6511,0,5,0.0,0.0,0,6,true
6512,-3,5,0.0,0.0,0,3,true
6513,7,5,0.0,0.0,0,10,true
6514,-3,5,0.0,0.0,0,7,true
6515,3,5,0.0,0.0,0,10,true
6516,0,5,0.0,0.0,0,10,true
6517,-3,5,0.0,0.0,0,7,true
6518,3,5,0.0,0.0,0,10,true
6519,-2,5,0.0,0.0,0,8,true
6520,-7,5,0.0,0.0,0,1,true
6521,4,5,0.0,0.0,0,5,true
6522,1,5,0.0,0.0,0,6,true
6523,-3,5,0.0,0.0,0,3,true
6524,6,5,0.0,0.0,0,9,true
6525,-1,5,0.0,0.0,0,8,true
6526,-7,5,0.0,0.0,0,1,true
6527,1,5,0.0,0.0,0,2,true
6528,5,5,0.0,0.0,0,7,true
6529,2,5,0.0,0.0,0,9,true
6530,-2,5,0.0,0.0,0,7,true
6531,2,5,0.0,0.0,0,9,true
6532,-3,5,0.0,0.0,0,6,true
6533,0,5,0.0,0.0,0,6,true
6534,0,5,0.0,0.0,0,6,true
6535,0,5,0.0,0.0,0,6,true
6536,4,5,0.0,0.0,0,10,true
6537,-8,5,0.0,0.0,0,2,true
6538,2,5,0.0,0.0,0,4,true
6539,-2,5,0.0,0.0,0,2,true
6540,5,5,0.0,0.0,0,7,true
6541,-2,5,0.0,0.0,0,5,true
6542,-4,5,0.0,0.0,0,1,true
6543,9,5,0.0,0.0,0,10,true
6544,-5,5,0.0,0.0,0,5,true
6545,1,5,0.0,0.0,0,6,true
6546,2,5,0.0,0.0,0,8,true
6547,2,5,0.0,0.0,0,10,true
6548,-5,5,0.0,0.0,0,5,true
6549,3,5,0.0,0.0,0,8,true
6550,-4,5,0.0,0.0,0,4,true
6551,0,5,0.0,0.0,0,4,true
6552,0,5,0.0,0.0,0,4,true
6553,5,5,0.0,0.0,0,9,true
6554,-5,5,0.0,0.0,0,4,true
6555,1,5,0.0,0.0,0,5,true
6556,-1,5,0.0,0.0,0,4,true
6557,1,5,0.0,0.0,0,5,true
6558,-3,5,0.0,0.0,0,2,true
6559,-1,5,0.0,0.0,0,1,true
6560,1,5,0.0,0.0,0,2,true
6561,2,4,0.0,0.0,0,4,true
6562,-2,5,0.0,0.0,0,2,true
6563,3,5,0.0,0.0,0,5,true
6564,-3,5,0.0,0.0,0,2,true
6565,5,5,0.0,0.0,0,7,true
6566,-1,5,0.0,0.0,0,6,true
6567,-5,5,0.0,0.0,0,1,true
6568,7,5,0.0,0.0,0,8,true
6569,-2,5,0.0,0.0,0,6,true
6570,-3,5,0.0,0.0,0,3,true
6571,7,5,0.0,0.0,0,10,true
6572,-8,5,0.0,0.0,0,2,true
6573,3,5,0.0,0.0,0,5,true
6574,0,5,0.0,0.0,0,5,true
6575,0,5,0.0,0.0,0,5,true
6576,-1,4,0.0,0.0,0,4,true
6577,4,5,0.0,0.0,0,8,true
6578,-5,5,0.0,0.0,0,3,true
6579,5,5,0.0,0.0,0,8,true
6580,-7,5,0.0,0.0,0,1,true
6581,3,5,0.0,0.0,0,4,true
6582,5,5,0.0,0.0,0,9,true
6583,-4,5,0.0,0.0,0,5,true
6584,3,5,0.0,0.0,0,8,true
6585,2,5,0.0,0.0,0,10,true
6586,-1,5,0.0,0.0,0,9,true
6587,-4,5,0.0,0.0,0,5,true
6588,5,5,0.0,0.0,0,10,true
6589,-2,5,0.0,0.0,0,8,true
6590,-7,5,0.0,0.0,0,1,true
6591,8,5,0.0,0.0,0,9,true
6592,-2,5,0.0,0.0,0,7,true
6593,0,5,0.0,0.0,0,7,true
6594,2,5,0.0,0.0,0,9,true
6595,-7,5,0.0,0.0,0,2,true
6596,3,5,0.0,0.0,0,5,true
6597,-1,5,0.0,0.0,0,4,true
6598,4,5,0.0,0.0,0,8,true
6599,-2,5,0.0,0.0,0,6,true
6600,-4,5,0.0,0.0,0,2,true
6601,8,4,0.0,0.0,0,10,true
6602,-7,5,0.0,0.0,0,3,true
6603,7,5,0.0,0.0,0,10,true
6604,-8,4,0.0,0.0,0,2,true
6605,1,5,0.0,0.0,0,3,true
6606,0,5,0.0,0.0,0,3,true
6607,-1,5,0.0,0.0,0,2,true
6608,-1,5,0.0,0.0,0,1,true
6609,4,5,0.0,0.0,0,5,true
6610,-4,5,0.0,0.0,0,1,true
6611,4,5,0.0,0.0,0,5,true
6612,4,5,0.0,0.0,0,9,true
6613,-2,5,0.0,0.0,0,7,true
6614,-2,5,0.0,0.0,0,5,true
6615,0,5,0.0,0.0,0,5,true
6616,-2,5,0.0,0.0,0,3,true
6617,2,5,0.0,0.0,0,5,true
6618,-4,5,0.0,0.0,0,1,true
6619,5,5,0.0,0.0,0,6,true
6620,-3,5,0.0,0.0,0,3,true
6621,2,5,0.0,0.0,0,5,true
6622,3,5,0.0,0.0,0,8,true
6623,0,5,0.0,0.0,0,8,true
6624,-5,5,0.0,0.0,0,3,true
6625,5,5,0.0,0.0,0,8,true
6626,-4,5,0.0,0.0,0,4,true
6627,-1,5,0.0,0.0,0,3,true
6628,0,5,0.0,0.0,0,3,true
6629,2,5,0.0,0.0,0,5,true
6630,-3,5,0.0,0.0,0,2,true
6631,5,5,0.0,0.0,0,7,true
6632,3,5,0.0,0.0,0,10,true
6633,-4,5,0.0,0.0,0,6,true
6634,0,5,0.0,0.0,0,6,true
6635,-1,5,0.0,0.0,0,5,true
6636,2,5,0.0,0.0,0,7,true
6637,-4,5,0.0,0.0,0,3,true
6638,5,5,0.0,0.0,0,8,true
6639,2,5,0.0,0.0,0,10,true
6640,-8,5,0.0,0.0,0,2,true
6641,8,5,0.0,0.0,0,10,true
6642,-1,5,0.0,0.0,0,9,true
6643,-2,5,0.0,0.0,0,7,true
6644,-3,5,0.0,0.0,0,4,true
6645,-2,5,0.0,0.0,0,2,true
6646,3,5,0.0,0.0,0,5,true
6647,1,4,0.0,0.0,0,6,true
6648,-4,5,0.0,0.0,0,2,true
6649,5,5,0.0,0.0,0,7,true
6650,-1,5,0.0,0.0,0,6,true
6651,3,5,0.0,0.0,0,9,true
6652,0,5,0.0,0.0,0,9,true
6653,-3,5,0.0,0.0,0,6,true
6654,-5,5,0.0,0.0,0,1,true
6655,1,5,0.0,0.0,0,2,true
6656,7,5,0.0,0.0,0,9,true
6657,-1,5,0.0,0.0,0,8,true
6658,-1,4,0.0,0.0,0,7,true
6659,-6,5,0.0,0.0,0,1,true
6660,3,5,0.0,0.0,0,4,true
6661,-2,5,0.0,0.0,0,2,true
6662,1,5,0.0,0.0,0,3,true
6663,1,5,0.0,0.0,0,4,true
6664,0,5,0.0,0.0,0,4,true
6665,1,5,0.0,0.0,0,5,true
6666,-3,5,0.0,0.0,0,2,true
6667,5,5,0.0,0.0,0,7,true
6668,1,5,0.0,0.0,0,8,true
6669,-4,5,0.0,0.0,0,4,true
6670,5,5,0.0,0.0,0,9,true
6671,-1,5,0.0,0.0,0,8,true
6672,0,5,0.0,0.0,0,8,true
6673,-4,5,0.0,0.0,0,4,true
6674,6,5,0.0,0.0,0,10,true
6675,-2,5,0.0,0.0,0,8,true
6676,2,5,0.0,0.0,0,10,true
6677,-2,5,0.0,0.0,0,8,true
6678,-2,5,0.0,0.0,0,6,true
6679,-3,5,0.0,0.0,0,3,true
6680,7,5,0.0,0.0,0,10,true
6681,-5,5,0.0,0.0,0,5,true
6682,-3,5,0.0,0.0,0,2,true
6683,8,5,0.0,0.0,0,10,true
6684,-4,4,0.0,0.0,0,6,true
6685,-5,5,0.0,0.0,0,1,true
6686,9,5,0.0,0.0,0,10,true
6687,-5,5,0.0,0.0,0,5,true
6688,-3,5,0.0,0.0,0,2,true
6689,6,5,0.0,0.0,0,8,true
6690,-5,5,0.0,0.0,0,3,true
6691,7,5,0.0,0.0,0,10,true
6692,-1,5,0.0,0.0,0,9,true
6693,0,4,0.0,0.0,0,9,true
6694,1,5,0.0,0.0,0,10,true
6695,-9,5,0.0,0.0,0,1,true
6696,7,5,0.0,0.0,0,8,true
6697,1,5,0.0,0.0,0,9,true
6698,-4,5,0.0,0.0,0,5,true
6699,-3,5,0.0,0.0,0,2,true
6700,0,5,0.0,0.0,0,2,true
6701,2,5,0.0,0.0,0,4,true
6702,6,4,0.0,0.0,0,10,true
6703,-9,5,0.0,0.0,0,1,true
6704,5,5,0.0,0.0,0,6,true
6705,-2,5,0.0,0.0,0,4,true
6706,1,5,0.0,0.0,0,5,true
6707,-2,5,0.0,0.0,0,3,true
6708,3,5,0.0,0.0,0,6,true
6709,2,5,0.0,0.0,0,8,true
6710,-3,4,0.0,0.0,0,5,true
6711,1,5,0.0,0.0,0,6,true
6712,3,5,0.0,0.0,0,9,true
6713,-1,5,0.0,0.0,0,8,true
6714,0,5,0.0,0.0,0,8,true
6715,0,5,0.0,0.0,0,8,true
6716,1,5,0.0,0.0,0,9,true
6717,-8,5,0.0,0.0,0,1,true
6718,6,5,0.0,0.0,0,7,true
6719,3,5,0.0,0.0,0,10,true
6720,-2,5,0.0,0.0,0,8,true
6721,2,5,0.0,0.0,0,10,true
6722,-5,5,0.0,0.0,0,5,true
6723,5,5,0.0,0.0,0,10,true
6724,-8,5,0.0,0.0,0,2,true
6725,3,5,0.0,0.0,0,5,true
6726,-1,5,0.0,0.0,0,4,true
6727,-3,4,0.0,0.0,0,1,true
6728,4,5,0.0,0.0,0,5,true
6729,4,5,0.0,0.0,0,9,true
6730,-5,5,0.0,0.0,0,4,true
6731,3,5,0.0,0.0,0,7,true
6732,1,5,0.0,0.0,0,8,true
6733,-1,4,0.0,0.0,0,7,true
6734,-1,5,0.0,0.0,0,6,true
6735,-2,5,0.0,0.0,0,4,true
6736,3,5,0.0,0.0,0,7,true
6737,-2,5,0.0,0.0,0,5,true
6738,3,5,0.0,0.0,0,8,true
6739,-7,5,0.0,0.0,0,1,true
6740,3,5,0.0,0.0,0,4,true
6741,-2,5,0.0,0.0,0,2,true
6742,2,5,0.0,0.0,0,4,true
6743,4,5,0.0,0.0,0,8,true
6744,-6,5,0.0,0.0,0,2,true
6745,6,5,0.0,0.0,0,8,true
6746,-6,5,0.0,0.0,0,2,true
6747,2,4,0.0,0.0,0,4,true
6748,5,5,0.0,0.0,0,9,true
6749,-5,5,0.0,0.0,0,4,true
6750,-3,5,0.0,0.0,0,1,true
6751,8,5,0.0,0.0,0,9,true
6752,-4,4,0.0,0.0,0,5,true
6753,4,5,0.0,0.0,0,9,true
6754,-6,5,0.0,0.0,0,3,true
6755,3,5,0.0,0.0,0,6,true
6756,-5,5,0.0,0.0,0,1,true
6757,5,5,0.0,0.0,0,6,true
6758,-4,5,0.0,0.0,0,2,true
6759,8,5,0.0,0.0,0,10,true
6760,-5,5,0.0,0.0,0,5,true
6761,0,5,0.0,0.0,0,5,true
6762,5,5,0.0,0.0,0,10,true
6763,-3,5,0.0,0.0,0,7,true
6764,0,5,0.0,0.0,0,7,true
6765,-1,5,0.0,0.0,0,6,true
6766,-3,5,0.0,0.0,0,3,true
6767,3,4,0.0,0.0,0,6,true
6768,-4,5,0.0,0.0,0,2,true
6769,2,5,0.0,0.0,0,4,true
6770,0,5,0.0,0.0,0,4,true
6771,6,5,0.0,0.0,0,10,true
6772,-2,5,0.0,0.0,0,8,true
6773,-5,5,0.0,0.0,0,3,true
6774,-1,5,0.0,0.0,0,2,true
6775,-1,3,0.0,0.0,0,1,true
6776,8,5,0.0,0.0,0,9,true
6777,-8,5,0.0,0.0,0,1,true
6778,7,4,0.0,0.0,0,8,true
6779,-3,5,0.0,0.0,0,5,true
6780,2,5,0.0,0.0,0,7,true
6781,3,5,0.0,0.0,0,10,true
6782,-8,5,0.0,0.0,0,2,true
6783,4,5,0.0,0.0,0,6,true
6784,2,5,0.0,0.0,0,8,true
6785,-4,5,0.0,0.0,0,4,true
6786,1,5,0.0,0.0,0,5,true
6787,5,5,0.0,0.0,0,10,true
6788,-6,5,0.0,0.0,0,4,true
6789,0,5,0.0,0.0,0,4,true
6790,1,5,0.0,0.0,0,5,true
6791,0,5,0.0,0.0,0,5,true
6792,-3,5,0.0,0.0,0,2,true
6793,3,5,0.0,0.0,0,5,true
6794,4,5,0.0,0.0,0,9,true
6795,1,5,0.0,0.0,0,10,true
6796,-2,5,0.0,0.0,0,8,true
6797,-6,5,0.0,0.0,0,2,true
6798,1,5,0.0,0.0,0,3,true
6799,-1,5,0.0,0.0,0,2,true
6800,0,5,0.0,0.0,0,2,true
6801,1,4,0.0,0.0,0,3,true
6802,4,5,0.0,0.0,0,7,true
6803,-3,5,0.0,0.0,0,4,true
6804,5,5,0.0,0.0,0,9,true
6805,-7,5,0.0,0.0,0,2,true
6806,0,4,0.0,0.0,0,2,true
6807,4,5,0.0,0.0,0,6,true
6808,-4,5,0.0,0.0,0,2,true
6809,5,5,0.0,0.0,0,7,true
6810,-2,5,0.0,0.0,0,5,true
6811,1,5,0.0,0.0,0,6,true
6812,-2,5,0.0,0.0,0,4,true
6813,-1,5,0.0,0.0,0,3,true
6814,0,5,0.0,0.0,0,3,true
6815,5,4,0.0,0.0,0,8,true
6816,0,5,0.0,0.0,0,8,true
6817,-2,5,0.0,0.0,0,6,true
6818,2,5,0.0,0.0,0,8,true
6819,-2,5,0.0,0.0,0,6,true
6820,-4,5,0.0,0.0,0,2,true
6821,3,5,0.0,0.0,0,5,true
6822,0,4,0.0,0.0,0,5,true
6823,3,5,0.0,0.0,0,8,true
6824,1,5,0.0,0.0,0,9,true
6825,-1,5,0.0,0.0,0,8,true
6826,-5,5,0.0,0.0,0,3,true
6827,7,5,0.0,0.0,0,10,true
6828,0,5,0.0,0.0,0,10,true
6829,-7,5,0.0,0.0,0,3,true
6830,4,5,0.0,0.0,0,7,true
6831,1,5,0.0,0.0,0,8,true
6832,-7,4,0.0,0.0,0,1,true
6833,2,5,0.0,0.0,0,3,true
6834,-1,5,0.0,0.0,0,2,true
6835,-1,5,0.0,0.0,0,1,true
6836,2,5,0.0,0.0,0,3,true
6837,4,5,0.0,0.0,0,7,true
6838,0,5,0.0,0.0,0,7,true
6839,-3,5,0.0,0.0,0,4,true
6840,-1,5,0.0,0.0,0,3,true
6841,1,5,0.0,0.0,0,4,true
6842,3,5,0.0,0.0,0,7,true
6843,-1,5,0.0,0.0,0,6,true
6844,0,5,0.0,0.0,0,6,true
6845,-4,5,0.0,0.0,0,2,true
6846,2,5,0.0,0.0,0,4,true
6847,-1,5,0.0,0.0,0,3,true
6848,2,5,0.0,0.0,0,5,true
6849,-2,5,0.0,0.0,0,3,true
6850,-2,5,0.0,0.0,0,1,true
6851,9,3,0.0,0.0,0,10,true
6852,-8,5,0.0,0.0,0,2,true
6853,5,5,0.0,0.0,0,7,true
6854,0,5,0.0,0.0,0,7,true
6855,-4,5,0.0,0.0,0,3,true
6856,1,5,0.0,0.0,0,4,true
6857,6,5,0.0,0.0,0,10,true
6858,0,5,0.0,0.0,0,10,true
6859,-5,5,0.0,0.0,0,5,true
6860,2,5,0.0,0.0,0,7,true
6861,-3,5,0.0,0.0,0,4,true
6862,-2,5,0.0,0.0,0,2,true
6863,8,5,0.0,0.0,0,10,true
6864,-2,5,0.0,0.0,0,8,true
6865,-2,5,0.0,0.0,0,6,true
6866,-3,5,0.0,0.0,0,3,true
6867,2,5,0.0,0.0,0,5,true
6868,-1,5,0.0,0.0,0,4,true
6869,0,5,0.0,0.0,0,4,true
6870,3,5,0.0,0.0,0,7,true
6871,-1,5,0.0,0.0,0,6,true
6872,2,5,0.0,0.0,0,8,true
6873,2,5,0.0,0.0,0,10,true
6874,0,5,0.0,0.0,0,10,true
6875,-1,5,0.0,0.0,0,9,true
6876,-6,5,0.0,0.0,0,3,true
6877,-1,5,0.0,0.0,0,2,true
6878,0,5,0.0,0.0,0,2,true
6879,3,5,0.0,0.0,0,5,true
6880,-3,5,0.0,0.0,0,2,true
6881,5,5,0.0,0.0,0,7,true
6882,-5,5,0.0,0.0,0,2,true
6883,1,5,0.0,0.0,0,3,true
6884,1,5,0.0,0.0,0,4,true
6885,5,5,0.0,0.0,0,9,true
6886,-6,5,0.0,0.0,0,3,true
6887,6,5,0.0,0.0,0,9,true
6888,-1,5,0.0,0.0,0,8,true
6889,1,5,0.0,0.0,0,9,true
6890,-6,5,0.0,0.0,0,3,true
6891,2,5,0.0,0.0,0,5,true
6892,-4,5,0.0,0.0,0,1,true
6893,4,5,0.0,0.0,0,5,true
6894,3,5,0.0,0.0,0,8,true
6895,-7,5,0.0,0.0,0,1,true
6896,2,5,0.0,0.0,0,3,true
6897,-1,5,0.0,0.0,0,2,true
6898,7,5,0.0,0.0,0,9,true
6899,-5,5,0.0,0.0,0,4,true
6900,6,5,0.0,0.0,0,10,true
6901,-6,5,0.0,0.0,0,4,true
6902,3,5,0.0,0.0,0,7,true
6903,2,5,0.0,0.0,0,9,true
6904,1,5,0.0,0.0,0,10,true
6905,-6,5,0.0,0.0,0,4,true
6906,1,5,0.0,0.0,0,5,true
6907,5,5,0.0,0.0,0,10,true
6908,-4,5,0.0,0.0,0,6,true
6909,3,4,0.0,0.0,0,9,true
6910,-2,5,0.0,0.0,0,7,true
6911,0,5,0.0,0.0,0,7,true
6912,1,5,0.0,0.0,0,8,true
6913,2,5,0.0,0.0,0,10,true
6914,-9,4,0.0,0.0,0,1,true
6915,1,5,0.0,0.0,0,2,true
6916,0,5,0.0,0.0,0,2,true
6917,8,4,0.0,0.0,0,10,true
6918,-1,5,0.0,0.0,0,9,true
6919,-4,5,0.0,0.0,0,5,true
6920,5,5,0.0,0.0,0,10,true
6921,-8,5,0.0,0.0,0,2,true
6922,-1,5,0.0,0.0,0,1,true
6923,8,4,0.0,0.0,0,9,true
6924,-8,5,0.0,0.0,0,1,true
6925,1,5,0.0,0.0,0,2,true
6926,4,5,0.0,0.0,0,6,true
6927,1,5,0.0,0.0,0,7,true
6928,-3,5,0.0,0.0,0,4,true
6929,1,5,0.0,0.0,0,5,true
6930,-3,4,0.0,0.0,0,2,true
6931,5,4,0.0,0.0,0,7,true
6932,3,5,0.0,0.0,0,10,true
6933,-7,5,0.0,0.0,0,3,true
6934,1,5,0.0,0.0,0,4,true
6935,3,5,0.0,0.0,0,7,true
6936,3,4,0.0,0.0,0,10,true
6937,-9,4,0.0,0.0,0,1,true
6938,3,5,0.0,0.0,0,4,true
6939,5,5,0.0,0.0,0,9,true
6940,-7,5,0.0,0.0,0,2,true
6941,-1,5,0.0,0.0,0,1,true
6942,0,5,0.0,0.0,0,1,true
6943,4,5,0.0,0.0,0,5,true
6944,2,5,0.0,0.0,0,7,true
6945,0,5,0.0,0.0,0,7,true
6946,-3,4,0.0,0.0,0,4,true
6947,1,5,0.0,0.0,0,5,true
6948,-1,5,0.0,0.0,0,4,true
6949,-2,5,0.0,0.0,0,2,true
6950,0,5,0.0,0.0,0,2,true
6951,3,5,0.0,0.0,0,5,true
6952,-4,5,0.0,0.0,0,1,true
6953,4,5,0.0,0.0,0,5,true
6954,5,5,0.0,0.0,0,10,true
6955,-6,5,0.0,0.0,0,4,true
6956,-2,5,0.0,0.0,0,2,true
6957,0,5,0.0,0.0,0,2,true
6958,7,5,0.0,0.0,0,9,true
6959,-2,5,0.0,0.0,0,7,true
6960,-1,5,0.0,0.0,0,6,true
6961,1,5,0.0,0.0,0,7,true
6962,-5,5,0.0,0.0,0,2,true
6963,4,5,0.0,0.0,0,6,true
6964,0,5,0.0,0.0,0,6,true
6965,4,5,0.0,0.0,0,10,true
6966,-9,5,0.0,0.0,0,1,true
6967,3,5,0.0,0.0,0,4,true
6968,-3,5,0.0,0.0,0,1,true
6969,2,5,0.0,0.0,0,3,true
6970,4,4,0.0,0.0,0,7,true
6971,2,5,0.0,0.0,0,9,true
6972,-4,5,0.0,0.0,0,5,true
6973,3,5,0.0,0.0,0,8,true
6974,2,5,0.0,0.0,0,10,true
6975,-9,5,0.0,0.0,0,1,true
6976,7,5,0.0,0.0,0,8,true
6977,2,5,0.0,0.0,0,10,true
6978,-6,5,0.0,0.0,0,4,true
6979,-1,5,0.0,0.0,0,3,true
6980,5,5,0.0,0.0,0,8,true
6981,-3,3,0.0,0.0,0,5,true
6982,2,4,0.0,0.0,0,7,true
6983,2,4,0.0,0.0,0,9,true
6984,-3,5,0.0,0.0,0,6,true
6985,1,3,0.0,0.0,0,7,true
6986,-1,5,0.0,0.0,0,6,true
6987,3,5,0.0,0.0,0,9,true
6988,-5,5,0.0,0.0,0,4,true
6989,-3,5,0.0,0.0,0,1,true
6990,2,5,0.0,0.0,0,3,true
6991,5,5,0.0,0.0,0,8,true
6992,-1,5,0.0,0.0,0,7,true
6993,-5,5,0.0,0.0,0,2,true
6994,7,5,0.0,0.0,0,9,true
6995,-5,5,0.0,0.0,0,4,true
6996,2,5,0.0,0.0,0,6,true
6997,4,5,0.0,0.0,0,10,true
6998,-3,5,0.0,0.0,0,7,true
6999,2,5,0.0,0.0,0,9,true
7000,1,5,0.0,0.0,0,10,true
7001,-1,5,0.0,0.0,0,9,true
7002,-4,5,0.0,0.0,0,5,true
7003,1,5,0.0,0.0,0,6,true
7004,-4,5,0.0,0.0,0,2,true
7005,2,5,0.0,0.0,0,4,true
7006,3,5,0.0,0.0,0,7,true
7007,3,5,0.0,0.0,0,10,true
7008,-5,5,0.0,0.0,0,5,true
7009,-1,5,0.0,0.0,0,4,true
7010,-2,5,0.0,0.0,0,2,true
7011,0,5,0.0,0.0,0,2,true
7012,5,5,0.0,0.0,0,7,true
7013,0,5,0.0,0.0,0,7,true
7014,-6,5,0.0,0.0,0,1,true
7015,0,5,0.0,0.0,0,1,true
7016,6,5,0.0,0.0,0,7,true
7017,0,5,0.0,0.0,0,7,true
7018,0,5,0.0,0.0,0,7,true
7019,2,4,0.0,0.0,0,9,true
7020,-8,5,0.0,0.0,0,1,true
7021,2,5,0.0,0.0,0,3,true
7022,-2,5,0.0,0.0,0,1,true
7023,0,5,0.0,0.0,0,1,true
7024,2,5,0.0,0.0,0,3,true
7025,3,5,0.0,0.0,0,6,true
7026,1,5,0.0,0.0,0,7,true
7027,1,5,0.0,0.0,0,8,true
7028,-5,5,0.0,0.0,0,3,true
7029,5,4,0.0,0.0,0,8,true
7030,-2,5,0.0,0.0,0,6,true
7031,-2,5,0.0,0.0,0,4,true
7032,6,5,0.0,0.0,0,10,true
7033,-4,5,0.0,0.0,0,6,true
7034,-5,5,0.0,0.0,0,1,true
7035,8,5,0.0,0.0,0,9,true
7036,-5,5,0.0,0.0,0,4,true
7037,2,5,0.0,0.0,0,6,true
7038,-3,5,0.0,0.0,0,3,true
7039,1,5,0.0,0.0,0,4,true
7040,-1,5,0.0,0.0,0,3,true
7041,6,5,0.0,0.0,0,9,true
7042,-1,5,0.0,0.0,0,8,true
7043,-4,5,0.0,0.0,0,4,true
7044,6,5,0.0,0.0,0,10,true
7045,-7,5,0.0,0.0,0,3,true
7046,5,5,0.0,0.0,0,8,true
7047,-5,5,0.0,0.0,0,3,true
7048,2,5,0.0,0.0,0,5,true
7049,0,5,0.0,0.0,0,5,true
7050,1,4,0.0,0.0,0,6,true
7051,-5,5,0.0,0.0,0,1,true
7052,6,5,0.0,0.0,0,7,true
7053,2,5,0.0,0.0,0,9,true
7054,-7,5,0.0,0.0,0,2,true
7055,7,5,0.0,0.0,0,9,true
7056,-4,5,0.0,0.0,0,5,true
7057,-3,5,0.0,0.0,0,2,true
7058,2,4,0.0,0.0,0,4,true
7059,0,5,0.0,0.0,0,4,true
7060,2,5,0.0,0.0,0,6,true
7061,0,5,0.0,0.0,0,6,true
7062,-2,5,0.0,0.0,0,4,true
7063,6,5,0.0,0.0,0,10,true
7064,-6,5,0.0,0.0,0,4,true
7065,3,5,0.0,0.0,0,7,true
7066,-3,5,0.0,0.0,0,4,true
7067,6,5,0.0,0.0,0,10,true
7068,-4,5,0.0,0.0,0,6,true
7069,3,5,0.0,0.0,0,9,true
7070,1,5,0.0,0.0,0,10,true
7071,-3,5,0.0,0.0,0,7,true
7072,0,5,0.0,0.0,0,7,true
7073,-2,5,0.0,0.0,0,5,true
7074,-3,5,0.0,0.0,0,2,true
7075,2,5,0.0,0.0,0,4,true
7076,1,5,0.0,0.0,0,5,true
7077,5,5,0.0,0.0,0,10,true
7078,-1,5,0.0,0.0,0,9,true
7079,-2,5,0.0,0.0,0,7,true
7080,0,5,0.0,0.0,0,7,true
7081,-3,4,0.0,0.0,0,4,true
7082,3,5,0.0,0.0,0,7,true
7083,-4,5,0.0,0.0,0,3,true
7084,4,5,0.0,0.0,0,7,true
7085,1,5,0.0,0.0,0,8,true
7086,0,5,0.0,0.0,0,8,true
7087,-7,5,0.0,0.0,0,1,true
7088,3,5,0.0,0.0,0,4,true
7089,-1,5,0.0,0.0,0,3,true
7090,6,5,0.0,0.0,0,9,true
7091,0,4,0.0,0.0,0,9,true
7092,-7,5,0.0,0.0,0,2,true
7093,-1,5,0.0,0.0,0,1,true
7094,3,5,0.0,0.0,0,4,true
7095,-3,5,0.0,0.0,0,1,true
7096,7,5,0.0,0.0,0,8,true
7097,2,5,0.0,0.0,0,10,true
7098,-4,5,0.0,0.0,0,6,true
7099,0,5,0.0,0.0,0,6,true
7100,-5,5,0.0,0.0,0,1,true
7101,0,5,0.0,0.0,0,1,true
7102,6,5,0.0,0.0,0,7,true
7103,-3,5,0.0,0.0,0,4,true
7104,-2,5,0.0,0.0,0,2,true
7105,7,5,0.0,0.0,0,9,true
7106,-2,5,0.0,0.0,0,7,true
7107,-5,5,0.0,0.0,0,2,true
7108,3,5,0.0,0.0,0,5,true
7109,3,5,0.0,0.0,0,8,true
7110,-3,5,0.0,0.0,0,5,true
7111,2,5,0.0,0.0,0,7,true
7112,3,5,0.0,0.0,0,10,true
7113,-8,5,0.0,0.0,0,2,true
7114,4,5,0.0,0.0,0,6,true
7115,0,5,0.0,0.0,0,6,true
7116,-3,5,0.0,0.0,0,3,true
7117,7,5,0.0,0.0,0,10,true
7118,-4,5,0.0,0.0,0,6,true
7119,4,4,0.0,0.0,0,10,true
7120,-1,5,0.0,0.0,0,9,true
7121,-3,5,0.0,0.0,0,6,true
7122,-4,5,0.0,0.0,0,2,true
7123,1,5,0.0,0.0,0,3,true
7124,3,5,0.0,0.0,0,6,true
7125,-5,5,0.0,0.0,0,1,true
7126,8,5,0.0,0.0,0,9,true
7127,-4,5,0.0,0.0,0,5,true
7128,1,5,0.0,0.0,0,6,true
7129,0,5,0.0,0.0,0,6,true
7130,-3,5,0.0,0.0,0,3,true
7131,-1,5,0.0,0.0,0,2,true
7132,-1,5,0.0,0.0,0,1,true
7133,2,5,0.0,0.0,0,3,true
7134,-1,5,0.0,0.0,0,2,true
7135,7,5,0.0,0.0,0,9,true
7136,-6,5,0.0,0.0,0,3,true
7137,2,5,0.0,0.0,0,5,true
7138,1,5,0.0,0.0,0,6,true
7139,1,5,0.0,0.0,0,7,true
7140,-3,5,0.0,0.0,0,4,true
7141,0,5,0.0,0.0,0,4,true
7142,5,5,0.0,0.0,0,9,true
7143,0,5,0.0,0.0,0,9,true
7144,0,5,0.0,0.0,0,9,true
7145,0,5,0.0,0.0,0,9,true
7146,0,5,0.0,0.0,0,9,true
7147,-3,5,0.0,0.0,0,6,true
7148,-5,5,0.0,0.0,0,1,true
7149,3,4,0.0,0.0,0,4,true
7150,-2,5,0.0,0.0,0,2,true
7151,4,5,0.0,0.0,0,6,true
7152,-2,5,0.0,0.0,0,4,true
7153,2,5,0.0,0.0,0,6,true
7154,-3,5,0.0,0.0,0,3,true
7155,-2,5,0.0,0.0,0,1,true
7156,3,5,0.0,0.0,0,4,true
7157,-3,5,0.0,0.0,0,1,true
7158,5,5,0.0,0.0,0,6,true
7159,0,5,0.0,0.0,0,6,true
7160,2,5,0.0,0.0,0,8,true
7161,2,5,0.0,0.0,0,10,true
7162,-7,5,0.0,0.0,0,3,true
7163,6,5,0.0,0.0,0,9,true
7164,-8,5,0.0,0.0,0,1,true
7165,4,5,0.0,0.0,0,5,true
7166,4,5,0.0,0.0,0,9,true
7167,-4,5,0.0,0.0,0,5,true
7168,-3,5,0.0,0.0,0,2,true
7169,2,5,0.0,0.0,0,4,true
7170,0,5,0.0,0.0,0,4,true
7171,0,5,0.0,0.0,0,4,true
7172,-3,5,0.0,0.0,0,1,true
7173,0,5,0.0,0.0,0,1,true
7174,2,5,0.0,0.0,0,3,true
7175,5,5,0.0,0.0,0,8,true
7176,2,5,0.0,0.0,0,10,true
7177,-1,5,0.0,0.0,0,9,true
7178,1,5,0.0,0.0,0,10,true
7179,-3,5,0.0,0.0,0,7,true
7180,-5,5,0.0,0.0,0,2,true
7181,0,5,0.0,0.0,0,2,true
7182,4,5,0.0,0.0,0,6,true
7183,1,5,0.0,0.0,0,7,true
7184,-4,5,0.0,0.0,0,3,true
7185,1,5,0.0,0.0,0,4,true
7186,-3,5,0.0,0.0,0,1,true
7187,4,5,0.0,0.0,0,5,true
7188,-3,5,0.0,0.0,0,2,true
7189,-1,5,0.0,0.0,0,1,true
7190,1,4,0.0,0.0,0,2,true
7191,8,5,0.0,0.0,0,10,true
7192,-4,5,0.0,0.0,0,6,true
7193,-5,5,0.0,0.0,0,1,true
7194,6,5,0.0,0.0,0,7,true
7195,-1,5,0.0,0.0,0,6,true
7196,2,5,0.0,0.0,0,8,true
7197,0,5,0.0,0.0,0,8,true
7198,-2,5,0.0,0.0,0,6,true
7199,-2,5,0.0,0.0,0,4,true
7200,-3,5,0.0,0.0,0,1,true
7201,7,5,0.0,0.0,0,8,true
7202,-6,5,0.0,0.0,0,2,true
7203,-1,4,0.0,0.0,0,1,true
7204,4,5,0.0,0.0,0,5,true
7205,0,5,0.0,0.0,0,5,true
7206,4,5,0.0,0.0,0,9,true
7207,-2,5,0.0,0.0,0,7,true
7208,-5,5,0.0,0.0,0,2,true
7209,0,5,0.0,0.0,0,2,true
7210,5,5,0.0,0.0,0,7,true
7211,-3,5,0.0,0.0,0,4,true
7212,6,5,0.0,0.0,0,10,true
7213,-9,5,0.0,0.0,0,1,true
7214,2,5,0.0,0.0,0,3,true
7215,7,5,0.0,0.0,0,10,true
7216,-9,5,0.0,0.0,0,1,true
7217,6,5,0.0,0.0,0,7,true
7218,-2,5,0.0,0.0,0,5,true
7219,2,5,0.0,0.0,0,7,true
7220,3,5,0.0,0.0,0,10,true
7221,-4,5,0.0,0.0,0,6,true
7222,-2,5,0.0,0.0,0,4,true
7223,-2,5,0.0,0.0,0,2,true
7224,2,5,0.0,0.0,0,4,true
7225,-1,5,0.0,0.0,0,3,true
7226,6,4,0.0,0.0,0,9,true
7227,0,5,0.0,0.0,0,9,true
7228,-7,5,0.0,0.0,0,2,true
7229,8,5,0.0,0.0,0,10,true
7230,-3,5,0.0,0.0,0,7,true
7231,-1,5,0.0,0.0,0,6,true
7232,-2,5,0.0,0.0,0,4,true
7233,-1,5,0.0,0.0,0,3,true
7234,7,5,0.0,0.0,0,10,true
7235,-1,5,0.0,0.0,0,9,true
7236,0,5,0.0,0.0,0,9,true
7237,-5,5,0.0,0.0,0,4,true
7238,2,5,0.0,0.0,0,6,true
7239,3,4,0.0,0.0,0,9,true
7240,-6,5,0.0,0.0,0,3,true
7241,3,4,0.0,0.0,0,6,true
7242,-5,5,0.0,0.0,0,1,true
7243,1,5,0.0,0.0,0,2,true
7244,6,5,0.0,0.0,0,8,true
7245,-2,5,0.0,0.0,0,6,true
7246,4,5,0.0,0.0,0,10,true
7247,-4,5,0.0,0.0,0,6,true
7248,-4,5,0.0,0.0,0,2,true
7249,-1,4,0.0,0.0,0,1,true
7250,3,5,0.0,0.0,0,4,true
7251,5,5,0.0,0.0,0,9,true
7252,-4,5,0.0,0.0,0,5,true
7253,5,5,0.0,0.0,0,10,true
7254,0,5,0.0,0.0,0,10,true
7255,-5,5,0.0,0.0,0,5,true
7256,1,5,0.0,0.0,0,6,true
7257,-5,5,0.0,0.0,0,1,true
7258,3,5,0.0,0.0,0,4,true
7259,-3,5,0.0,0.0,0,1,true
7260,6,4,0.0,0.0,0,7,true
7261,0,5,0.0,0.0,0,7,true
7262,-6,5,0.0,0.0,0,1,true
7263,5,5,0.0,0.0,0,6,true
7264,1,5,0.0,0.0,0,7,true
7265,3,5,0.0,0.0,0,10,true
7266,-1,5,0.0,0.0,0,9,true
7267,-2,4,0.0,0.0,0,7,true
7268,0,5,0.0,0.0,0,7,true
7269,-4,5,0.0,0.0,0,3,true
7270,7,5,0.0,0.0,0,10,true
7271,-6,5,0.0,0.0,0,4,true
7272,5,5,0.0,0.0,0,9,true
7273,-5,5,0.0,0.0,0,4,true
7274,0,5,0.0,0.0,0,4,true
7275,-1,5,0.0,0.0,0,3,true
7276,0,5,0.0,0.0,0,3,true
7277,1,5,0.0,0.0,0,4,true
7278,-1,5,0.0,0.0,0,3,true
7279,-2,5,0.0,0.0,0,1,true
7280,7,5,0.0,0.0,0,8,true
7281,-4,5,0.0,0.0,0,4,true
7282,-3,5,0.0,0.0,0,1,true
7283,7,5,0.0,0.0,0,8,true
7284,-5,5,0.0,0.0,0,3,true
7285,4,5,0.0,0.0,0,7,true
7286,2,5,0.0,0.0,0,9,true
7287,-5,5,0.0,0.0,0,4,true
7288,5,5,0.0,0.0,0,9,true
7289,-1,5,0.0,0.0,0,8,true
7290,-6,5,0.0,0.0,0,2,true
7291,8,5,0.0,0.0,0,10,true
7292,-5,5,0.0,0.0,0,5,true
7293,5,5,0.0,0.0,0,10,true
7294,-4,5,0.0,0.0,0,6,true
7295,-4,5,0.0,0.0,0,2,true
7296,1,5,0.0,0.0,0,3,true
7297,4,5,0.0,0.0,0,7,true
7298,0,5,0.0,0.0,0,7,true
7299,-1,5,0.0,0.0,0,6,true
7300,1,5,0.0,0.0,0,7,true
7301,2,5,0.0,0.0,0,9,true
7302,-3,5,0.0,0.0,0,6,true
7303,-1,5,0.0,0.0,0,5,true
7304,-2,5,0.0,0.0,0,3,true
7305,4,5,0.0,0.0,0,7,true
7306,3,5,0.0,0.0,0,10,true
7307,-9,5,0.0,0.0,0,1,true
7308,3,5,0.0,0.0,0,4,true
7309,6,5,0.0,0.0,0,10,true
7310,0,5,0.0,0.0,0,10,true
7311,-3,5,0.0,0.0,0,7,true
7312,2,5,0.0,0.0,0,9,true
7313,-2,5,0.0,0.0,0,7,true
7314,0,5,0.0,0.0,0,7,true
7315,1,5,0.0,0.0,0,8,true
7316,2,5,0.0,0.0,0,10,true
7317,-9,5,0.0,0.0,0,1,true
7318,9,5,0.0,0.0,0,10,true
7319,-2,5,0.0,0.0,0,8,true
7320,-5,5,0.0,0.0,0,3,true
7321,6,5,0.0,0.0,0,9,true
7322,-7,5,0.0,0.0,0,2,true
7323,0,5,0.0,0.0,0,2,true
7324,8,5,0.0,0.0,0,10,true
7325,-3,5,0.0,0.0,0,7,true
7326,-4,5,0.0,0.0,0,3,true
7327,1,5,0.0,0.0,0,4,true
7328,2,5,0.0,0.0,0,6,true
7329,0,5,0.0,0.0,0,6,true
7330,3,5,0.0,0.0,0,9,true
7331,-3,4,0.0,0.0,0,6,true
7332,-1,5,0.0,0.0,0,5,true
7333,2,5,0.0,0.0,0,7,true
7334,3,5,0.0,0.0,0,10,true
7335,-1,5,0.0,0.0,0,9,true
7336,-2,5,0.0,0.0,0,7,true
7337,1,5,0.0,0.0,0,8,true
7338,-2,5,0.0,0.0,0,6,true
7339,-2,5,0.0,0.0,0,4,true
7340,4,5,0.0,0.0,0,8,true
7341,-1,5,0.0,0.0,0,7,true
7342,3,5,0.0,0.0,0,10,true
7343,0,5,0.0,0.0,0,10,true
7344,-1,5,0.0,0.0,0,9,true
7345,-8,5,0.0,0.0,0,1,true
7346,7,5,0.0,0.0,0,8,true
7347,-3,5,0.0,0.0,0,5,true
7348,3,5,0.0,0.0,0,8,true
7349,-6,5,0.0,0.0,0,2,true
7350,-1,5,0.0,0.0,0,1,true
7351,8,5,0.0,0.0,0,9,true
7352,-6,5,0.0,0.0,0,3,true
7353,5,5,0.0,0.0,0,8,true
7354,-2,5,0.0,0.0,0,6,true
7355,0,5,0.0,0.0,0,6,true
7356,-1,5,0.0,0.0,0,5,true
7357,3,5,0.0,0.0,0,8,true
7358,1,5,0.0,0.0,0,9,true
7359,-7,5,0.0,0.0,0,2,true
7360,8,5,0.0,0.0,0,10,true
7361,-5,5,0.0,0.0,0,5,true
7362,-4,5,0.0,0.0,0,1,true
7363,1,5,0.0,0.0,0,2,true
7364,2,5,0.0,0.0,0,4,true
7365,1,5,0.0,0.0,0,5,true
7366,3,5,0.0,0.0,0,8,true
7367,1,3,0.0,0.0,0,9,true
7368,-7,5,0.0,0.0,0,2,true
7369,6,5,0.0,0.0,0,8,true
7370,-4,5,0.0,0.0,0,4,true
7371,1,5,0.0,0.0,0,5,true
7372,3,5,0.0,0.0,0,8,true
7373,-4,5,0.0,0.0,0,4,true
7374,0,5,0.0,0.0,0,4,true
7375,-3,5,0.0,0.0,0,1,true
7376,9,5,0.0,0.0,0,10,true
7377,-1,5,0.0,0.0,0,9,true
7378,-6,5,0.0,0.0,0,3,true
7379,3,5,0.0,0.0,0,6,true
7380,4,5,0.0,0.0,0,10,true
7381,-8,5,0.0,0.0,0,2,true
7382,3,5,0.0,0.0,0,5,true
7383,-3,5,0.0,0.0,0,2,true
7384,0,5,0.0,0.0,0,2,true
7385,6,5,0.0,0.0,0,8,true
7386,-1,5,0.0,0.0,0,7,true
7387,2,5,0.0,0.0,0,9,true
7388,-1,5,0.0,0.0,0,8,true
7389,-2,5,0.0,0.0,0,6,true
7390,-2,5,0.0,0.0,0,4,true
7391,1,5,0.0,0.0,0,5,true
7392,4,5,0.0,0.0,0,9,true
7393,-5,5,0.0,0.0,0,4,true
7394,-3,5,0.0,0.0,0,1,true
7395,2,5,0.0,0.0,0,3,true
7396,-1,5,0.0,0.0,0,2,true
7397,6,5,0.0,0.0,0,8,true
7398,-1,5,0.0,0.0,0,7,true
7399,-4,5,0.0,0.0,0,3,true
7400,7,4,0.0,0.0,0,10,true
7401,0,5,0.0,0.0,0,10,true
7402,-8,5,0.0,0.0,0,2,true
7403,5,5,0.0,0.0,0,7,true
7404,2,5,0.0,0.0,0,9,true
7405,-7,5,0.0,0.0,0,2,true
7406,1,5,0.0,0.0,0,3,true
7407,5,5,0.0,0.0,0,8,true
7408,0,5,0.0,0.0,0,8,true
7409,-3,5,0.0,0.0,0,5,true
7410,-4,5,0.0,0.0,0,1,true
7411,1,5,0.0,0.0,0,2,true
7412,7,5,0.0,0.0,0,9,true
7413,0,5,0.0,0.0,0,9,true
7414,-2,5,0.0,0.0,0,7,true
7415,-6,5,0.0,0.0,0,1,true
7416,4,5,0.0,0.0,0,5,true
7417,0,5,0.0,0.0,0,5,true
7418,-3,5,0.0,0.0,0,2,true
7419,7,5,0.0,0.0,0,9,true
7420,-6,5,0.0,0.0,0,3,true
7421,5,5,0.0,0.0,0,8,true
7422,-6,5,0.0,0.0,0,2,true
7423,5,5,0.0,0.0,0,7,true
7424,1,5,0.0,0.0,0,8,true
7425,-2,5,0.0,0.0,0,6,true
7426,1,3,0.0,0.0,0,7,true
7427,-6,5,0.0,0.0,0,1,true
7428,0,5,0.0,0.0,0,1,true
7429,7,5,0.0,0.0,0,8,true
7430,-6,4,0.0,0.0,0,2,true
7431,1,5,0.0,0.0,0,3,true
7432,-1,4,0.0,0.0,0,2,true
7433,-1,5,0.0,0.0,0,1,true
7434,8,5,0.0,0.0,0,9,true
7435,-2,5,0.0,0.0,0,7,true
7436,-2,5,0.0,0.0,0,5,true
7437,-4,5,0.0,0.0,0,1,true
7438,4,5,0.0,0.0,0,5,true
7439,5,5,0.0,0.0,0,10,true
7440,-6,5,0.0,0.0,0,4,true
7441,4,5,0.0,0.0,0,8,true
7442,-1,5,0.0,0.0,0,7,true
7443,-4,5,0.0,0.0,0,3,true
7444,-2,5,0.0,0.0,0,1,true
7445,3,5,0.0,0.0,0,4,true
7446,6,5,0.0,0.0,0,10,true
7447,-9,5,0.0,0.0,0,1,true
7448,8,3,0.0,0.0,0,9,true
7449,-6,5,0.0,0.0,0,3,true
7450,7,5,0.0,0.0,0,10,true
7451,-4,5,0.0,0.0,0,6,true
7452,1,5,0.0,0.0,0,7,true
7453,1,5,0.0,0.0,0,8,true
7454,-7,5,0.0,0.0,0,1,true
7455,9,5,0.0,0.0,0,10,true
7456,-2,5,0.0,0.0,0,8,true
7457,-5,5,0.0,0.0,0,3,true
7458,3,5,0.0,0.0,0,6,true
7459,3,5,0.0,0.0,0,9,true
7460,-1,5,0.0,0.0,0,8,true
7461,-6,5,0.0,0.0,0,2,true
7462,2,5,0.0,0.0,0,4,true
7463,2,5,0.0,0.0,0,6,true
7464,-2,5,0.0,0.0,0,4,true
7465,-3,5,0.0,0.0,0,1,true
7466,2,5,0.0,0.0,0,3,true
7467,6,5,0.0,0.0,0,9,true
7468,-8,5,0.0,0.0,0,1,true
7469,3,5,0.0,0.0,0,4,true
7470,0,5,0.0,0.0,0,4,true
7471,0,5,0.0,0.0,0,4,true
7472,4,5,0.0,0.0,0,8,true
7473,1,5,0.0,0.0,0,9,true
7474,-6,4,0.0,0.0,0,3,true
7475,-2,5,0.0,0.0,0,1,true
7476,6,4,0.0,0.0,0,7,true
7477,3,5,0.0,0.0,0,10,true
7478,-4,4,0.0,0.0,0,6,true
7479,2,5,0.0,0.0,0,8,true
7480,0,5,0.0,0.0,0,8,true
7481,-2,4,0.0,0.0,0,6,true
7482,4,5,0.0,0.0,0,10,true
7483,-4,5,0.0,0.0,0,6,true
7484,2,5,0.0,0.0,0,8,true
7485,-6,5,0.0,0.0,0,2,true
7486,0,5,0.0,0.0,0,2,true
7487,5,5,0.0,0.0,0,7,true
7488,-1,5,0.0,0.0,0,6,true
7489,-3,5,0.0,0.0,0,3,true
7490,5,5,0.0,0.0,0,8,true
7491,-5,5,0.0,0.0,0,3,true
7492,7,5,0.0,0.0,0,10,true
7493,-6,4,0.0,0.0,0,4,true
7494,2,5,0.0,0.0,0,6,true
7495,-4,5,0.0,0.0,0,2,true
7496,2,5,0.0,0.0,0,4,true
7497,-2,5,0.0,0.0,0,2,true
7498,2,5,0.0,0.0,0,4,true
7499,3,5,0.0,0.0,0,7,true
7500,-6,5,0.0,0.0,0,1,true
7501,2,5,0.0,0.0,0,3,true
7502,2,5,0.0,0.0,0,5,true
7503,5,5,0.0,0.0,0,10,true
7504,-4,5,0.0,0.0,0,6,true
7505,0,5,0.0,0.0,0,6,true
7506,-5,5,0.0,0.0,0,1,true
7507,8,3,0.0,0.0,0,9,true
7508,-2,5,0.0,0.0,0,7,true
7509,-5,5,0.0,0.0,0,2,true
7510,6,5,0.0,0.0,0,8,true
7511,-4,5,0.0,0.0,0,4,true
7512,1,5,0.0,0.0,0,5,true
7513,-1,5,0.0,0.0,0,4,true
7514,6,5,0.0,0.0,0,10,true
7515,-3,5,0.0,0.0,0,7,true
7516,2,5,0.0,0.0,0,9,true
7517,-8,5,0.0,0.0,0,1,true
7518,2,5,0.0,0.0,0,3,true
7519,5,5,0.0,0.0,0,8,true
7520,-6,5,0.0,0.0,0,2,true
7521,7,5,0.0,0.0,0,9,true
7522,0,4,0.0,0.0,0,9,true
7523,-6,5,0.0,0.0,0,3,true
7524,5,5,0.0,0.0,0,8,true
7525,0,5,0.0,0.0,0,8,true
7526,-6,5,0.0,0.0,0,2,true
7527,6,5,0.0,0.0,0,8,true
7528,-2,5,0.0,0.0,0,6,true
7529,4,5,0.0,0.0,0,10,true
7530,-1,5,0.0,0.0,0,9,true
7531,-2,5,0.0,0.0,0,7,true
7532,-1,5,0.0,0.0,0,6,true
7533,-5,5,0.0,0.0,0,1,true
7534,0,5,0.0,0.0,0,1,true
7535,0,5,0.0,0.0,0,1,true
7536,7,5,0.0,0.0,0,8,true
7537,-5,5,0.0,0.0,0,3,true
7538,2,5,0.0,0.0,0,5,true
7539,0,5,0.0,0.0,0,5,true
7540,-3,5,0.0,0.0,0,2,true
7541,0,5,0.0,0.0,0,2,true
7542,2,5,0.0,0.0,0,4,true
7543,1,5,0.0,0.0,0,5,true
7544,2,5,0.0,0.0,0,7,true
7545,-4,5,0.0,0.0,0,3,true
7546,7,5,0.0,0.0,0,10,true
7547,-9,4,0.0,0.0,0,1,true
7548,9,5,0.0,0.0,0,10,true
7549,-4,5,0.0,0.0,0,6,true
7550,-5,5,0.0,0.0,0,1,true
7551,5,5,0.0,0.0,0,6,true
7552,-5,5,0.0,0.0,0,1,true
7553,4,5,0.0,0.0,0,5,true
7554,-3,4,0.0,0.0,0,2,true
7555,5,5,0.0,0.0,0,7,true
7556,1,5,0.0,0.0,0,8,true
7557,-1,5,0.0,0.0,0,7,true
7558,1,5,0.0,0.0,0,8,true
7559,-2,5,0.0,0.0,0,6,true
7560,-2,5,0.0,0.0,0,4,true
7561,6,4,0.0,0.0,0,10,true
7562,-8,5,0.0,0.0,0,2,true
7563,4,4,0.0,0.0,0,6,true
7564,0,5,0.0,0.0,0,6,true
7565,4,5,0.0,0.0,0,10,true
7566,-7,5,0.0,0.0,0,3,true
7567,0,5,0.0,0.0,0,3,true
7568,-2,5,0.0,0.0,0,1,true
7569,7,5,0.0,0.0,0,8,true
7570,-3,5,0.0,0.0,0,5,true
7571,2,5,0.0,0.0,0,7,true
7572,1,5,0.0,0.0,0,8,true
7573,0,5,0.0,0.0,0,8,true
7574,-7,5,0.0,0.0,0,1,true
7575,0,5,0.0,0.0,0,1,true
7576,7,5,0.0,0.0,0,8,true
7577,-5,5,0.0,0.0,0,3,true
7578,4,4,0.0,0.0,0,7,true
7579,0,5,0.0,0.0,0,7,true
7580,-4,5,0.0,0.0,0,3,true
7581,1,5,0.0,0.0,0,4,true
7582,-1,5,0.0,0.0,0,3,true
7583,2,5,0.0,0.0,0,5,true
7584,0,4,0.0,0.0,0,5,true
7585,1,4,0.0,0.0,0,6,true
7586,-5,5,0.0,0.0,0,1,true
7587,2,5,0.0,0.0,0,3,true
7588,4,5,0.0,0.0,0,7,true
7589,-6,4,0.0,0.0,0,1,true
7590,4,5,0.0,0.0,0,5,true
7591,-3,5,0.0,0.0,0,2,true
7592,-1,5,0.0,0.0,0,1,true
7593,4,5,0.0,0.0,0,5,true
7594,-2,5,0.0,0.0,0,3,true
7595,0,5,0.0,0.0,0,3,true
7596,0,5,0.0,0.0,0,3,true
7597,5,5,0.0,0.0,0,8,true
7598,-7,5,0.0,0.0,0,1,true
7599,7,5,0.0,0.0,0,8,true
7600,0,5,0.0,0.0,0,8,true
7601,-5,5,0.0,0.0,0,3,true
7602,0,4,0.0,0.0,0,3,true
7603,1,5,0.0,0.0,0,4,true
7604,1,5,0.0,0.0,0,5,true
7605,1,5,0.0,0.0,0,6,true
7606,-4,5,0.0,0.0,0,2,true
7607,-1,5,0.0,0.0,0,1,true
7608,6,5,0.0,0.0,0,7,true
7609,-2,5,0.0,0.0,0,5,true
7610,4,5,0.0,0.0,0,9,true
7611,-4,5,0.0,0.0,0,5,true
7612,5,5,0.0,0.0,0,10,true
7613,-6,5,0.0,0.0,0,4,true
7614,5,5,0.0,0.0,0,9,true
7615,-3,5,0.0,0.0,0,6,true
7616,4,5,0.0,0.0,0,10,true
7617,-4,5,0.0,0.0,0,6,true
7618,1,4,0.0,0.0,0,7,true
7619,-4,5,0.0,0.0,0,3,true
7620,-1,5,0.0,0.0,0,2,true
7621,7,5,0.0,0.0,0,9,true
7622,1,5,0.0,0.0,0,10,true
7623,-5,5,0.0,0.0,0,5,true
7624,1,5,0.0,0.0,0,6,true
7625,4,5,0.0,0.0,0,10,true
7626,-1,5,0.0,0.0,0,9,true
7627,-8,5,0.0,0.0,0,1,true
7628,8,5,0.0,0.0,0,9,true
7629,-2,5,0.0,0.0,0,7,true
7630,2,5,0.0,0.0,0,9,true
7631,-4,5,0.0,0.0,0,5,true
7632,4,5,0.0,0.0,0,9,true
7633,0,5,0.0,0.0,0,9,true
7634,-3,5,0.0,0.0,0,6,true
7635,-2,5,0.0,0.0,0,4,true
7636,6,4,0.0,0.0,0,10,true
7637,-1,5,0.0,0.0,0,9,true
7638,-8,5,0.0,0.0,0,1,true
7639,6,5,0.0,0.0,0,7,true
7640,-5,5,0.0,0.0,0,2,true
7641,6,5,0.0,0.0,0,8,true
7642,1,5,0.0,0.0,0,9,true
7643,-8,5,0.0,0.0,0,1,true
7644,8,5,0.0,0.0,0,9,true
7645,-1,5,0.0,0.0,0,8,true
7646,-1,5,0.0,0.0,0,7,true
7647,-3,5,0.0,0.0,0,4,true
7648,5,5,0.0,0.0,0,9,true
7649,-8,5,0.0,0.0,0,1,true
7650,8,5,0.0,0.0,0,9,true
7651,-4,4,0.0,0.0,0,5,true
7652,-2,5,0.0,0.0,0,3,true
7653,-1,5,0.0,0.0,0,2,true
7654,1,5,0.0,0.0,0,3,true
7655,4,5,0.0,0.0,0,7,true
7656,3,5,0.0,0.0,0,10,true
7657,-3,5,0.0,0.0,0,7,true
7658,2,5,0.0,0.0,0,9,true
7659,-1,5,0.0,0.0,0,8,true
7660,-6,5,0.0,0.0,0,2,true
7661,3,5,0.0,0.0,0,5,true
7662,0,5,0.0,0.0,0,5,true
7663,3,5,0.0,0.0,0,8,true
7664,1,5,0.0,0.0,0,9,true
7665,0,5,0.0,0.0,0,9,true
7666,-2,5,0.0,0.0,0,7,true
7667,-5,5,0.0,0.0,0,2,true
7668,-1,5,0.0,0.0,0,1,true
7669,5,4,0.0,0.0,0,6,true
7670,-1,5,0.0,0.0,0,5,true
7671,5,5,0.0,0.0,0,10,true
7672,-9,5,0.0,0.0,0,1,true
7673,8,5,0.0,0.0,0,9,true
7674,-8,5,0.0,0.0,0,1,true
7675,0,4,0.0,0.0,0,1,true
7676,6,5,0.0,0.0,0,7,true
7677,-2,5,0.0,0.0,0,5,true
7678,-2,5,0.0,0.0,0,3,true
7679,3,5,0.0,0.0,0,6,true
7680,0,5,0.0,0.0,0,6,true
7681,-5,5,0.0,0.0,0,1,true
7682,1,5,0.0,0.0,0,2,true
7683,0,5,0.0,0.0,0,2,true
7684,6,5,0.0,0.0,0,8,true
7685,1,5,0.0,0.0,0,9,true
7686,-8,5,0.0,0.0,0,1,true
7687,1,5,0.0,0.0,0,2,true
7688,4,5,0.0,0.0,0,6,true
7689,0,5,0.0,0.0,0,6,true
7690,1,5,0.0,0.0,0,7,true
7691,2,5,0.0,0.0,0,9,true
7692,-5,5,0.0,0.0,0,4,true
7693,0,5,0.0,0.0,0,4,true
7694,3,5,0.0,0.0,0,7,true
7695,3,5,0.0,0.0,0,10,true
7696,-9,5,0.0,0.0,0,1,true
7697,4,5,0.0,0.0,0,5,true
7698,4,5,0.0,0.0,0,9,true
7699,-1,5,0.0,0.0,0,8,true
7700,-6,5,0.0,0.0,0,2,true
7701,6,5,0.0,0.0,0,8,true
7702,-5,5,0.0,0.0,0,3,true
7703,6,5,0.0,0.0,0,9,true
7704,-1,5,0.0,0.0,0,8,true
7705,1,5,0.0,0.0,0,9,true
7706,-2,5,0.0,0.0,0,7,true
7707,-4,5,0.0,0.0,0,3,true
7708,3,4,0.0,0.0,0,6,true
7709,1,5,0.0,0.0,0,7,true
7710,2,5,0.0,0.0,0,9,true
7711,-4,5,0.0,0.0,0,5,true
7712,-2,5,0.0,0.0,0,3,true
7713,0,5,0.0,0.0,0,3,true
7714,3,5,0.0,0.0,0,6,true
7715,3,5,0.0,0.0,0,9,true
7716,-1,5,0.0,0.0,0,8,true
7717,-5,4,0.0,0.0,0,3,true
7718,-1,5,0.0,0.0,0,2,true
7719,4,5,0.0,0.0,0,6,true
7720,0,5,0.0,0.0,0,6,true
7721,-5,5,0.0,0.0,0,1,true
7722,6,5,0.0,0.0,0,7,true
7723,0,5,0.0,0.0,0,7,true
7724,-1,5,0.0,0.0,0,6,true
7725,-4,5,0.0,0.0,0,2,true
7726,4,5,0.0,0.0,0,6,true
7727,3,5,0.0,0.0,0,9,true
7728,-7,5,0.0,0.0,0,2,true
7729,2,5,0.0,0.0,0,4,true
7730,-2,5,0.0,0.0,0,2,true
7731,7,5,0.0,0.0,0,9,true
7732,-6,5,0.0,0.0,0,3,true
7733,3,5,0.0,0.0,0,6,true
7734,-5,5,0.0,0.0,0,1,true
7735,6,5,0.0,0.0,0,7,true
7736,3,5,0.0,0.0,0,10,true
7737,-2,5,0.0,0.0,0,8,true
7738,-6,5,0.0,0.0,0,2,true
7739,2,5,0.0,0.0,0,4,true
7740,6,5,0.0,0.0,0,10,true
7741,-9,4,0.0,0.0,0,1,true
7742,4,5,0.0,0.0,0,5,true
7743,-3,5,0.0,0.0,0,2,true
7744,6,5,0.0,0.0,0,8,true
7745,-5,5,0.0,0.0,0,3,true
7746,5,5,0.0,0.0,0,8,true
7747,-3,5,0.0,0.0,0,5,true
7748,2,5,0.0,0.0,0,7,true
7749,-3,5,0.0,0.0,0,4,true
7750,3,5,0.0,0.0,0,7,true
7751,0,5,0.0,0.0,0,7,true
7752,0,5,0.0,0.0,0,7,true
7753,-6,5,0.0,0.0,0,1,true
7754,6,5,0.0,0.0,0,7,true
7755,-5,5,0.0,0.0,0,2,true
7756,4,5,0.0,0.0,0,6,true
7757,2,5,0.0,0.0,0,8,true
7758,-7,5,0.0,0.0,0,1,true
7759,1,5,0.0,0.0,0,2,true
7760,-1,5,0.0,0.0,0,1,true
7761,5,5,0.0,0.0,0,6,true
7762,1,4,0.0,0.0,0,7,true
7763,0,5,0.0,0.0,0,7,true
7764,-2,5,0.0,0.0,0,5,true
7765,-4,4,0.0,0.0,0,1,true
7766,0,5,0.0,0.0,0,1,true
7767,9,5,0.0,0.0,0,10,true
7768,-1,5,0.0,0.0,0,9,true
7769,-2,5,0.0,0.0,0,7,true
7770,3,5,0.0,0.0,0,10,true
7771,0,5,0.0,0.0,0,10,true
7772,-6,5,0.0,0.0,0,4,true
7773,6,5,0.0,0.0,0,10,true
7774,-5,5,0.0,0.0,0,5,true
7775,-2,5,0.0,0.0,0,3,true
7776,1,5,0.0,0.0,0,4,true
7777,0,5,0.0,0.0,0,4,true
7778,-3,5,0.0,0.0,0,1,true
7779,0,5,0.0,0.0,0,1,true
7780,5,5,0.0,0.0,0,6,true
7781,3,5,0.0,0.0,0,9,true
7782,-2,5,0.0,0.0,0,7,true
7783,0,5,0.0,0.0,0,7,true
7784,-1,5,0.0,0.0,0,6,true
7785,-1,5,0.0,0.0,0,5,true
7786,-4,5,0.0,0.0,0,1,true
7787,4,5,0.0,0.0,0,5,true
7788,-2,5,0.0,0.0,0,3,true
7789,6,5,0.0,0.0,0,9,true
7790,1,4,0.0,0.0,0,10,true
7791,-3,5,0.0,0.0,0,7,true
7792,-2,5,0.0,0.0,0,5,true
7793,-2,5,0.0,0.0,0,3,true
7794,2,5,0.0,0.0,0,5,true
7795,2,5,0.0,0.0,0,7,true
7796,2,5,0.0,0.0,0,9,true
7797,0,5,0.0,0.0,0,9,true
7798,-2,5,0.0,0.0,0,7,true
7799,-1,5,0.0,0.0,0,6,true
7800,0,5,0.0,0.0,0,6,true
7801,-3,3,0.0,0.0,0,3,true
7802,-1,5,0.0,0.0,0,2,true
7803,8,5,0.0,0.0,0,10,true
7804,0,5,0.0,0.0,0,10,true
7805,-6,5,0.0,0.0,0,4,true
7806,-3,5,0.0,0.0,0,1,true
7807,7,5,0.0,0.0,0,8,true
7808,-2,5,0.0,0.0,0,6,true
7809,-4,5,0.0,0.0,0,2,true
7810,0,5,0.0,0.0,0,2,true
7811,6,5,0.0,0.0,0,8,true
7812,-4,5,0.0,0.0,0,4,true
7813,2,5,0.0,0.0,0,6,true
7814,-3,5,0.0,0.0,0,3,true
7815,4,5,0.0,0.0,0,7,true
7816,2,4,0.0,0.0,0,9,true
7817,-8,5,0.0,0.0,0,1,true
7818,8,5,0.0,0.0,0,9,true
7819,0,5,0.0,0.0,0,9,true
7820,0,5,0.0,0.0,0,9,true
7821,0,4,0.0,0.0,0,9,true
7822,-6,5,0.0,0.0,0,3,true
7823,-1,5,0.0,0.0,0,2,true
7824,1,4,0.0,0.0,0,3,true
7825,3,5,0.0,0.0,0,6,true
7826,-5,4,0.0,0.0,0,1,true
7827,4,5,0.0,0.0,0,5,true
7828,4,5,0.0,0.0,0,9,true
7829,1,5,0.0,0.0,0,10,true
7830,-4,5,0.0,0.0,0,6,true
7831,-1,5,0.0,0.0,0,5,true
7832,-3,5,0.0,0.0,0,2,true
7833,8,5,0.0,0.0,0,10,true
7834,0,5,0.0,0.0,0,10,true
7835,-7,5,0.0,0.0,0,3,true
7836,-2,5,0.0,0.0,0,1,true
7837,4,5,0.0,0.0,0,5,true
7838,3,5,0.0,0.0,0,8,true
7839,-6,5,0.0,0.0,0,2,true
7840,4,5,0.0,0.0,0,6,true
7841,-2,5,0.0,0.0,0,4,true
7842,3,5,0.0,0.0,0,7,true
7843,-3,5,0.0,0.0,0,4,true
7844,2,5,0.0,0.0,0,6,true
7845,-1,5,0.0,0.0,0,5,true
7846,-2,5,0.0,0.0,0,3,true
7847,0,5,0.0,0.0,0,3,true
7848,6,5,0.0,0.0,0,9,true
7849,-5,5,0.0,0.0,0,4,true
7850,5,5,0.0,0.0,0,9,true
7851,-7,5,0.0,0.0,0,2,true
7852,1,5,0.0,0.0,0,3,true
7853,2,5,0.0,0.0,0,5,true
7854,-4,5,0.0,0.0,0,1,true
7855,4,5,0.0,0.0,0,5,true
7856,-1,5,0.0,0.0,0,4,true
7857,3,4,0.0,0.0,0,7,true
7858,-5,5,0.0,0.0,0,2,true
7859,5,4,0.0,0.0,0,7,true
7860,-3,5,0.0,0.0,0,4,true
7861,2,5,0.0,0.0,0,6,true
7862,-1,5,0.0,0.0,0,5,true
7863,-3,5,0.0,0.0,0,2,true
7864,6,5,0.0,0.0,0,8,true
7865,-3,5,0.0,0.0,0,5,true
7866,-4,5,0.0,0.0,0,1,true
7867,4,5,0.0,0.0,0,5,true
7868,-4,5,0.0,0.0,0,1,true
7869,2,4,0.0,0.0,0,3,true
7870,4,5,0.0,0.0,0,7,true
7871,1,5,0.0,0.0,0,8,true
7872,-2,5,0.0,0.0,0,6,true
7873,-1,5,0.0,0.0,0,5,true
7874,2,5,0.0,0.0,0,7,true
7875,-1,5,0.0,0.0,0,6,true
7876,-5,5,0.0,0.0,0,1,true
7877,9,3,0.0,0.0,0,10,true
7878,-2,5,0.0,0.0,0,8,true
7879,-7,5,0.0,0.0,0,1,true
7880,0,5,0.0,0.0,0,1,true
7881,6,5,0.0,0.0,0,7,true
7882,-5,5,0.0,0.0,0,2,true
7883,4,5,0.0,0.0,0,6,true
7884,1,5,0.0,0.0,0,7,true
7885,-1,5,0.0,0.0,0,6,true
7886,3,5,0.0,0.0,0,9,true
7887,-3,5,0.0,0.0,0,6,true
7888,0,5,0.0,0.0,0,6,true
7889,3,5,0.0,0.0,0,9,true
7890,-6,5,0.0,0.0,0,3,true
7891,1,4,0.0,0.0,0,4,true
7892,5,5,0.0,0.0,0,9,true
7893,0,5,0.0,0.0,0,9,true
7894,-6,5,0.0,0.0,0,3,true
7895,4,5,0.0,0.0,0,7,true
7896,-1,5,0.0,0.0,0,6,true
7897,-1,5,0.0,0.0,0,5,true
7898,-1,5,0.0,0.0,0,4,true
7899,-3,5,0.0,0.0,0,1,true
7900,0,5,0.0,0.0,0,1,true
7901,4,5,0.0,0.0,0,5,true
7902,4,5,0.0,0.0,0,9,true
7903,1,5,0.0,0.0,0,10,true
7904,0,4,0.0,0.0,0,10,true
7905,-4,5,0.0,0.0,0,6,true
7906,2,5,0.0,0.0,0,8,true
7907,-7,5,0.0,0.0,0,1,true
7908,0,5,0.0,0.0,0,1,true
7909,5,5,0.0,0.0,0,6,true
7910,-4,4,0.0,0.0,0,2,true
7911,6,5,0.0,0.0,0,8,true
7912,-3,5,0.0,0.0,0,5,true
7913,-1,5,0.0,0.0,0,4,true
7914,6,5,0.0,0.0,0,10,true
7915,-7,5,0.0,0.0,0,3,true
7916,0,5,0.0,0.0,0,3,true
7917,-2,5,0.0,0.0,0,1,true
7918,8,5,0.0,0.0,0,9,true
7919,1,5,0.0,0.0,0,10,true
7920,-3,5,0.0,0.0,0,7,true
7921,-4,5,0.0,0.0,0,3,true
7922,-2,5,0.0,0.0,0,1,true
7923,4,5,0.0,0.0,0,5,true
7924,1,5,0.0,0.0,0,6,true
7925,-2,5,0.0,0.0,0,4,true
7926,2,5,0.0,0.0,0,6,true
7927,-1,5,0.0,0.0,0,5,true
7928,1,5,0.0,0.0,0,6,true
7929,3,4,0.0,0.0,0,9,true
7930,-8,4,0.0,0.0,0,1,true
7931,9,5,0.0,0.0,0,10,true
7932,-7,5,0.0,0.0,0,3,true
7933,-1,5,0.0,0.0,0,2,true
7934,4,5,0.0,0.0,0,6,true
7935,-5,5,0.0,0.0,0,1,true
7936,2,5,0.0,0.0,0,3,true
7937,3,5,0.0,0.0,0,6,true
7938,-2,5,0.0,0.0,0,4,true
7939,4,5,0.0,0.0,0,8,true
7940,-4,4,0.0,0.0,0,4,true
7941,-1,5,0.0,0.0,0,3,true
7942,6,5,0.0,0.0,0,9,true
7943,-6,4,0.0,0.0,0,3,true
7944,4,5,0.0,0.0,0,7,true
7945,-6,5,0.0,0.0,0,1,true
7946,5,5,0.0,0.0,0,6,true
7947,-3,5,0.0,0.0,0,3,true
7948,-2,5,0.0,0.0,0,1,true
7949,3,5,0.0,0.0,0,4,true
7950,0,5,0.0,0.0,0,4,true
7951,4,5,0.0,0.0,0,8,true
7952,-4,5,0.0,0.0,0,4,true
7953,0,5,0.0,0.0,0,4,true
7954,-1,5,0.0,0.0,0,3,true
7955,-1,4,0.0,0.0,0,2,true
7956,5,5,0.0,0.0,0,7,true
7957,-2,5,0.0,0.0,0,5,true
7958,2,5,0.0,0.0,0,7,true
7959,3,5,0.0,0.0,0,10,true
7960,-2,5,0.0,0.0,0,8,true
7961,-6,5,0.0,0.0,0,2,true
7962,7,5,0.0,0.0,0,9,true
7963,-7,5,0.0,0.0,0,2,true
7964,2,5,0.0,0.0,0,4,true
7965,-1,5,0.0,0.0,0,3,true
7966,6,5,0.0,0.0,0,9,true
7967,-5,5,0.0,0.0,0,4,true
7968,-2,4,0.0,0.0,0,2,true
7969,5,5,0.0,0.0,0,7,true
7970,-4,5,0.0,0.0,0,3,true
7971,2,5,0.0,0.0,0,5,true
7972,4,5,0.0,0.0,0,9,true
7973,-2,5,0.0,0.0,0,7,true
7974,-3,5,0.0,0.0,0,4,true
7975,1,5,0.0,0.0,0,5,true
7976,0,4,0.0,0.0,0,5,true
7977,2,5,0.0,0.0,0,7,true
7978,-6,5,0.0,0.0,0,1,true
7979,5,5,0.0,0.0,0,6,true
7980,0,5,0.0,0.0,0,6,true
7981,-5,5,0.0,0.0,0,1,true
7982,0,5,0.0,0.0,0,1,true
7983,5,5,0.0,0.0,0,6,true
7984,0,5,0.0,0.0,0,6,true
7985,-3,5,0.0,0.0,0,3,true
7986,3,5,0.0,0.0,0,6,true
7987,3,5,0.0,0.0,0,9,true
7988,0,5,0.0,0.0,0,9,true
7989,-3,5,0.0,0.0,0,6,true
7990,1,5,0.0,0.0,0,7,true
7991,-4,5,0.0,0.0,0,3,true
7992,-2,5,0.0,0.0,0,1,true
7993,4,5,0.0,0.0,0,5,true
7994,1,5,0.0,0.0,0,6,true
7995,-4,5,0.0,0.0,0,2,true
7996,2,5,0.0,0.0,0,4,true
7997,3,5,0.0,0.0,0,7,true
7998,-2,4,0.0,0.0,0,5,true
7999,2,4,0.0,0.0,0,7,true
8000,-1,5,0.0,0.0,0,6,true
8001,2,5,0.0,0.0,0,8,true
8002,-5,5,0.0,0.0,0,3,true
8003,7,5,0.0,0.0,0,10,true
8004,0,5,0.0,0.0,0,10,true
8005,-6,5,0.0,0.0,0,4,true
8006,-3,5,0.0,0.0,0,1,true
8007,6,5,0.0,0.0,0,7,true
8008,0,5,0.0,0.0,0,7,true
8009,0,5,0.0,0.0,0,7,true
8010,1,5,0.0,0.0,0,8,true
8011,-7,5,0.0,0.0,0,1,true
8012,6,5,0.0,0.0,0,7,true
8013,-3,5,0.0,0.0,0,4,true
8014,-2,5,0.0,0.0,0,2,true
8015,5,5,0.0,0.0,0,7,true
8016,-3,5,0.0,0.0,0,4,true
8017,0,5,0.0,0.0,0,4,true
8018,-1,5,0.0,0.0,0,3,true
8019,1,5,0.0,0.0,0,4,true
8020,5,5,0.0,0.0,0,9,true
8021,-7,5,0.0,0.0,0,2,true
8022,3,4,0.0,0.0,0,5,true
8023,-1,5,0.0,0.0,0,4,true
8024,0,5,0.0,0.0,0,4,true
8025,2,5,0.0,0.0,0,6,true
8026,-2,5,0.0,0.0,0,4,true
8027,3,4,0.0,0.0,0,7,true
8028,0,5,0.0,0.0,0,7,true
8029,-2,5,0.0,0.0,0,5,true
8030,-3,5,0.0,0.0,0,2,true
8031,2,5,0.0,0.0,0,4,true
8032,1,5,0.0,0.0,0,5,true
8033,-3,5,0.0,0.0,0,2,true
8034,1,5,0.0,0.0,0,3,true
8035,4,5,0.0,0.0,0,7,true
8036,-4,5,0.0,0.0,0,3,true
8037,5,5,0.0,0.0,0,8,true
8038,0,5,0.0,0.0,0,8,true
8039,0,5,0.0,0.0,0,8,true
8040,-2,5,0.0,0.0,0,6,true
8041,2,5,0.0,0.0,0,8,true
8042,-7,5,0.0,0.0,0,1,true
8043,5,5,0.0,0.0,0,6,true
8044,3,5,0.0,0.0,0,9,true
8045,-6,5,0.0,0.0,0,3,true
8046,5,5,0.0,0.0,0,8,true
8047,0,5,0.0,0.0,0,8,true
8048,-6,5,0.0,0.0,0,2,true
8049,2,5,0.0,0.0,0,4,true
8050,1,5,0.0,0.0,0,5,true
8051,0,5,0.0,0.0,0,5,true
8052,3,5,0.0,0.0,0,8,true
8053,0,5,0.0,0.0,0,8,true
8054,2,5,0.0,0.0,0,10,true
8055,-3,5,0.0,0.0,0,7,true
8056,-1,5,0.0,0.0,0,6,true
8057,1,5,0.0,0.0,0,7,true
8058,2,5,0.0,0.0,0,9,true
8059,-7,5,0.0,0.0,0,2,true
8060,7,5,0.0,0.0,0,9,true
8061,-8,5,0.0,0.0,0,1,true
8062,2,5,0.0,0.0,0,3,true
8063,1,5,0.0,0.0,0,4,true
8064,2,5,0.0,0.0,0,6,true
8065,4,5,0.0,0.0,0,10,true
8066,-1,5,0.0,0.0,0,9,true
8067,-8,5,0.0,0.0,0,1,true
8068,8,5,0.0,0.0,0,9,true
8069,-6,5,0.0,0.0,0,3,true
8070,7,5,0.0,0.0,0,10,true
8071,-2,5,0.0,0.0,0,8,true
8072,-1,5,0.0,0.0,0,7,true
8073,-4,5,0.0,0.0,0,3,true
8074,-2,5,0.0,0.0,0,1,true
8075,2,4,0.0,0.0,0,3,true
8076,-2,5,0.0,0.0,0,1,true
8077,0,5,0.0,0.0,0,1,true
8078,9,5,0.0,0.0,0,10,true
8079,-2,3,0.0,0.0,0,8,true
8080,-2,5,0.0,0.0,0,6,true
8081,0,5,0.0,0.0,0,6,true
8082,3,5,0.0,0.0,0,9,true
8083,-8,5,0.0,0.0,0,1,true
8084,3,5,0.0,0.0,0,4,true
8085,4,5,0.0,0.0,0,8,true
8086,-4,5,0.0,0.0,0,4,true
8087,4,5,0.0,0.0,0,8,true
8088,-7,5,0.0,0.0,0,1,true
8089,1,5,0.0,0.0,0,2,true
8090,8,5,0.0,0.0,0,10,true
8091,-1,5,0.0,0.0,0,9,true
8092,-7,5,0.0,0.0,0,2,true
8093,4,5,0.0,0.0,0,6,true
8094,2,5,0.0,0.0,0,8,true
8095,-5,5,0.0,0.0,0,3,true
8096,-1,3,0.0,0.0,0,2,true
8097,3,5,0.0,0.0,0,5,true
8098,-2,5,0.0,0.0,0,3,true
8099,5,5,0.0,0.0,0,8,true
8100,-6,5,0.0,0.0,0,2,true
8101,8,5,0.0,0.0,0,10,true
8102,-2,5,0.0,0.0,0,8,true
8103,-6,5,0.0,0.0,0,2,true
8104,1,5,0.0,0.0,0,3,true
8105,0,5,0.0,0.0,0,3,true
8106,2,5,0.0,0.0,0,5,true
8107,-2,5,0.0,0.0,0,3,true
8108,0,5,0.0,0.0,0,3,true
8109,7,5,0.0,0.0,0,10,true
8110,-2,5,0.0,0.0,0,8,true
8111,-4,5,0.0,0.0,0,4,true
8112,-2,5,0.0,0.0,0,2,true
8113,6,5,0.0,0.0,0,8,true
8114,1,5,0.0,0.0,0,9,true
8115,-7,5,0.0,0.0,0,2,true
8116,5,5,0.0,0.0,0,7,true
8117,-5,5,0.0,0.0,0,2,true
8118,3,5,0.0,0.0,0,5,true
8119,-4,5,0.0,0.0,0,1,true
8120,3,5,0.0,0.0,0,4,true
8121,3,5,0.0,0.0,0,7,true
8122,0,5,0.0,0.0,0,7,true
8123,2,5,0.0,0.0,0,9,true
8124,0,5,0.0,0.0,0,9,true
8125,-2,5,0.0,0.0,0,7,true
8126,-2,5,0.0,0.0,0,5,true
8127,1,5,0.0,0.0,0,6,true
8128,3,5,0.0,0.0,0,9,true
8129,-1,5,0.0,0.0,0,8,true
8130,-2,4,0.0,0.0,0,6,true
8131,-3,5,0.0,0.0,0,3,true
8132,1,5,0.0,0.0,0,4,true
8133,3,5,0.0,0.0,0,7,true
8134,-5,5,0.0,0.0,0,2,true
8135,4,5,0.0,0.0,0,6,true
8136,-5,5,0.0,0.0,0,1,true
8137,3,5,0.0,0.0,0,4,true
8138,-3,5,0.0,0.0,0,1,true
8139,6,5,0.0,0.0,0,7,true
8140,-1,5,0.0,0.0,0,6,true
8141,4,5,0.0,0.0,0,10,true
8142,-6,5,0.0,0.0,0,4,true
8143,3,5,0.0,0.0,0,7,true
8144,3,5,0.0,0.0,0,10,true
8145,-4,5,0.0,0.0,0,6,true
8146,4,5,0.0,0.0,0,10,true
8147,-1,5,0.0,0.0,0,9,true
8148,-8,5,0.0,0.0,0,1,true
8149,6,5,0.0,0.0,0,7,true
8150,-2,5,0.0,0.0,0,5,true
8151,-4,5,0.0,0.0,0,1,true
8152,7,5,0.0,0.0,0,8,true
8153,-5,5,0.0,0.0,0,3,true
8154,1,5,0.0,0.0,0,4,true
8155,6,5,0.0,0.0,0,10,true
8156,-1,5,0.0,0.0,0,9,true
8157,-3,5,0.0,0.0,0,6,true
8158,3,5,0.0,0.0,0,9,true
8159,-1,5,0.0,0.0,0,8,true
8160,0,5,0.0,0.0,0,8,true
8161,-4,5,0.0,0.0,0,4,true
8162,5,5,0.0,0.0,0,9,true
8163,0,5,0.0,0.0,0,9,true
8164,-5,5,0.0,0.0,0,4,true
8165,5,5,0.0,0.0,0,9,true
8166,-1,4,0.0,0.0,0,8,true
8167,0,5,0.0,0.0,0,8,true
8168,-5,5,0.0,0.0,0,3,true
8169,-1,5,0.0,0.0,0,2,true
8170,0,5,0.0,0.0,0,2,true
8171,0,5,0.0,0.0,0,2,true
8172,5,5,0.0,0.0,0,7,true
8173,-1,5,0.0,0.0,0,6,true
8174,-5,5,0.0,0.0,0,1,true
8175,2,5,0.0,0.0,0,3,true
8176,0,5,0.0,0.0,0,3,true
8177,4,5,0.0,0.0,0,7,true
8178,-1,5,0.0,0.0,0,6,true
8179,-3,5,0.0,0.0,0,3,true
8180,2,5,0.0,0.0,0,5,true
8181,-1,5,0.0,0.0,0,4,true
8182,-3,5,0.0,0.0,0,1,true
8183,0,5,0.0,0.0,0,1,true
8184,0,5,0.0,0.0,0,1,true
8185,3,5,0.0,0.0,0,4,true
8186,2,5,0.0,0.0,0,6,true
8187,-4,5,0.0,0.0,0,2,true
8188,8,5,0.0,0.0,0,10,true
8189,-5,5,0.0,0.0,0,5,true
8190,-3,5,0.0,0.0,0,2,true
8191,-1,5,0.0,0.0,0,1,true
8192,0,5,0.0,0.0,0,1,true
8193,4,5,0.0,0.0,0,5,true
8194,4,5,0.0,0.0,0,9,true
8195,-2,5,0.0,0.0,0,7,true
8196,-4,5,0.0,0.0,0,3,true
8197,6,5,0.0,0.0,0,9,true
8198,-8,5,0.0,0.0,0,1,true
8199,8,5,0.0,0.0,0,9,true
8200,-8,5,0.0,0.0,0,1,true
8201,5,5,0.0,0.0,0,6,true
8202,0,5,0.0,0.0,0,6,true
8203,1,5,0.0,0.0,0,7,true
8204,-6,5,0.0,0.0,0,1,true
8205,5,4,0.0,0.0,0,6,true
8206,-5,5,0.0,0.0,0,1,true
8207,5,5,0.0,0.0,0,6,true
8208,-1,5,0.0,0.0,0,5,true
8209,5,5,0.0,0.0,0,10,true
8210,-4,5,0.0,0.0,0,6,true
8211,0,4,0.0,0.0,0,6,true
8212,3,5,0.0,0.0,0,9,true
8213,-7,5,0.0,0.0,0,2,true
8214,7,5,0.0,0.0,0,9,true
8215,0,5,0.0,0.0,0,9,true
8216,-2,5,0.0,0.0,0,7,true
8217,-6,5,0.0,0.0,0,1,true
8218,7,5,0.0,0.0,0,8,true
8219,-4,5,0.0,0.0,0,4,true
8220,1,5,0.0,0.0,0,5,true
8221,4,5,0.0,0.0,0,9,true
8222,-5,5,0.0,0.0,0,4,true
8223,-1,5,0.0,0.0,0,3,true
8224,6,5,0.0,0.0,0,9,true
8225,-3,5,0.0,0.0,0,6,true
8226,-1,5,0.0,0.0,0,5,true
8227,-2,5,0.0,0.0,0,3,true
8228,2,5,0.0,0.0,0,5,true
8229,-2,5,0.0,0.0,0,3,true
8230,7,5,0.0,0.0,0,10,true
8231,-3,5,0.0,0.0,0,7,true
8232,-5,5,0.0,0.0,0,2,true
8233,7,5,0.0,0.0,0,9,true
8234,-5,5,0.0,0.0,0,4,true
8235,-1,5,0.0,0.0,0,3,true
8236,6,5,0.0,0.0,0,9,true
8237,-2,5,0.0,0.0,0,7,true
8238,3,5,0.0,0.0,0,10,true
8239,-1,5,0.0,0.0,0,9,true
8240,-3,4,0.0,0.0,0,6,true
8241,-5,5,0.0,0.0,0,1,true
8242,6,5,0.0,0.0,0,7,true
8243,-1,5,0.0,0.0,0,6,true
8244,4,5,0.0,0.0,0,10,true
8245,-9,5,0.0,0.0,0,1,true
8246,5,5,0.0,0.0,0,6,true
8247,-4,5,0.0,0.0,0,2,true
8248,3,5,0.0,0.0,0,5,true
8249,4,5,0.0,0.0,0,9,true
8250,-8,5,0.0,0.0,0,1,true
8251,2,5,0.0,0.0,0,3,true
8252,-1,5,0.0,0.0,0,2,true
8253,2,5,0.0,0.0,0,4,true
8254,4,5,0.0,0.0,0,8,true
8255,-6,5,0.0,0.0,0,2,true
8256,7,5,0.0,0.0,0,9,true
8257,-1,5,0.0,0.0,0,8,true
8258,-2,5,0.0,0.0,0,6,true
8259,-5,5,0.0,0.0,0,1,true
8260,7,5,0.0,0.0,0,8,true
8261,-5,5,0.0,0.0,0,3,true
8262,7,5,0.0,0.0,0,10,true
8263,-8,5,0.0,0.0,0,2,true
8264,7,5,0.0,0.0,0,9,true
8265,-6,5,0.0,0.0,0,3,true
8266,1,4,0.0,0.0,0,4,true
8267,4,5,0.0,0.0,0,8,true
8268,-6,5,0.0,0.0,0,2,true
8269,6,5,0.0,0.0,0,8,true
8270,0,5,0.0,0.0,0,8,true
8271,-3,5,0.0,0.0,0,5,true
8272,-1,5,0.0,0.0,0,4,true
8273,3,5,0.0,0.0,0,7,true
8274,-5,5,0.0,0.0,0,2,true
8275,6,5,0.0,0.0,0,8,true
8276,-4,5,0.0,0.0,0,4,true
8277,-1,5,0.0,0.0,0,3,true
8278,2,5,0.0,0.0,0,5,true
8279,-4,5,0.0,0.0,0,1,true
8280,9,5,0.0,0.0,0,10,true
8281,-2,5,0.0,0.0,0,8,true
8282,1,5,0.0,0.0,0,9,true
8283,-1,5,0.0,0.0,0,8,true
8284,-5,5,0.0,0.0,0,3,true
8285,7,5,0.0,0.0,0,10,true
8286,-7,5,0.0,0.0,0,3,true
8287,4,5,0.0,0.0,0,7,true
8288,-1,5,0.0,0.0,0,6,true
8289,0,5,0.0,0.0,0,6,true
8290,-1,5,0.0,0.0,0,5,true
8291,-4,5,0.0,0.0,0,1,true
8292,9,5,0.0,0.0,0,10,true
8293,-7,5,0.0,0.0,0,3,true
8294,1,5,0.0,0.0,0,4,true
8295,3,5,0.0,0.0,0,7,true
8296,-2,5,0.0,0.0,0,5,true
8297,5,5,0.0,0.0,0,10,true
8298,-3,5,0.0,0.0,0,7,true
8299,-3,5,0.0,0.0,0,4,true
8300,2,5,0.0,0.0,0,6,true
8301,2,5,0.0,0.0,0,8,true
8302,-6,5,0.0,0.0,0,2,true
8303,7,5,0.0,0.0,0,9,true
8304,-6,5,0.0,0.0,0,3,true
8305,0,5,0.0,0.0,0,3,true
8306,0,5,0.0,0.0,0,3,true
8307,0,5,0.0,0.0,0,3,true
8308,7,5,0.0,0.0,0,10,true
8309,-5,5,0.0,0.0,0,5,true
8310,-2,5,0.0,0.0,0,3,true
8311,7,5,0.0,0.0,0,10,true
8312,-8,5,0.0,0.0,0,2,true
8313,3,5,0.0,0.0,0,5,true
8314,2,5,0.0,0.0,0,7,true
8315,2,5,0.0,0.0,0,9,true
8316,-8,5,0.0,0.0,0,1,true
8317,3,5,0.0,0.0,0,4,true
8318,3,5,0.0,0.0,0,7,true
8319,1,5,0.0,0.0,0,8,true
8320,-7,5,0.0,0.0,0,1,true
8321,3,5,0.0,0.0,0,4,true
8322,2,4,0.0,0.0,0,6,true
8323,0,5,0.0,0.0,0,6,true
8324,0,5,0.0,0.0,0,6,true
8325,-2,5,0.0,0.0,0,4,true
8326,-1,5,0.0,0.0,0,3,true
8327,7,5,0.0,0.0,0,10,true
8328,-1,5,0.0,0.0,0,9,true
8329,-6,4,0.0,0.0,0,3,true
8330,7,5,0.0,0.0,0,10,true
8331,-5,5,0.0,0.0,0,5,true
8332,1,5,0.0,0.0,0,6,true
8333,0,5,0.0,0.0,0,6,true
8334,-3,5,0.0,0.0,0,3,true
8335,6,5,0.0,0.0,0,9,true
8336,1,5,0.0,0.0,0,10,true
8337,-9,5,0.0,0.0,0,1,true
8338,1,4,0.0,0.0,0,2,true
8339,8,5,0.0,0.0,0,10,true
8340,-7,5,0.0,0.0,0,3,true
8341,4,5,0.0,0.0,0,7,true
8342,2,5,0.0,0.0,0,9,true
8343,-2,5,0.0,0.0,0,7,true
8344,-6,5,0.0,0.0,0,1,true
8345,0,5,0.0,0.0,0,1,true
8346,0,5,0.0,0.0,0,1,true
8347,0,5,0.0,0.0,0,1,true
8348,3,5,0.0,0.0,0,4,true
8349,-2,5,0.0,0.0,0,2,true
8350,6,5,0.0,0.0,0,8,true
8351,-6,5,0.0,0.0,0,2,true
8352,5,5,0.0,0.0,0,7,true
8353,-3,5,0.0,0.0,0,4,true
8354,4,5,0.0,0.0,0,8,true
8355,1,5,0.0,0.0,0,9,true
8356,-7,5,0.0,0.0,0,2,true
8357,-1,5,0.0,0.0,0,1,true
8358,4,5,0.0,0.0,0,5,true
8359,-1,5,0.0,0.0,0,4,true
8360,2,5,0.0,0.0,0,6,true
8361,4,5,0.0,0.0,0,10,true
8362,-9,5,0.0,0.0,0,1,true
8363,5,5,0.0,0.0,0,6,true
8364,4,5,0.0,0.0,0,10,true
8365,0,5,0.0,0.0,0,10,true
8366,-3,5,0.0,0.0,0,7,true
8367,-4,5,0.0,0.0,0,3,true
8368,-1,5,0.0,0.0,0,2,true
8369,3,5,0.0,0.0,0,5,true
8370,4,5,0.0,0.0,0,9,true
8371,-7,5,0.0,0.0,0,2,true
8372,-1,5,0.0,0.0,0,1,true
8373,7,5,0.0,0.0,0,8,true
8374,-2,5,0.0,0.0,0,6,true
8375,0,5,0.0,0.0,0,6,true
8376,-4,5,0.0,0.0,0,2,true
8377,1,5,0.0,0.0,0,3,true
8378,6,5,0.0,0.0,0,9,true
8379,0,5,0.0,0.0,0,9,true
8380,-6,5,0.0,0.0,0,3,true
8381,6,5,0.0,0.0,0,9,true
8382,-7,5,0.0,0.0,0,2,true
8383,8,5,0.0,0.0,0,10,true
8384,-4,5,0.0,0.0,0,6,true
8385,-4,5,0.0,0.0,0,2,true
8386,6,5,0.0,0.0,0,8,true
8387,0,5,0.0,0.0,0,8,true
8388,1,5,0.0,0.0,0,9,true
8389,0,5,0.0,0.0,0,9,true
8390,-2,5,0.0,0.0,0,7,true
8391,-2,5,0.0,0.0,0,5,true
8392,2,4,0.0,0.0,0,7,true
8393,-5,5,0.0,0.0,0,2,true
8394,6,5,0.0,0.0,0,8,true
8395,0,5,0.0,0.0,0,8,true
8396,2,5,0.0,0.0,0,10,true
8397,-7,5,0.0,0.0,0,3,true
8398,-1,5,0.0,0.0,0,2,true
8399,7,5,0.0,0.0,0,9,true
8400,-1,5,0.0,0.0,0,8,true
8401,-2,5,0.0,0.0,0,6,true
8402,-4,5,0.0,0.0,0,2,true
8403,-1,5,0.0,0.0,0,1,true
8404,4,5,0.0,0.0,0,5,true
8405,3,5,0.0,0.0,0,8,true
8406,-5,5,0.0,0.0,0,3,true
8407,-2,5,0.0,0.0,0,1,true
8408,0,5,0.0,0.0,0,1,true
8409,6,5,0.0,0.0,0,7,true
8410,-2,5,0.0,0.0,0,5,true
8411,-4,5,0.0,0.0,0,1,true
8412,3,4,0.0,0.0,0,4,true
8413,3,5,0.0,0.0,0,7,true
8414,3,4,0.0,0.0,0,10,true
8415,-2,5,0.0,0.0,0,8,true
8416,-1,5,0.0,0.0,0,7,true
8417,-3,5,0.0,0.0,0,4,true
8418,-3,5,0.0,0.0,0,1,true
8419,6,5,0.0,0.0,0,7,true
8420,3,5,0.0,0.0,0,10,true
8421,-6,5,0.0,0.0,0,4,true
8422,2,5,0.0,0.0,0,6,true
8423,-3,5,0.0,0.0,0,3,true
8424,0,5,0.0,0.0,0,3,true
8425,2,5,0.0,0.0,0,5,true
8426,-2,5,0.0,0.0,0,3,true
8427,-1,5,0.0,0.0,0,2,true
8428,0,5,0.0,0.0,0,2,true
8429,8,5,0.0,0.0,0,10,true
8430,-6,5,0.0,0.0,0,4,true
8431,1,5,0.0,0.0,0,5,true
8432,4,5,0.0,0.0,0,9,true
8433,-8,5,0.0,0.0,0,1,true
8434,7,5,0.0,0.0,0,8,true
8435,-5,5,0.0,0.0,0,3,true
8436,0,5,0.0,0.0,0,3,true
8437,1,5,0.0,0.0,0,4,true
8438,-3,5,0.0,0.0,0,1,true
8439,4,5,0.0,0.0,0,5,true
8440,-2,5,0.0,0.0,0,3,true
8441,6,5,0.0,0.0,0,9,true
8442,-4,5,0.0,0.0,0,5,true
8443,-1,5,0.0,0.0,0,4,true
8444,3,5,0.0,0.0,0,7,true
8445,-2,5,0.0,0.0,0,5,true
8446,1,5,0.0,0.0,0,6,true
8447,-3,5,0.0,0.0,0,3,true
8448,-2,5,0.0,0.0,0,1,true
8449,9,5,0.0,0.0,0,10,true
8450,0,5,0.0,0.0,0,10,true
8451,-9,5,0.0,0.0,0,1,true
8452,0,5,0.0,0.0,0,1,true
8453,9,5,0.0,0.0,0,10,true
8454,-8,5,0.0,0.0,0,2,true
8455,1,5,0.0,0.0,0,3,true
8456,6,5,0.0,0.0,0,9,true
8457,1,5,0.0,0.0,0,10,true
8458,-4,4,0.0,0.0,0,6,true
8459,-2,3,0.0,0.0,0,4,true
8460,4,5,0.0,0.0,0,8,true
8461,-5,5,0.0,0.0,0,3,true
8462,2,5,0.0,0.0,0,5,true
8463,-4,5,0.0,0.0,0,1,true
8464,1,5,0.0,0.0,0,2,true
8465,-1,5,0.0,0.0,0,1,true
8466,9,5,0.0,0.0,0,10,true
8467,-4,5,0.0,0.0,0,6,true
8468,2,4,0.0,0.0,0,8,true
8469,-2,5,0.0,0.0,0,6,true
8470,-3,5,0.0,0.0,0,3,true
8471,6,5,0.0,0.0,0,9,true
8472,-6,4,0.0,0.0,0,3,true
8473,3,4,0.0,0.0,0,6,true
8474,-4,5,0.0,0.0,0,2,true
8475,8,5,0.0,0.0,0,10,true
8476,-2,5,0.0,0.0,0,8,true
8477,-5,5,0.0,0.0,0,3,true
8478,1,5,0.0,0.0,0,4,true
8479,2,5,0.0,0.0,0,6,true
8480,-3,5,0.0,0.0,0,3,true
8481,5,5,0.0,0.0,0,8,true
8482,-7,5,0.0,0.0,0,1,true
8483,4,5,0.0,0.0,0,5,true
8484,-2,5,0.0,0.0,0,3,true
8485,6,5,0.0,0.0,0,9,true
8486,0,5,0.0,0.0,0,9,true
8487,-7,5,0.0,0.0,0,2,true
8488,5,5,0.0,0.0,0,7,true
8489,2,5,0.0,0.0,0,9,true
8490,-5,5,0.0,0.0,0,4,true
8491,0,5,0.0,0.0,0,4,true
8492,0,5,0.0,0.0,0,4,true
8493,6,5,0.0,0.0,0,10,true
8494,0,5,0.0,0.0,0,10,true
8495,-1,5,0.0,0.0,0,9,true
8496,1,5,0.0,0.0,0,10,true
8497,-1,5,0.0,0.0,0,9,true
8498,0,5,0.0,0.0,0,9,true
8499,-3,5,0.0,0.0,0,6,true
8500,0,5,0.0,0.0,0,6,true
8501,0,5,0.0,0.0,0,6,true
8502,1,5,0.0,0.0,0,7,true
8503,-6,5,0.0,0.0,0,1,true
8504,4,5,0.0,0.0,0,5,true
8505,0,5,0.0,0.0,0,5,true
8506,5,5,0.0,0.0,0,10,true
8507,-3,5,0.0,0.0,0,7,true
8508,0,5,0.0,0.0,0,7,true
8509,3,5,0.0,0.0,0,10,true
8510,-1,5,0.0,0.0,0,9,true
8511,-7,5,0.0,0.0,0,2,true
8512,2,5,0.0,0.0,0,4,true
8513,4,5,0.0,0.0,0,8,true
8514,-7,5,0.0,0.0,0,1,true
8515,6,5,0.0,0.0,0,7,true
8516,1,4,0.0,0.0,0,8,true
8517,0,5,0.0,0.0,0,8,true
8518,-6,5,0.0,0.0,0,2,true
8519,4,5,0.0,0.0,0,6,true
8520,4,4,0.0,0.0,0,10,true
8521,-9,5,0.0,0.0,0,1,true
8522,2,5,0.0,0.0,0,3,true
8523,3,5,0.0,0.0,0,6,true
8524,1,5,0.0,0.0,0,7,true
8525,-5,4,0.0,0.0,0,2,true
8526,8,5,0.0,0.0,0,10,true
8527,0,5,0.0,0.0,0,10,true
8528,-1,5,0.0,0.0,0,9,true
8529,-5,5,0.0,0.0,0,4,true
8530,0,3,0.0,0.0,0,4,true
8531,4,5,0.0,0.0,0,8,true
8532,-4,5,0.0,0.0,0,4,true
8533,5,5,0.0,0.0,0,9,true
8534,-5,5,0.0,0.0,0,4,true
8535,5,5,0.0,0.0,0,9,true
8536,-7,5,0.0,0.0,0,2,true
8537,1,5,0.0,0.0,0,3,true
8538,-1,5,0.0,0.0,0,2,true
8539,3,5,0.0,0.0,0,5,true
8540,5,5,0.0,0.0,0,10,true
8541,-6,5,0.0,0.0,0,4,true
8542,1,5,0.0,0.0,0,5,true
8543,1,5,0.0,0.0,0,6,true
8544,4,5,0.0,0.0,0,10,true
8545,-2,5,0.0,0.0,0,8,true
8546,-5,5,0.0,0.0,0,3,true
8547,0,5,0.0,0.0,0,3,true
8548,5,5,0.0,0.0,0,8,true
8549,-4,5,0.0,0.0,0,4,true
8550,5,5,0.0,0.0,0,9,true
8551,-5,5,0.0,0.0,0,4,true
8552,-2,5,0.0,0.0,0,2,true
8553,-1,5,0.0,0.0,0,1,true
8554,3,5,0.0,0.0,0,4,true
8555,3,4,0.0,0.0,0,7,true
8556,-5,5,0.0,0.0,0,2,true
8557,7,5,0.0,0.0,0,9,true
8558,-5,5,0.0,0.0,0,4,true
8559,5,5,0.0,0.0,0,9,true
8560,-6,5,0.0,0.0,0,3,true
8561,6,5,0.0,0.0,0,9,true
8562,-2,5,0.0,0.0,0,7,true
8563,0,5,0.0,0.0,0,7,true
8564,-5,5,0.0,0.0,0,2,true
8565,8,5,0.0,0.0,0,10,true
8566,-9,5,0.0,0.0,0,1,true
8567,8,5,0.0,0.0,0,9,true
8568,-4,5,0.0,0.0,0,5,true
8569,-4,5,0.0,0.0,0,1,true
8570,0,5,0.0,0.0,0,1,true
8571,1,4,0.0,0.0,0,2,true
8572,8,5,0.0,0.0,0,10,true
8573,0,5,0.0,0.0,0,10,true
8574,-3,5,0.0,0.0,0,7,true
8575,3,5,0.0,0.0,0,10,true
8576,0,5,0.0,0.0,0,10,true
8577,0,5,0.0,0.0,0,10,true
8578,-5,5,0.0,0.0,0,5,true
8579,5,5,0.0,0.0,0,10,true
8580,-8,5,0.0,0.0,0,2,true
8581,1,5,0.0,0.0,0,3,true
8582,3,5,0.0,0.0,0,6,true
8583,-3,5,0.0,0.0,0,3,true
8584,-1,5,0.0,0.0,0,2,true
8585,4,5,0.0,0.0,0,6,true
8586,1,5,0.0,0.0,0,7,true
8587,-1,5,0.0,0.0,0,6,true
8588,-3,5,0.0,0.0,0,3,true
8589,3,5,0.0,0.0,0,6,true
8590,-2,5,0.0,0.0,0,4,true
8591,-2,5,0.0,0.0,0,2,true
8592,7,5,0.0,0.0,0,9,true
8593,-1,5,0.0,0.0,0,8,true
8594,2,5,0.0,0.0,0,10,true
8595,-7,4,0.0,0.0,0,3,true
8596,-2,5,0.0,0.0,0,1,true
8597,9,5,0.0,0.0,0,10,true
8598,0,5,0.0,0.0,0,10,true
8599,-7,5,0.0,0.0,0,3,true
8600,6,5,0.0,0.0,0,9,true
8601,-4,5,0.0,0.0,0,5,true
8602,-4,5,0.0,0.0,0,1,true
8603,0,5,0.0,0.0,0,1,true
8604,6,5,0.0,0.0,0,7,true
8605,1,5,0.0,0.0,0,8,true
8606,-1,5,0.0,0.0,0,7,true
8607,0,5,0.0,0.0,0,7,true
8608,-6,5,0.0,0.0,0,1,true
8609,6,5,0.0,0.0,0,7,true
8610,0,5,0.0,0.0,0,7,true
8611,-5,5,0.0,0.0,0,2,true
8612,2,5,0.0,0.0,0,4,true
8613,-2,5,0.0,0.0,0,2,true
8614,7,5,0.0,0.0,0,9,true
8615,-7,5,0.0,0.0,0,2,true
8616,1,5,0.0,0.0,0,3,true
8617,5,4,0.0,0.0,0,8,true
8618,-6,5,0.0,0.0,0,2,true
8619,8,5,0.0,0.0,0,10,true
8620,-3,5,0.0,0.0,0,7,true
8621,-1,5,0.0,0.0,0,6,true
8622,-2,5,0.0,0.0,0,4,true
8623,1,5,0.0,0.0,0,5,true
8624,-3,5,0.0,0.0,0,2,true
8625,2,5,0.0,0.0,0,4,true
8626,-3,5,0.0,0.0,0,1,true
8627,7,5,0.0,0.0,0,8,true
8628,-3,5,0.0,0.0,0,5,true
8629,3,5,0.0,0.0,0,8,true
8630,-2,5,0.0,0.0,0,6,true
8631,-5,5,0.0,0.0,0,1,true
8632,1,5,0.0,0.0,0,2,true
8633,2,5,0.0,0.0,0,4,true
8634,-2,5,0.0,0.0,0,2,true
8635,4,5,0.0,0.0,0,6,true
8636,1,5,0.0,0.0,0,7,true
8637,-4,5,0.0,0.0,0,3,true
8638,3,5,0.0,0.0,0,6,true
8639,-4,5,0.0,0.0,0,2,true
8640,2,5,0.0,0.0,0,4,true
8641,1,5,0.0,0.0,0,5,true
8642,5,5,0.0,0.0,0,10,true
8643,-2,5,0.0,0.0,0,8,true
8644,-3,5,0.0,0.0,0,5,true
8645,0,5,0.0,0.0,0,5,true
8646,-1,5,0.0,0.0,0,4,true
8647,-2,5,0.0,0.0,0,2,true
8648,4,5,0.0,0.0,0,6,true
8649,2,5,0.0,0.0,0,8,true
8650,-4,4,0.0,0.0,0,4,true
8651,1,5,0.0,0.0,0,5,true
8652,-4,5,0.0,0.0,0,1,true
8653,5,5,0.0,0.0,0,6,true
8654,-4,5,0.0,0.0,0,2,true
8655,6,5,0.0,0.0,0,8,true
8656,-6,5,0.0,0.0,0,2,true
8657,5,5,0.0,0.0,0,7,true
8658,-4,5,0.0,0.0,0,3,true
8659,4,5,0.0,0.0,0,7,true
8660,-1,5,0.0,0.0,0,6,true
8661,-2,5,0.0,0.0,0,4,true
8662,5,5,0.0,0.0,0,9,true
8663,-6,5,0.0,0.0,0,3,true
8664,4,5,0.0,0.0,0,7,true
8665,-5,5,0.0,0.0,0,2,true
8666,7,5,0.0,0.0,0,9,true
8667,0,5,0.0,0.0,0,9,true
8668,-4,5,0.0,0.0,0,5,true
8669,1,5,0.0,0.0,0,6,true
8670,-5,5,0.0,0.0,0,1,true
8671,1,5,0.0,0.0,0,2,true
8672,0,5,0.0,0.0,0,2,true
8673,3,5,0.0,0.0,0,5,true
8674,5,5,0.0,0.0,0,10,true
8675,-1,4,0.0,0.0,0,9,true
8676,-6,4,0.0,0.0,0,3,true
8677,1,5,0.0,0.0,0,4,true
8678,2,4,0.0,0.0,0,6,true
8679,-2,5,0.0,0.0,0,4,true
8680,6,5,0.0,0.0,0,10,true
8681,0,5,0.0,0.0,0,10,true
8682,0,5,0.0,0.0,0,10,true
8683,-7,5,0.0,0.0,0,3,true
8684,0,5,0.0,0.0,0,3,true
8685,4,5,0.0,0.0,0,7,true
8686,0,5,0.0,0.0,0,7,true
8687,3,4,0.0,0.0,0,10,true
8688,-3,5,0.0,0.0,0,7,true
8689,-5,5,0.0,0.0,0,2,true
8690,6,5,0.0,0.0,0,8,true
8691,-5,5,0.0,0.0,0,3,true
8692,1,5,0.0,0.0,0,4,true
8693,1,5,0.0,0.0,0,5,true
8694,1,5,0.0,0.0,0,6,true
8695,-5,5,0.0,0.0,0,1,true
8696,9,5,0.0,0.0,0,10,true
8697,-6,5,0.0,0.0,0,4,true
8698,2,5,0.0,0.0,0,6,true
8699,1,5,0.0,0.0,0,7,true
8700,0,5,0.0,0.0,0,7,true
8701,-5,4,0.0,0.0,0,2,true
8702,5,5,0.0,0.0,0,7,true
8703,-3,4,0.0,0.0,0,4,true
8704,2,5,0.0,0.0,0,6,true
8705,-5,5,0.0,0.0,0,1,true
8706,1,5,0.0,0.0,0,2,true
8707,6,5,0.0,0.0,0,8,true
8708,2,4,0.0,0.0,0,10,true
8709,-5,5,0.0,0.0,0,5,true
8710,4,5,0.0,0.0,0,9,true
8711,-1,5,0.0,0.0,0,8,true
8712,2,5,0.0,0.0,0,10,true
8713,-1,5,0.0,0.0,0,9,true
8714,-4,5,0.0,0.0,0,5,true
8715,-3,5,0.0,0.0,0,2,true
8716,8,5,0.0,0.0,0,10,true
8717,-4,5,0.0,0.0,0,6,true
8718,1,5,0.0,0.0,0,7,true
8719,-5,5,0.0,0.0,0,2,true
8720,1,5,0.0,0.0,0,3,true
8721,6,5,0.0,0.0,0,9,true
8722,-2,5,0.0,0.0,0,7,true
8723,3,4,0.0,0.0,0,10,true
8724,0,5,0.0,0.0,0,10,true
8725,-1,5,0.0,0.0,0,9,true
8726,-1,5,0.0,0.0,0,8,true
8727,-4,5,0.0,0.0,0,4,true
8728,-1,5,0.0,0.0,0,3,true
8729,4,5,0.0,0.0,0,7,true
8730,-2,5,0.0,0.0,0,5,true
8731,-2,5,0.0,0.0,0,3,true
8732,-2,5,0.0,0.0,0,1,true
8733,7,5,0.0,0.0,0,8,true
8734,-1,5,0.0,0.0,0,7,true
8735,-4,5,0.0,0.0,0,3,true
8736,-2,5,0.0,0.0,0,1,true
8737,7,5,0.0,0.0,0,8,true
8738,-6,5,0.0,0.0,0,2,true
8739,-1,5,0.0,0.0,0,1,true
8740,3,5,0.0,0.0,0,4,true
8741,1,5,0.0,0.0,0,5,true
8742,-4,5,0.0,0.0,0,1,true
8743,2,5,0.0,0.0,0,3,true
8744,5,5,0.0,0.0,0,8,true
8745,-2,5,0.0,0.0,0,6,true
8746,-5,5,0.0,0.0,0,1,true
8747,1,4,0.0,0.0,0,2,true
8748,-1,5,0.0,0.0,0,1,true
8749,6,5,0.0,0.0,0,7,true
8750,0,5,0.0,0.0,0,7,true
8751,-5,5,0.0,0.0,0,2,true
8752,7,5,0.0,0.0,0,9,true
8753,1,3,0.0,0.0,0,10,true
8754,-8,5,0.0,0.0,0,2,true
8755,3,5,0.0,0.0,0,5,true
8756,3,5,0.0,0.0,0,8,true
8757,-5,5,0.0,0.0,0,3,true
8758,5,5,0.0,0.0,0,8,true
8759,-2,5,0.0,0.0,0,6,true
8760,-3,5,0.0,0.0,0,3,true
8761,2,5,0.0,0.0,0,5,true
8762,2,5,0.0,0.0,0,7,true
8763,-6,5,0.0,0.0,0,1,true
8764,6,5,0.0,0.0,0,7,true
8765,-6,5,0.0,0.0,0,1,true
8766,0,5,0.0,0.0,0,1,true
8767,8,5,0.0,0.0,0,9,true
8768,-7,5,0.0,0.0,0,2,true
8769,1,5,0.0,0.0,0,3,true
8770,4,5,0.0,0.0,0,7,true
8771,-3,5,0.0,0.0,0,4,true
8772,-3,5,0.0,0.0,0,1,true
8773,8,5,0.0,0.0,0,9,true
8774,0,5,0.0,0.0,0,9,true
8775,-8,5,0.0,0.0,0,1,true
8776,1,5,0.0,0.0,0,2,true
8777,4,5,0.0,0.0,0,6,true
8778,-4,5,0.0,0.0,0,2,true
8779,0,5,0.0,0.0,0,2,true
8780,5,5,0.0,0.0,0,7,true
8781,-2,5,0.0,0.0,0,5,true
8782,-1,5,0.0,0.0,0,4,true
8783,2,5,0.0,0.0,0,6,true
8784,-5,5,0.0,0.0,0,1,true
8785,5,5,0.0,0.0,0,6,true
8786,4,5,0.0,0.0,0,10,true
8787,-2,5,0.0,0.0,0,8,true
8788,-1,5,0.0,0.0,0,7,true
8789,-3,5,0.0,0.0,0,4,true
8790,-2,5,0.0,0.0,0,2,true
8791,2,5,0.0,0.0,0,4,true
8792,-2,5,0.0,0.0,0,2,true
8793,0,5,0.0,0.0,0,2,true
8794,8,5,0.0,0.0,0,10,true
8795,-3,5,0.0,0.0,0,7,true
8796,2,5,0.0,0.0,0,9,true
8797,-2,5,0.0,0.0,0,7,true
8798,-5,5,0.0,0.0,0,2,true
8799,5,5,0.0,0.0,0,7,true
8800,3,5,0.0,0.0,0,10,true
8801,-1,5,0.0,0.0,0,9,true
8802,0,5,0.0,0.0,0,9,true
8803,-8,5,0.0,0.0,0,1,true
8804,4,5,0.0,0.0,0,5,true
8805,1,5,0.0,0.0,0,6,true
8806,-5,5,0.0,0.0,0,1,true
8807,9,4,0.0,0.0,0,10,true
8808,-2,5,0.0,0.0,0,8,true
8809,-3,5,0.0,0.0,0,5,true
8810,4,5,0.0,0.0,0,9,true
8811,0,5,0.0,0.0,0,9,true
8812,-2,5,0.0,0.0,0,7,true
8813,-6,5,0.0,0.0,0,1,true
8814,7,5,0.0,0.0,0,8,true
8815,-7,5,0.0,0.0,0,1,true
8816,9,5,0.0,0.0,0,10,true
8817,-7,5,0.0,0.0,0,3,true
8818,-2,5,0.0,0.0,0,1,true
8819,9,5,0.0,0.0,0,10,true
8820,-2,5,0.0,0.0,0,8,true
8821,0,5,0.0,0.0,0,8,true
8822,-1,5,0.0,0.0,0,7,true
8823,-3,5,0.0,0.0,0,4,true
8824,3,5,0.0,0.0,0,7,true
8825,-5,5,0.0,0.0,0,2,true
8826,3,5,0.0,0.0,0,5,true
8827,5,5,0.0,0.0,0,10,true
8828,-1,5,0.0,0.0,0,9,true
8829,-6,4,0.0,0.0,0,3,true
8830,2,5,0.0,0.0,0,5,true
8831,2,5,0.0,0.0,0,7,true
8832,1,5,0.0,0.0,0,8,true
8833,-5,5,0.0,0.0,0,3,true
8834,-2,5,0.0,0.0,0,1,true
8835,7,4,0.0,0.0,0,8,true
8836,0,5,0.0,0.0,0,8,true
8837,2,5,0.0,0.0,0,10,true
8838,-4,5,0.0,0.0,0,6,true
8839,4,5,0.0,0.0,0,10,true
8840,-7,5,0.0,0.0,0,3,true
8841,0,5,0.0,0.0,0,3,true
8842,0,5,0.0,0.0,0,3,true
8843,7,5,0.0,0.0,0,10,true
8844,-2,5,0.0,0.0,0,8,true
8845,-1,5,0.0,0.0,0,7,true
8846,-4,5,0.0,0.0,0,3,true
8847,7,5,0.0,0.0,0,10,true
8848,-7,5,0.0,0.0,0,3,true
8849,0,5,0.0,0.0,0,3,true
8850,5,5,0.0,0.0,0,8,true
8851,-5,5,0.0,0.0,0,3,true
8852,5,5,0.0,0.0,0,8,true
8853,-2,5,0.0,0.0,0,6,true
8854,-5,5,0.0,0.0,0,1,true
8855,4,5,0.0,0.0,0,5,true
8856,0,5,0.0,0.0,0,5,true
8857,1,5,0.0,0.0,0,6,true
8858,2,5,0.0,0.0,0,8,true
8859,0,5,0.0,0.0,0,8,true
8860,0,5,0.0,0.0,0,8,true
8861,-4,5,0.0,0.0,0,4,true
8862,2,5,0.0,0.0,0,6,true
8863,-1,5,0.0,0.0,0,5,true
8864,5,5,0.0,0.0,0,10,true
8865,-6,5,0.0,0.0,0,4,true
8866,5,5,0.0,0.0,0,9,true
8867,-1,5,0.0,0.0,0,8,true
8868,-1,5,0.0,0.0,0,7,true
8869,-4,5,0.0,0.0,0,3,true
8870,6,5,0.0,0.0,0,9,true
8871,-6,5,0.0,0.0,0,3,true
8872,1,5,0.0,0.0,0,4,true
8873,5,5,0.0,0.0,0,9,true
8874,-5,4,0.0,0.0,0,4,true
8875,1,5,0.0,0.0,0,5,true
8876,0,5,0.0,0.0,0,5,true
8877,3,5,0.0,0.0,0,8,true
8878,-6,5,0.0,0.0,0,2,true
8879,8,5,0.0,0.0,0,10,true
8880,-7,5,0.0,0.0,0,3,true
8881,5,5,0.0,0.0,0,8,true
8882,1,5,0.0,0.0,0,9,true
8883,0,5,0.0,0.0,0,9,true
8884,-3,4,0.0,0.0,0,6,true
8885,1,5,0.0,0.0,0,7,true
8886,0,5,0.0,0.0,0,7,true
8887,-5,5,0.0,0.0,0,2,true
8888,6,4,0.0,0.0,0,8,true
8889,1,4,0.0,0.0,0,9,true
8890,1,5,0.0,0.0,0,10,true
8891,-5,5,0.0,0.0,0,5,true
8892,-2,5,0.0,0.0,0,3,true
8893,0,5,0.0,0.0,0,3,true
8894,1,5,0.0,0.0,0,4,true
8895,3,5,0.0,0.0,0,7,true
8896,1,5,0.0,0.0,0,8,true
8897,-7,4,0.0,0.0,0,1,true
8898,6,5,0.0,0.0,0,7,true
8899,-5,5,0.0,0.0,0,2,true
8900,8,5,0.0,0.0,0,10,true
8901,-7,5,0.0,0.0,0,3,true
8902,0,5,0.0,0.0,0,3,true
8903,0,5,0.0,0.0,0,3,true
8904,-1,4,0.0,0.0,0,2,true
8905,-1,5,0.0,0.0,0,1,true
8906,8,5,0.0,0.0,0,9,true
8907,-5,5,0.0,0.0,0,4,true
8908,4,4,0.0,0.0,0,8,true
8909,-7,5,0.0,0.0,0,1,true
8910,3,4,0.0,0.0,0,4,true
8911,5,5,0.0,0.0,0,9,true
8912,-7,5,0.0,0.0,0,2,true
8913,8,5,0.0,0.0,0,10,true
8914,0,5,0.0,0.0,0,10,true
8915,0,5,0.0,0.0,0,10,true
8916,-3,5,0.0,0.0,0,7,true
8917,1,5,0.0,0.0,0,8,true
8918,-5,5,0.0,0.0,0,3,true
8919,5,5,0.0,0.0,0,8,true
8920,-3,5,0.0,0.0,0,5,true
8921,-4,5,0.0,0.0,0,1,true
8922,0,5,0.0,0.0,0,1,true
8923,8,5,0.0,0.0,0,9,true
8924,-5,5,0.0,0.0,0,4,true
8925,6,4,0.0,0.0,0,10,true
8926,-6,5,0.0,0.0,0,4,true
8927,-3,5,0.0,0.0,0,1,true
8928,8,5,0.0,0.0,0,9,true
8929,-3,5,0.0,0.0,0,6,true
8930,3,5,0.0,0.0,0,9,true
8931,1,5,0.0,0.0,0,10,true
8932,0,5,0.0,0.0,0,10,true
8933,-3,5,0.0,0.0,0,7,true
8934,3,5,0.0,0.0,0,10,true
8935,-9,5,0.0,0.0,0,1,true
8936,2,4,0.0,0.0,0,3,true
8937,2,5,0.0,0.0,0,5,true
8938,3,5,0.0,0.0,0,8,true
8939,-3,5,0.0,0.0,0,5,true
8940,1,5,0.0,0.0,0,6,true
8941,-3,5,0.0,0.0,0,3,true
8942,-1,5,0.0,0.0,0,2,true
8943,5,4,0.0,0.0,0,7,true
8944,-5,5,0.0,0.0,0,2,true
8945,6,5,0.0,0.0,0,8,true
8946,-7,5,0.0,0.0,0,1,true
8947,2,5,0.0,0.0,0,3,true
8948,-2,5,0.0,0.0,0,1,true
8949,3,4,0.0,0.0,0,4,true
8950,1,4,0.0,0.0,0,5,true
8951,3,5,0.0,0.0,0,8,true
8952,2,5,0.0,0.0,0,10,true
8953,-7,5,0.0,0.0,0,3,true
8954,-1,5,0.0,0.0,0,2,true
8955,-1,5,0.0,0.0,0,1,true
8956,2,4,0.0,0.0,0,3,true
8957,4,5,0.0,0.0,0,7,true
8958,2,5,0.0,0.0,0,9,true
8959,-7,5,0.0,0.0,0,2,true
8960,6,5,0.0,0.0,0,8,true
8961,1,5,0.0,0.0,0,9,true
8962,-6,5,0.0,0.0,0,3,true
8963,0,5,0.0,0.0,0,3,true
8964,0,5,0.0,0.0,0,3,true
8965,4,5,0.0,0.0,0,7,true
8966,-5,5,0.0,0.0,0,2,true
8967,2,5,0.0,0.0,0,4,true
8968,1,5,0.0,0.0,0,5,true
8969,-4,5,0.0,0.0,0,1,true
8970,7,5,0.0,0.0,0,8,true
8971,-7,5,0.0,0.0,0,1,true
8972,3,5,0.0,0.0,0,4,true
8973,-1,5,0.0,0.0,0,3,true
8974,6,5,0.0,0.0,0,9,true
8975,-7,5,0.0,0.0,0,2,true
8976,5,5,0.0,0.0,0,7,true
8977,-4,5,0.0,0.0,0,3,true
8978,0,5,0.0,0.0,0,3,true
8979,-1,5,0.0,0.0,0,2,true
8980,7,5,0.0,0.0,0,9,true
8981,-4,5,0.0,0.0,0,5,true
8982,2,5,0.0,0.0,0,7,true
8983,-1,5,0.0,0.0,0,6,true
8984,4,5,0.0,0.0,0,10,true
8985,-3,5,0.0,0.0,0,7,true
8986,0,5,0.0,0.0,0,7,true
8987,-3,5,0.0,0.0,0,4,true
8988,-2,5,0.0,0.0,0,2,true
8989,7,5,0.0,0.0,0,9,true
8990,-5,5,0.0,0.0,0,4,true
8991,6,5,0.0,0.0,0,10,true
8992,0,5,0.0,0.0,0,10,true
8993,-4,5,0.0,0.0,0,6,true
8994,-1,5,0.0,0.0,0,5,true
8995,5,5,0.0,0.0,0,10,true
8996,-8,5,0.0,0.0,0,2,true
8997,-1,5,0.0,0.0,0,1,true
8998,4,5,0.0,0.0,0,5,true
8999,2,5,0.0,0.0,0,7,true
9000,-6,5,0.0,0.0,0,1,true
9001,3,5,0.0,0.0,0,4,true
9002,2,5,0.0,0.0,0,6,true
9003,4,5,0.0,0.0,0,10,true
9004,-8,5,0.0,0.0,0,2,true
9005,4,5,0.0,0.0,0,6,true
9006,-2,5,0.0,0.0,0,4,true
9007,4,5,0.0,0.0,0,8,true
9008,-3,5,0.0,0.0,0,5,true
9009,5,5,0.0,0.0,0,10,true
9010,-1,5,0.0,0.0,0,9,true
9011,-5,5,0.0,0.0,0,4,true
9012,-2,5,0.0,0.0,0,2,true
9013,7,5,0.0,0.0,0,9,true
9014,-8,5,0.0,0.0,0,1,true
9015,0,5,0.0,0.0,0,1,true
9016,4,5,0.0,0.0,0,5,true
9017,0,5,0.0,0.0,0,5,true
9018,-4,5,0.0,0.0,0,1,true
9019,2,5,0.0,0.0,0,3,true
9020,4,5,0.0,0.0,0,7,true
9021,3,5,0.0,0.0,0,10,true
9022,0,5,0.0,0.0,0,10,true
9023,-5,5,0.0,0.0,0,5,true
9024,0,5,0.0,0.0,0,5,true
9025,-2,5,0.0,0.0,0,3,true
9026,-2,5,0.0,0.0,0,1,true
9027,6,5,0.0,0.0,0,7,true
9028,0,5,0.0,0.0,0,7,true
9029,-2,5,0.0,0.0,0,5,true
9030,3,4,0.0,0.0,0,8,true
9031,-1,5,0.0,0.0,0,7,true
9032,-2,5,0.0,0.0,0,5,true
9033,1,5,0.0,0.0,0,6,true
9034,-4,5,0.0,0.0,0,2,true
9035,1,5,0.0,0.0,0,3,true
9036,1,5,0.0,0.0,0,4,true
9037,3,5,0.0,0.0,0,7,true
9038,-3,5,0.0,0.0,0,4,true
9039,1,5,0.0,0.0,0,5,true
9040,-3,5,0.0,0.0,0,2,true
9041,6,5,0.0,0.0,0,8,true
9042,1,5,0.0,0.0,0,9,true
9043,1,5,0.0,0.0,0,10,true
9044,-3,5,0.0,0.0,0,7,true
9045,-6,5,0.0,0.0,0,1,true
9046,2,5,0.0,0.0,0,3,true
9047,7,5,0.0,0.0,0,10,true
9048,-1,4,0.0,0.0,0,9,true
9049,0,5,0.0,0.0,0,9,true
9050,-7,5,0.0,0.0,0,2,true
9051,0,5,0.0,0.0,0,2,true
9052,6,5,0.0,0.0,0,8,true
9053,-4,5,0.0,0.0,0,4,true
9054,-2,5,0.0,0.0,0,2,true
9055,6,5,0.0,0.0,0,8,true
9056,-1,5,0.0,0.0,0,7,true
9057,3,5,0.0,0.0,0,10,true
9058,-7,5,0.0,0.0,0,3,true
9059,-1,5,0.0,0.0,0,2,true
9060,8,5,0.0,0.0,0,10,true
9061,0,5,0.0,0.0,0,10,true
9062,-6,5,0.0,0.0,0,4,true
9063,4,5,0.0,0.0,0,8,true
9064,-7,5,0.0,0.0,0,1,true
9065,5,5,0.0,0.0,0,6,true
9066,1,4,0.0,0.0,0,7,true
9067,-3,5,0.0,0.0,0,4,true
9068,-2,5,0.0,0.0,0,2,true
9069,1,5,0.0,0.0,0,3,true
9070,-1,4,0.0,0.0,0,2,true
9071,5,5,0.0,0.0,0,7,true
9072,-5,5,0.0,0.0,0,2,true
9073,0,5,0.0,0.0,0,2,true
9074,2,5,0.0,0.0,0,4,true
9075,-3,5,0.0,0.0,0,1,true
9076,3,5,0.0,0.0,0,4,true
9077,5,5,0.0,0.0,0,9,true
9078,-4,4,0.0,0.0,0,5,true
9079,-1,5,0.0,0.0,0,4,true
9080,2,5,0.0,0.0,0,6,true
9081,0,5,0.0,0.0,0,6,true
9082,-1,5,0.0,0.0,0,5,true
9083,-3,4,0.0,0.0,0,2,true
9084,3,5,0.0,0.0,0,5,true
9085,2,5,0.0,0.0,0,7,true
9086,-6,5,0.0,0.0,0,1,true
9087,9,5,0.0,0.0,0,10,true
9088,-8,5,0.0,0.0,0,2,true
9089,6,5,0.0,0.0,0,8,true
9090,-4,5,0.0,0.0,0,4,true
9091,0,5,0.0,0.0,0,4,true
9092,5,5,0.0,0.0,0,9,true
9093,-5,5,0.0,0.0,0,4,true
9094,-1,5,0.0,0.0,0,3,true
9095,0,5,0.0,0.0,0,3,true
9096,7,5,0.0,0.0,0,10,true
9097,-9,4,0.0,0.0,0,1,true
9098,9,5,0.0,0.0,0,10,true
9099,0,5,0.0,0.0,0,10,true
9100,-3,5,0.0,0.0,0,7,true
9101,-5,5,0.0,0.0,0,2,true
9102,7,5,0.0,0.0,0,9,true
9103,1,5,0.0,0.0,0,10,true
9104,-7,4,0.0,0.0,0,3,true
9105,-1,5,0.0,0.0,0,2,true
9106,7,5,0.0,0.0,0,9,true
9107,-7,5,0.0,0.0,0,2,true
9108,2,5,0.0,0.0,0,4,true
9109,6,5,0.0,0.0,0,10,true
9110,-9,4,0.0,0.0,0,1,true
9111,0,5,0.0,0.0,0,1,true
9112,1,5,0.0,0.0,0,2,true
9113,2,5,0.0,0.0,0,4,true
9114,5,5,0.0,0.0,0,9,true
9115,-1,5,0.0,0.0,0,8,true
9116,1,5,0.0,0.0,0,9,true
9117,-1,5,0.0,0.0,0,8,true
9118,-4,5,0.0,0.0,0,4,true
9119,-1,5,0.0,0.0,0,3,true
9120,-2,5,0.0,0.0,0,1,true
9121,9,5,0.0,0.0,0,10,true
9122,-9,5,0.0,0.0,0,1,true
9123,7,5,0.0,0.0,0,8,true
9124,-4,5,0.0,0.0,0,4,true
9125,0,5,0.0,0.0,0,4,true
9126,4,5,0.0,0.0,0,8,true
9127,2,5,0.0,0.0,0,10,true
9128,-3,4,0.0,0.0,0,7,true
9129,-5,5,0.0,0.0,0,2,true
9130,0,5,0.0,0.0,0,2,true
9131,3,4,0.0,0.0,0,5,true
9132,1,5,0.0,0.0,0,6,true
9133,4,5,0.0,0.0,0,10,true
9134,-2,5,0.0,0.0,0,8,true
9135,-4,5,0.0,0.0,0,4,true
9136,-2,5,0.0,0.0,0,2,true
9137,4,5,0.0,0.0,0,6,true
9138,-5,5,0.0,0.0,0,1,true
9139,3,5,0.0,0.0,0,4,true
9140,4,5,0.0,0.0,0,8,true
9141,0,5,0.0,0.0,0,8,true
9142,-7,5,0.0,0.0,0,1,true
9143,3,5,0.0,0.0,0,4,true
9144,-1,4,0.0,0.0,0,3,true
9145,4,5,0.0,0.0,0,7,true
9146,-5,5,0.0,0.0,0,2,true
9147,7,5,0.0,0.0,0,9,true
9148,-7,5,0.0,0.0,0,2,true
9149,4,5,0.0,0.0,0,6,true
9150,3,5,0.0,0.0,0,9,true
9151,0,5,0.0,0.0,0,9,true
9152,-2,5,0.0,0.0,0,7,true
9153,-4,5,0.0,0.0,0,3,true
9154,1,5,0.0,0.0,0,4,true
9155,3,5,0.0,0.0,0,7,true
9156,0,5,0.0,0.0,0,7,true
9157,-6,5,0.0,0.0,0,1,true
9158,0,5,0.0,0.0,0,1,true
9159,8,5,0.0,0.0,0,9,true
9160,-6,5,0.0,0.0,0,3,true
9161,-1,5,0.0,0.0,0,2,true
9162,6,5,0.0,0.0,0,8,true
9163,-6,5,0.0,0.0,0,2,true
9164,6,5,0.0,0.0,0,8,true
9165,-7,5,0.0,0.0,0,1,true
9166,3,5,0.0,0.0,0,4,true
9167,-3,5,0.0,0.0,0,1,true
9168,5,5,0.0,0.0,0,6,true
9169,2,5,0.0,0.0,0,8,true
9170,-7,5,0.0,0.0,0,1,true
9171,0,5,0.0,0.0,0,1,true
9172,1,5,0.0,0.0,0,2,true
9173,5,5,0.0,0.0,0,7,true
9174,-1,5,0.0,0.0,0,6,true
9175,0,5,0.0,0.0,0,6,true
9176,4,5,0.0,0.0,0,10,true
9177,-4,5,0.0,0.0,0,6,true
9178,1,5,0.0,0.0,0,7,true
9179,0,5,0.0,0.0,0,7,true
9180,-6,5,0.0,0.0,0,1,true
9181,1,5,0.0,0.0,0,2,true
9182,-1,5,0.0,0.0,0,1,true
9183,0,4,0.0,0.0,0,1,true
9184,7,5,0.0,0.0,0,8,true
9185,-3,5,0.0,0.0,0,5,true
9186,1,5,0.0,0.0,0,6,true
9187,-4,5,0.0,0.0,0,2,true
9188,6,5,0.0,0.0,0,8,true
9189,-7,5,0.0,0.0,0,1,true
9190,0,5,0.0,0.0,0,1,true
9191,4,5,0.0,0.0,0,5,true
9192,-3,5,0.0,0.0,0,2,true
9193,2,5,0.0,0.0,0,4,true
9194,5,5,0.0,0.0,0,9,true
9195,-2,5,0.0,0.0,0,7,true
9196,-3,5,0.0,0.0,0,4,true
9197,4,4,0.0,0.0,0,8,true
9198,-2,5,0.0,0.0,0,6,true
9199,-4,4,0.0,0.0,0,2,true
9200,0,5,0.0,0.0,0,2,true
9201,6,5,0.0,0.0,0,8,true
9202,2,5,0.0,0.0,0,10,true
9203,-3,5,0.0,0.0,0,7,true
9204,-6,5,0.0,0.0,0,1,true
9205,2,5,0.0,0.0,0,3,true
9206,-1,5,0.0,0.0,0,2,true
9207,5,5,0.0,0.0,0,7,true
9208,-2,5,0.0,0.0,0,5,true
9209,-1,5,0.0,0.0,0,4,true
9210,1,5,0.0,0.0,0,5,true
9211,-3,5,0.0,0.0,0,2,true
9212,4,5,0.0,0.0,0,6,true
9213,4,5,0.0,0.0,0,10,true
9214,-4,5,0.0,0.0,0,6,true
9215,-1,5,0.0,0.0,0,5,true
9216,-4,5,0.0,0.0,0,1,true
9217,8,5,0.0,0.0,0,9,true
9218,-4,5,0.0,0.0,0,5,true
9219,5,5,0.0,0.0,0,10,true
9220,-6,5,0.0,0.0,0,4,true
9221,1,5,0.0,0.0,0,5,true
9222,-3,5,0.0,0.0,0,2,true
9223,1,5,0.0,0.0,0,3,true
9224,3,5,0.0,0.0,0,6,true
9225,-5,5,0.0,0.0,0,1,true
9226,3,5,0.0,0.0,0,4,true
9227,-1,5,0.0,0.0,0,3,true
9228,-2,5,0.0,0.0,0,1,true
9229,1,5,0.0,0.0,0,2,true
9230,8,5,0.0,0.0,0,10,true
9231,-2,5,0.0,0.0,0,8,true
9232,0,5,0.0,0.0,0,8,true
9233,-7,5,0.0,0.0,0,1,true
9234,0,5,0.0,0.0,0,1,true
9235,7,5,0.0,0.0,0,8,true
9236,-6,5,0.0,0.0,0,2,true
9237,5,5,0.0,0.0,0,7,true
9238,1,5,0.0,0.0,0,8,true
9239,2,5,0.0,0.0,0,10,true
9240,-5,5,0.0,0.0,0,5,true
9241,1,5,0.0,0.0,0,6,true
9242,-4,5,0.0,0.0,0,2,true
9243,8,5,0.0,0.0,0,10,true
9244,-9,5,0.0,0.0,0,1,true
9245,6,5,0.0,0.0,0,7,true
9246,0,5,0.0,0.0,0,7,true
9247,3,5,0.0,0.0,0,10,true
9248,0,5,0.0,0.0,0,10,true
9249,-2,5,0.0,0.0,0,8,true
9250,2,5,0.0,0.0,0,10,true
9251,-8,5,0.0,0.0,0,2,true
9252,4,5,0.0,0.0,0,6,true
9253,-1,5,0.0,0.0,0,5,true
9254,-1,4,0.0,0.0,0,4,true
9255,6,4,0.0,0.0,0,10,true
9256,-1,5,0.0,0.0,0,9,true
9257,1,5,0.0,0.0,0,10,true
9258,-6,5,0.0,0.0,0,4,true
9259,5,4,0.0,0.0,0,9,true
9260,-3,5,0.0,0.0,0,6,true
9261,1,5,0.0,0.0,0,7,true
9262,2,5,0.0,0.0,0,9,true
9263,-8,3,0.0,0.0,0,1,true
9264,8,5,0.0,0.0,0,9,true
9265,-1,5,0.0,0.0,0,8,true
9266,0,5,0.0,0.0,0,8,true
9267,1,5,0.0,0.0,0,9,true
9268,-4,5,0.0,0.0,0,5,true
9269,0,5,0.0,0.0,0,5,true
9270,-3,5,0.0,0.0,0,2,true
9271,6,5,0.0,0.0,0,8,true
9272,-1,5,0.0,0.0,0,7,true
9273,-3,4,0.0,0.0,0,4,true
9274,6,5,0.0,0.0,0,10,true
9275,-1,5,0.0,0.0,0,9,true
9276,-6,5,0.0,0.0,0,3,true
9277,-1,4,0.0,0.0,0,2,true
9278,6,5,0.0,0.0,0,8,true
9279,1,5,0.0,0.0,0,9,true
9280,0,5,0.0,0.0,0,9,true
9281,-5,5,0.0,0.0,0,4,true
9282,-3,5,0.0,0.0,0,1,true
9283,0,5,0.0,0.0,0,1,true
9284,5,5,0.0,0.0,0,6,true
9285,-3,5,0.0,0.0,0,3,true
9286,-1,5,0.0,0.0,0,2,true
9287,8,5,0.0,0.0,0,10,true
9288,-9,5,0.0,0.0,0,1,true
9289,9,5,0.0,0.0,0,10,true
9290,-7,5,0.0,0.0,0,3,true
9291,2,5,0.0,0.0,0,5,true
9292,5,5,0.0,0.0,0,10,true
9293,-3,5,0.0,0.0,0,7,true
9294,2,5,0.0,0.0,0,9,true
9295,1,4,0.0,0.0,0,10,true
9296,-3,4,0.0,0.0,0,7,true
9297,-3,5,0.0,0.0,0,4,true
9298,5,5,0.0,0.0,0,9,true
9299,-2,5,0.0,0.0,0,7,true
9300,0,5,0.0,0.0,0,7,true
9301,3,5,0.0,0.0,0,10,true
9302,-6,5,0.0,0.0,0,4,true
9303,0,5,0.0,0.0,0,4,true
9304,-2,5,0.0,0.0,0,2,true
9305,7,5,0.0,0.0,0,9,true
9306,0,5,0.0,0.0,0,9,true
9307,-5,5,0.0,0.0,0,4,true
9308,-3,5,0.0,0.0,0,1,true
9309,2,5,0.0,0.0,0,3,true
9310,-2,5,0.0,0.0,0,1,true
9311,4,4,0.0,0.0,0,5,true
9312,0,5,0.0,0.0,0,5,true
9313,-2,5,0.0,0.0,0,3,true
9314,3,5,0.0,0.0,0,6,true
9315,-3,5,0.0,0.0,0,3,true
9316,-1,5,0.0,0.0,0,2,true
9317,2,4,0.0,0.0,0,4,true
9318,5,5,0.0,0.0,0,9,true
9319,-6,5,0.0,0.0,0,3,true
9320,4,4,0.0,0.0,0,7,true
9321,-1,5,0.0,0.0,0,6,true
9322,0,5,0.0,0.0,0,6,true
9323,-5,5,0.0,0.0,0,1,true
9324,9,5,0.0,0.0,0,10,true
9325,-6,5,0.0,0.0,0,4,true
9326,5,5,0.0,0.0,0,9,true
9327,-4,5,0.0,0.0,0,5,true
9328,2,5,0.0,0.0,0,7,true
9329,-4,5,0.0,0.0,0,3,true
9330,7,5,0.0,0.0,0,10,true
9331,-1,5,0.0,0.0,0,9,true
9332,0,5,0.0,0.0,0,9,true
9333,-6,5,0.0,0.0,0,3,true
9334,1,5,0.0,0.0,0,4,true
9335,4,5,0.0,0.0,0,8,true
9336,-5,5,0.0,0.0,0,3,true
9337,7,5,0.0,0.0,0,10,true
9338,-7,5,0.0,0.0,0,3,true
9339,3,5,0.0,0.0,0,6,true
9340,2,5,0.0,0.0,0,8,true
9341,0,5,0.0,0.0,0,8,true
9342,-2,5,0.0,0.0,0,6,true
9343,-1,5,0.0,0.0,0,5,true
9344,-3,5,0.0,0.0,0,2,true
9345,-1,5,0.0,0.0,0,1,true
9346,4,5,0.0,0.0,0,5,true
9347,-2,5,0.0,0.0,0,3,true
9348,-2,5,0.0,0.0,0,1,true
9349,1,5,0.0,0.0,0,2,true
9350,1,5,0.0,0.0,0,3,true
9351,6,5,0.0,0.0,0,9,true
9352,-5,5,0.0,0.0,0,4,true
9353,-3,5,0.0,0.0,0,1,true
9354,2,3,0.0,0.0,0,3,true
9355,7,5,0.0,0.0,0,10,true
9356,-1,5,0.0,0.0,0,9,true
9357,0,4,0.0,0.0,0,9,true
9358,-3,5,0.0,0.0,0,6,true
9359,4,5,0.0,0.0,0,10,true
9360,-5,5,0.0,0.0,0,5,true
9361,0,5,0.0,0.0,0,5,true
9362,-4,5,0.0,0.0,0,1,true
9363,8,5,0.0,0.0,0,9,true
9364,-1,5,0.0,0.0,0,8,true
9365,-6,5,0.0,0.0,0,2,true
9366,5,5,0.0,0.0,0,7,true
9367,3,5,0.0,0.0,0,10,true
9368,-3,5,0.0,0.0,0,7,true
9369,2,5,0.0,0.0,0,9,true
9370,-5,5,0.0,0.0,0,4,true
9371,-2,5,0.0,0.0,0,2,true
9372,5,5,0.0,0.0,0,7,true
9373,2,5,0.0,0.0,0,9,true
9374,1,5,0.0,0.0,0,10,true
9375,-4,4,0.0,0.0,0,6,true
9376,-5,5,0.0,0.0,0,1,true
9377,9,5,0.0,0.0,0,10,true
9378,-2,5,0.0,0.0,0,8,true
9379,-5,5,0.0,0.0,0,3,true
9380,2,5,0.0,0.0,0,5,true
9381,5,5,0.0,0.0,0,10,true
9382,-3,5,0.0,0.0,0,7,true
9383,-1,5,0.0,0.0,0,6,true
9384,1,5,0.0,0.0,0,7,true
9385,-4,5,0.0,0.0,0,3,true
9386,5,5,0.0,0.0,0,8,true
9387,-4,5,0.0,0.0,0,4,true
9388,5,5,0.0,0.0,0,9,true
9389,1,5,0.0,0.0,0,10,true
9390,-4,5,0.0,0.0,0,6,true
9391,-3,5,0.0,0.0,0,3,true
9392,6,5,0.0,0.0,0,9,true
9393,1,5,0.0,0.0,0,10,true
9394,-8,5,0.0,0.0,0,2,true
9395,8,5,0.0,0.0,0,10,true
9396,-5,5,0.0,0.0,0,5,true
9397,2,5,0.0,0.0,0,7,true
9398,-4,5,0.0,0.0,0,3,true
9399,1,5,0.0,0.0,0,4,true
9400,2,5,0.0,0.0,0,6,true
9401,-1,5,0.0,0.0,0,5,true
9402,-2,5,0.0,0.0,0,3,true
9403,0,5,0.0,0.0,0,3,true
9404,7,5,0.0,0.0,0,10,true
9405,-3,5,0.0,0.0,0,7,true
9406,-1,5,0.0,0.0,0,6,true
9407,4,5,0.0,0.0,0,10,true
9408,-5,5,0.0,0.0,0,5,true
9409,1,4,0.0,0.0,0,6,true
9410,-5,5,0.0,0.0,0,1,true
9411,5,4,0.0,0.0,0,6,true
9412,-4,5,0.0,0.0,0,2,true
9413,5,5,0.0,0.0,0,7,true
9414,1,4,0.0,0.0,0,8,true
9415,-6,5,0.0,0.0,0,2,true
9416,3,5,0.0,0.0,0,5,true
9417,0,5,0.0,0.0,0,5,true
9418,-1,5,0.0,0.0,0,4,true
9419,4,5,0.0,0.0,0,8,true
9420,-5,5,0.0,0.0,0,3,true
9421,3,5,0.0,0.0,0,6,true
9422,-3,5,0.0,0.0,0,3,true
9423,1,5,0.0,0.0,0,4,true
9424,-1,5,0.0,0.0,0,3,true
9425,-1,5,0.0,0.0,0,2,true
9426,-1,5,0.0,0.0,0,1,true
9427,5,5,0.0,0.0,0,6,true
9428,-3,5,0.0,0.0,0,3,true
9429,2,4,0.0,0.0,0,5,true
9430,-3,5,0.0,0.0,0,2,true
9431,0,5,0.0,0.0,0,2,true
9432,3,5,0.0,0.0,0,5,true
9433,4,5,0.0,0.0,0,9,true
9434,-8,5,0.0,0.0,0,1,true
9435,7,5,0.0,0.0,0,8,true
9436,2,5,0.0,0.0,0,10,true
9437,-7,5,0.0,0.0,0,3,true
9438,1,5,0.0,0.0,0,4,true
9439,1,5,0.0,0.0,0,5,true
9440,-2,5,0.0,0.0,0,3,true
9441,2,5,0.0,0.0,0,5,true
9442,-3,5,0.0,0.0,0,2,true
9443,6,5,0.0,0.0,0,8,true
9444,-1,4,0.0,0.0,0,7,true
9445,-2,5,0.0,0.0,0,5,true
9446,5,4,0.0,0.0,0,10,true
9447,-7,4,0.0,0.0,0,3,true
9448,1,5,0.0,0.0,0,4,true
9449,0,5,0.0,0.0,0,4,true
9450,-1,5,0.0,0.0,0,3,true
9451,-1,5,0.0,0.0,0,2,true
9452,7,4,0.0,0.0,0,9,true
9453,-7,5,0.0,0.0,0,2,true
9454,2,5,0.0,0.0,0,4,true
9455,1,5,0.0,0.0,0,5,true
9456,1,5,0.0,0.0,0,6,true
9457,-4,5,0.0,0.0,0,2,true
9458,0,5,0.0,0.0,0,2,true
9459,7,5,0.0,0.0,0,9,true
9460,-5,5,0.0,0.0,0,4,true
9461,1,5,0.0,0.0,0,5,true
9462,-2,5,0.0,0.0,0,3,true
9463,4,5,0.0,0.0,0,7,true
9464,-2,5,0.0,0.0,0,5,true
9465,-4,5,0.0,0.0,0,1,true
9466,2,5,0.0,0.0,0,3,true
9467,2,5,0.0,0.0,0,5,true
9468,2,5,0.0,0.0,0,7,true
9469,0,5,0.0,0.0,0,7,true
9470,-4,5,0.0,0.0,0,3,true
9471,1,5,0.0,0.0,0,4,true
9472,-2,5,0.0,0.0,0,2,true
9473,5,5,0.0,0.0,0,7,true
9474,-3,5,0.0,0.0,0,4,true
9475,4,5,0.0,0.0,0,8,true
9476,-3,5,0.0,0.0,0,5,true
9477,-1,5,0.0,0.0,0,4,true
9478,-3,5,0.0,0.0,0,1,true
9479,1,5,0.0,0.0,0,2,true
9480,7,5,0.0,0.0,0,9,true
9481,0,5,0.0,0.0,0,9,true
9482,-3,5,0.0,0.0,0,6,true
9483,-1,5,0.0,0.0,0,5,true
9484,0,5,0.0,0.0,0,5,true
9485,-3,5,0.0,0.0,0,2,true
9486,1,5,0.0,0.0,0,3,true
9487,1,5,0.0,0.0,0,4,true
9488,-2,5,0.0,0.0,0,2,true
9489,7,5,0.0,0.0,0,9,true
9490,0,5,0.0,0.0,0,9,true
9491,-5,5,0.0,0.0,0,4,true
9492,0,5,0.0,0.0,0,4,true
9493,1,5,0.0,0.0,0,5,true
9494,3,4,0.0,0.0,0,8,true
9495,-1,5,0.0,0.0,0,7,true
9496,-6,5,0.0,0.0,0,1,true
9497,0,5,0.0,0.0,0,1,true
9498,9,5,0.0,0.0,0,10,true
9499,0,5,0.0,0.0,0,10,true
9500,-5,5,0.0,0.0,0,5,true
9501,4,5,0.0,0.0,0,9,true
9502,-8,5,0.0,0.0,0,1,true
9503,4,5,0.0,0.0,0,5,true
9504,5,5,0.0,0.0,0,10,true
9505,-5,5,0.0,0.0,0,5,true
9506,3,5,0.0,0.0,0,8,true
9507,-1,5,0.0,0.0,0,7,true
9508,-1,5,0.0,0.0,0,6,true
9509,-3,5,0.0,0.0,0,3,true
9510,2,5,0.0,0.0,0,5,true
9511,-3,5,0.0,0.0,0,2,true
9512,8,5,0.0,0.0,0,10,true
9513,0,5,0.0,0.0,0,10,true
9514,-1,5,0.0,0.0,0,9,true
9515,-6,5,0.0,0.0,0,3,true
9516,7,5,0.0,0.0,0,10,true
9517,-8,5,0.0,0.0,0,2,true
9518,2,5,0.0,0.0,0,4,true
9519,6,5,0.0,0.0,0,10,true
9520,-9,5,0.0,0.0,0,1,true
9521,6,5,0.0,0.0,0,7,true
9522,-6,5,0.0,0.0,0,1,true
9523,4,5,0.0,0.0,0,5,true
9524,0,5,0.0,0.0,0,5,true
9525,4,5,0.0,0.0,0,9,true
9526,-3,4,0.0,0.0,0,6,true
9527,-1,5,0.0,0.0,0,5,true
9528,-2,5,0.0,0.0,0,3,true
9529,2,5,0.0,0.0,0,5,true
9530,-2,5,0.0,0.0,0,3,true
9531,-1,4,0.0,0.0,0,2,true
9532,7,5,0.0,0.0,0,9,true
9533,-4,5,0.0,0.0,0,5,true
9534,-2,5,0.0,0.0,0,3,true
9535,0,5,0.0,0.0,0,3,true
9536,3,5,0.0,0.0,0,6,true
9537,-3,5,0.0,0.0,0,3,true
9538,-1,5,0.0,0.0,0,2,true
9539,2,5,0.0,0.0,0,4,true
9540,-3,5,0.0,0.0,0,1,true
9541,3,5,0.0,0.0,0,4,true
9542,5,5,0.0,0.0,0,9,true
9543,-2,5,0.0,0.0,0,7,true
9544,-1,5,0.0,0.0,0,6,true
9545,4,5,0.0,0.0,0,10,true
9546,-1,4,0.0,0.0,0,9,true
9547,-4,5,0.0,0.0,0,5,true
9548,-3,5,0.0,0.0,0,2,true
9549,6,5,0.0,0.0,0,8,true
9550,2,5,0.0,0.0,0,10,true
9551,-4,5,0.0,0.0,0,6,true
9552,1,5,0.0,0.0,0,7,true
9553,3,5,0.0,0.0,0,10,true
9554,-9,5,0.0,0.0,0,1,true
9555,7,5,0.0,0.0,0,8,true
9556,2,5,0.0,0.0,0,10,true
9557,-2,5,0.0,0.0,0,8,true
9558,-5,5,0.0,0.0,0,3,true
9559,2,5,0.0,0.0,0,5,true
9560,1,4,0.0,0.0,0,6,true
9561,-4,5,0.0,0.0,0,2,true
9562,-1,5,0.0,0.0,0,1,true
9563,4,5,0.0,0.0,0,5,true
9564,-1,5,0.0,0.0,0,4,true
9565,3,5,0.0,0.0,0,7,true
9566,-3,5,0.0,0.0,0,4,true
9567,0,5,0.0,0.0,0,4,true
9568,1,5,0.0,0.0,0,5,true
9569,0,4,0.0,0.0,0,5,true
9570,2,5,0.0,0.0,0,7,true
9571,1,5,0.0,0.0,0,8,true
9572,0,5,0.0,0.0,0,8,true
9573,2,5,0.0,0.0,0,10,true
9574,-3,5,0.0,0.0,0,7,true
9575,-1,5,0.0,0.0,0,6,true
9576,2,5,0.0,0.0,0,8,true
9577,0,5,0.0,0.0,0,8,true
9578,-2,5,0.0,0.0,0,6,true
9579,-4,5,0.0,0.0,0,2,true
9580,8,5,0.0,0.0,0,10,true
9581,-4,4,0.0,0.0,0,6,true
9582,3,5,0.0,0.0,0,9,true
9583,1,5,0.0,0.0,0,10,true
9584,-6,5,0.0,0.0,0,4,true
9585,0,5,0.0,0.0,0,4,true
9586,-2,5,0.0,0.0,0,2,true
9587,7,5,0.0,0.0,0,9,true
9588,-3,5,0.0,0.0,0,6,true
9589,4,5,0.0,0.0,0,10,true
9590,-9,5,0.0,0.0,0,1,true
9591,2,5,0.0,0.0,0,3,true
9592,7,5,0.0,0.0,0,10,true
9593,-8,5,0.0,0.0,0,2,true
9594,7,5,0.0,0.0,0,9,true
9595,-1,5,0.0,0.0,0,8,true
9596,-6,5,0.0,0.0,0,2,true
9597,5,5,0.0,0.0,0,7,true
9598,-2,5,0.0,0.0,0,5,true
9599,-3,5,0.0,0.0,0,2,true
9600,2,5,0.0,0.0,0,4,true
9601,1,5,0.0,0.0,0,5,true
9602,2,5,0.0,0.0,0,7,true
9603,-4,5,0.0,0.0,0,3,true
9604,3,5,0.0,0.0,0,6,true
9605,-5,5,0.0,0.0,0,1,true
9606,4,5,0.0,0.0,0,5,true
9607,-3,5,0.0,0.0,0,2,true
9608,7,5,0.0,0.0,0,9,true
9609,-3,5,0.0,0.0,0,6,true
9610,-1,5,0.0,0.0,0,5,true
9611,-4,5,0.0,0.0,0,1,true
9612,4,5,0.0,0.0,0,5,true
9613,4,5,0.0,0.0,0,9,true
9614,-4,5,0.0,0.0,0,5,true
9615,-4,5,0.0,0.0,0,1,true
9616,0,5,0.0,0.0,0,1,true
9617,6,5,0.0,0.0,0,7,true
9618,3,5,0.0,0.0,0,10,true
9619,-6,5,0.0,0.0,0,4,true
9620,5,5,0.0,0.0,0,9,true
9621,0,5,0.0,0.0,0,9,true
9622,-2,5,0.0,0.0,0,7,true
9623,-3,5,0.0,0.0,0,4,true
9624,4,5,0.0,0.0,0,8,true
9625,-5,5,0.0,0.0,0,3,true
9626,7,5,0.0,0.0,0,10,true
9627,-3,5,0.0,0.0,0,7,true
9628,-3,5,0.0,0.0,0,4,true
9629,4,5,0.0,0.0,0,8,true
9630,0,5,0.0,0.0,0,8,true
9631,-3,5,0.0,0.0,0,5,true
9632,-2,5,0.0,0.0,0,3,true
9633,-1,5,0.0,0.0,0,2,true
9634,5,5,0.0,0.0,0,7,true
9635,2,5,0.0,0.0,0,9,true
9636,-1,5,0.0,0.0,0,8,true
9637,-2,5,0.0,0.0,0,6,true
9638,-1,5,0.0,0.0,0,5,true
9639,2,5,0.0,0.0,0,7,true
9640,-1,5,0.0,0.0,0,6,true
9641,4,4,0.0,0.0,0,10,true
9642,-9,5,0.0,0.0,0,1,true
9643,5,5,0.0,0.0,0,6,true
9644,4,5,0.0,0.0,0,10,true
9645,0,5,0.0,0.0,0,10,true
9646,0,5,0.0,0.0,0,10,true
9647,-4,5,0.0,0.0,0,6,true
9648,3,5,0.0,0.0,0,9,true
9649,1,5,0.0,0.0,0,10,true
9650,-3,5,0.0,0.0,0,7,true
9651,-4,5,0.0,0.0,0,3,true
9652,0,5,0.0,0.0,0,3,true
9653,1,5,0.0,0.0,0,4,true
9654,3,5,0.0,0.0,0,7,true
9655,0,5,0.0,0.0,0,7,true
9656,-3,5,0.0,0.0,0,4,true
9657,2,5,0.0,0.0,0,6,true
9658,0,5,0.0,0.0,0,6,true
9659,-2,5,0.0,0.0,0,4,true
9660,1,5,0.0,0.0,0,5,true
9661,0,5,0.0,0.0,0,5,true
9662,-3,5,0.0,0.0,0,2,true
9663,0,4,0.0,0.0,0,2,true
9664,5,5,0.0,0.0,0,7,true
9665,-1,5,0.0,0.0,0,6,true
9666,-1,5,0.0,0.0,0,5,true
9667,5,5,0.0,0.0,0,10,true
9668,-1,5,0.0,0.0,0,9,true
9669,-5,5,0.0,0.0,0,4,true
9670,2,5,0.0,0.0,0,6,true
9671,-3,5,0.0,0.0,0,3,true
9672,6,5,0.0,0.0,0,9,true
9673,-4,5,0.0,0.0,0,5,true
9674,0,5,0.0,0.0,0,5,true
9675,2,5,0.0,0.0,0,7,true
9676,-2,5,0.0,0.0,0,5,true
9677,-3,5,0.0,0.0,0,2,true
9678,1,5,0.0,0.0,0,3,true
9679,1,5,0.0,0.0,0,4,true
9680,-3,4,0.0,0.0,0,1,true
9681,8,5,0.0,0.0,0,9,true
9682,-7,5,0.0,0.0,0,2,true
9683,5,5,0.0,0.0,0,7,true
9684,-2,5,0.0,0.0,0,5,true
9685,0,5,0.0,0.0,0,5,true
9686,4,5,0.0,0.0,0,9,true
9687,-7,5,0.0,0.0,0,2,true
9688,5,5,0.0,0.0,0,7,true
9689,0,5,0.0,0.0,0,7,true
9690,1,5,0.0,0.0,0,8,true
9691,-7,5,0.0,0.0,0,1,true
9692,6,5,0.0,0.0,0,7,true
9693,1,5,0.0,0.0,0,8,true
9694,-7,5,0.0,0.0,0,1,true
9695,4,5,0.0,0.0,0,5,true
9696,5,5,0.0,0.0,0,10,true
9697,-3,5,0.0,0.0,0,7,true
9698,-4,4,0.0,0.0,0,3,true
9699,6,5,0.0,0.0,0,9,true
9700,-1,5,0.0,0.0,0,8,true
9701,0,4,0.0,0.0,0,8,true
9702,-4,5,0.0,0.0,0,4,true
9703,-1,5,0.0,0.0,0,3,true
9704,5,4,0.0,0.0,0,8,true
9705,-4,5,0.0,0.0,0,4,true
9706,-3,5,0.0,0.0,0,1,true
9707,5,5,0.0,0.0,0,6,true
9708,-4,5,0.0,0.0,0,2,true
9709,4,5,0.0,0.0,0,6,true
9710,-5,5,0.0,0.0,0,1,true
9711,4,5,0.0,0.0,0,5,true
9712,-1,5,0.0,0.0,0,4,true
9713,-3,5,0.0,0.0,0,1,true
9714,8,5,0.0,0.0,0,9,true
9715,-1,5,0.0,0.0,0,8,true
9716,-6,5,0.0,0.0,0,2,true
9717,-1,5,0.0,0.0,0,1,true
9718,0,5,0.0,0.0,0,1,true
9719,2,5,0.0,0.0,0,3,true
9720,3,5,0.0,0.0,0,6,true
9721,1,5,0.0,0.0,0,7,true
9722,-4,3,0.0,0.0,0,3,true
9723,1,5,0.0,0.0,0,4,true
9724,1,5,0.0,0.0,0,5,true
9725,0,4,0.0,0.0,0,5,true
9726,-2,5,0.0,0.0,0,3,true
9727,-2,5,0.0,0.0,0,1,true
9728,3,5,0.0,0.0,0,4,true
9729,0,5,0.0,0.0,0,4,true
9730,0,5,0.0,0.0,0,4,true
9731,-2,5,0.0,0.0,0,2,true
9732,5,5,0.0,0.0,0,7,true
9733,-1,4,0.0,0.0,0,6,true
9734,-3,5,0.0,0.0,0,3,true
9735,7,4,0.0,0.0,0,10,true
9736,0,5,0.0,0.0,0,10,true
9737,-8,5,0.0,0.0,0,2,true
9738,4,5,0.0,0.0,0,6,true
9739,-5,5,0.0,0.0,0,1,true
9740,4,5,0.0,0.0,0,5,true
9741,4,5,0.0,0.0,0,9,true
9742,0,4,0.0,0.0,0,9,true
9743,-3,5,0.0,0.0,0,6,true
9744,-2,5,0.0,0.0,0,4,true
9745,-2,5,0.0,0.0,0,2,true
9746,6,4,0.0,0.0,0,8,true
9747,1,5,0.0,0.0,0,9,true
9748,-4,5,0.0,0.0,0,5,true
9749,-1,5,0.0,0.0,0,4,true
9750,2,5,0.0,0.0,0,6,true
9751,-5,5,0.0,0.0,0,1,true
9752,7,4,0.0,0.0,0,8,true
9753,-6,5,0.0,0.0,0,2,true
9754,4,5,0.0,0.0,0,6,true
9755,0,5,0.0,0.0,0,6,true
9756,4,5,0.0,0.0,0,10,true
9757,-1,5,0.0,0.0,0,9,true
9758,-2,4,0.0,0.0,0,7,true
9759,-2,5,0.0,0.0,0,5,true
9760,4,5,0.0,0.0,0,9,true
9761,0,5,0.0,0.0,0,9,true
9762,1,5,0.0,0.0,0,10,true
9763,-1,5,0.0,0.0,0,9,true
9764,-6,5,0.0,0.0,0,3,true
9765,4,5,0.0,0.0,0,7,true
9766,-5,5,0.0,0.0,0,2,true
9767,2,5,0.0,0.0,0,4,true
9768,4,5,0.0,0.0,0,8,true
9769,-3,5,0.0,0.0,0,5,true
9770,5,5,0.0,0.0,0,10,true
9771,-2,5,0.0,0.0,0,8,true
9772,-4,5,0.0,0.0,0,4,true
9773,2,5,0.0,0.0,0,6,true
9774,-4,5,0.0,0.0,0,2,true
9775,3,5,0.0,0.0,0,5,true
9776,2,5,0.0,0.0,0,7,true
9777,-4,5,0.0,0.0,0,3,true
9778,7,5,0.0,0.0,0,10,true
9779,-7,5,0.0,0.0,0,3,true
9780,-1,5,0.0,0.0,0,2,true
9781,-1,5,0.0,0.0,0,1,true
9782,5,5,0.0,0.0,0,6,true
9783,0,5,0.0,0.0,0,6,true
9784,-2,5,0.0,0.0,0,4,true
9785,2,5,0.0,0.0,0,6,true
9786,4,5,0.0,0.0,0,10,true
9787,-8,5,0.0,0.0,0,2,true
9788,7,5,0.0,0.0,0,9,true
9789,0,5,0.0,0.0,0,9,true
9790,-5,5,0.0,0.0,0,4,true
9791,3,5,0.0,0.0,0,7,true
9792,1,5,0.0,0.0,0,8,true
9793,-3,5,0.0,0.0,0,5,true
9794,4,5,0.0,0.0,0,9,true
9795,-8,4,0.0,0.0,0,1,true
9796,8,5,0.0,0.0,0,9,true
9797,-4,5,0.0,0.0,0,5,true
9798,4,5,0.0,0.0,0,9,true
9799,-2,5,0.0,0.0,0,7,true
9800,2,5,0.0,0.0,0,9,true
9801,-7,5,0.0,0.0,0,2,true
9802,-1,5,0.0,0.0,0,1,true
9803,1,4,0.0,0.0,0,2,true
9804,0,5,0.0,0.0,0,2,true
9805,2,5,0.0,0.0,0,4,true
9806,1,5,0.0,0.0,0,5,true
9807,2,5,0.0,0.0,0,7,true
9808,1,5,0.0,0.0,0,8,true
9809,-2,5,0.0,0.0,0,6,true
9810,0,5,0.0,0.0,0,6,true
9811,-3,5,0.0,0.0,0,3,true
9812,4,5,0.0,0.0,0,7,true
9813,-4,5,0.0,0.0,0,3,true
9814,3,5,0.0,0.0,0,6,true
9815,3,5,0.0,0.0,0,9,true
9816,-6,5,0.0,0.0,0,3,true
9817,-1,5,0.0,0.0,0,2,true
9818,-1,5,0.0,0.0,0,1,true
9819,0,5,0.0,0.0,0,1,true
9820,3,5,0.0,0.0,0,4,true
9821,-2,5,0.0,0.0,0,2,true
9822,-1,5,0.0,0.0,0,1,true
9823,4,5,0.0,0.0,0,5,true
9824,0,5,0.0,0.0,0,5,true
9825,3,5,0.0,0.0,0,8,true
9826,2,5,0.0,0.0,0,10,true
9827,-5,5,0.0,0.0,0,5,true
9828,2,5,0.0,0.0,0,7,true
9829,-1,5,0.0,0.0,0,6,true
9830,3,5,0.0,0.0,0,9,true
9831,-5,5,0.0,0.0,0,4,true
9832,4,5,0.0,0.0,0,8,true
9833,-4,4,0.0,0.0,0,4,true
9834,-2,5,0.0,0.0,0,2,true
9835,5,5,0.0,0.0,0,7,true
9836,-2,5,0.0,0.0,0,5,true
9837,3,5,0.0,0.0,0,8,true
9838,-2,5,0.0,0.0,0,6,true
9839,-5,5,0.0,0.0,0,1,true
9840,0,5,0.0,0.0,0,1,true
9841,9,5,0.0,0.0,0,10,true
9842,-9,5,0.0,0.0,0,1,true
9843,5,5,0.0,0.0,0,6,true
9844,-4,5,0.0,0.0,0,2,true
9845,0,5,0.0,0.0,0,2,true
9846,4,5,0.0,0.0,0,6,true
9847,2,5,0.0,0.0,0,8,true
9848,-3,5,0.0,0.0,0,5,true
9849,1,5,0.0,0.0,0,6,true
9850,3,5,0.0,0.0,0,9,true
9851,-8,5,0.0,0.0,0,1,true
9852,3,5,0.0,0.0,0,4,true
9853,-3,5,0.0,0.0,0,1,true
9854,2,5,0.0,0.0,0,3,true
9855,6,5,0.0,0.0,0,9,true
9856,1,5,0.0,0.0,0,10,true
9857,-3,5,0.0,0.0,0,7,true
9858,-1,5,0.0,0.0,0,6,true
9859,-1,5,0.0,0.0,0,5,true
9860,2,4,0.0,0.0,0,7,true
9861,-4,5,0.0,0.0,0,3,true
9862,5,5,0.0,0.0,0,8,true
9863,-4,5,0.0,0.0,0,4,true
9864,2,5,0.0,0.0,0,6,true
9865,1,5,0.0,0.0,0,7,true
9866,-1,5,0.0,0.0,0,6,true
9867,4,5,0.0,0.0,0,10,true
9868,0,5,0.0,0.0,0,10,true
9869,-5,5,0.0,0.0,0,5,true
9870,-1,5,0.0,0.0,0,4,true
9871,1,5,0.0,0.0,0,5,true
9872,-4,5,0.0,0.0,0,1,true
9873,5,5,0.0,0.0,0,6,true
9874,-5,5,0.0,0.0,0,1,true
9875,9,5,0.0,0.0,0,10,true
9876,-5,5,0.0,0.0,0,5,true
9877,5,5,0.0,0.0,0,10,true
9878,0,5,0.0,0.0,0,10,true
9879,-6,5,0.0,0.0,0,4,true
9880,0,5,0.0,0.0,0,4,true
9881,2,5,0.0,0.0,0,6,true
9882,1,5,0.0,0.0,0,7,true
9883,-2,5,0.0,0.0,0,5,true
9884,0,5,0.0,0.0,0,5,true
9885,1,5,0.0,0.0,0,6,true
9886,0,5,0.0,0.0,0,6,true
9887,0,5,0.0,0.0,0,6,true
9888,0,5,0.0,0.0,0,6,true
9889,3,5,0.0,0.0,0,9,true
9890,-6,5,0.0,0.0,0,3,true
9891,5,4,0.0,0.0,0,8,true
9892,-6,5,0.0,0.0,0,2,true
9893,-1,5,0.0,0.0,0,1,true
9894,2,5,0.0,0.0,0,3,true
9895,1,5,0.0,0.0,0,4,true
9896,5,4,0.0,0.0,0,9,true
9897,-6,5,0.0,0.0,0,3,true
9898,5,5,0.0,0.0,0,8,true
9899,-2,5,0.0,0.0,0,6,true
9900,-2,5,0.0,0.0,0,4,true
9901,4,5,0.0,0.0,0,8,true
9902,0,5,0.0,0.0,0,8,true
9903,2,5,0.0,0.0,0,10,true
9904,-9,5,0.0,0.0,0,1,true
9905,0,5,0.0,0.0,0,1,true
9906,1,5,0.0,0.0,0,2,true
9907,5,5,0.0,0.0,0,7,true
9908,1,5,0.0,0.0,0,8,true
9909,2,5,0.0,0.0,0,10,true
9910,0,5,0.0,0.0,0,10,true
9911,0,5,0.0,0.0,0,10,true
9912,-9,5,0.0,0.0,0,1,true
9913,7,5,0.0,0.0,0,8,true
9914,-3,5,0.0,0.0,0,5,true
9915,3,4,0.0,0.0,0,8,true
9916,-7,5,0.0,0.0,0,1,true
9917,5,5,0.0,0.0,0,6,true
9918,-2,5,0.0,0.0,0,4,true
9919,-3,5,0.0,0.0,0,1,true
9920,1,5,0.0,0.0,0,2,true
9921,5,5,0.0,0.0,0,7,true
9922,1,5,0.0,0.0,0,8,true
9923,-3,5,0.0,0.0,0,5,true
9924,-1,5,0.0,0.0,0,4,true
9925,-2,5,0.0,0.0,0,2,true
9926,-1,5,0.0,0.0,0,1,true
9927,5,5,0.0,0.0,0,6,true
9928,-2,5,0.0,0.0,0,4,true
9929,2,5,0.0,0.0,0,6,true
9930,1,5,0.0,0.0,0,7,true
9931,0,4,0.0,0.0,0,7,true
9932,-1,5,0.0,0.0,0,6,true
9933,2,5,0.0,0.0,0,8,true
9934,0,5,0.0,0.0,0,8,true
9935,-2,5,0.0,0.0,0,6,true
9936,-3,5,0.0,0.0,0,3,true
9937,-1,5,0.0,0.0,0,2,true
9938,6,5,0.0,0.0,0,8,true
9939,-4,5,0.0,0.0,0,4,true
9940,-3,5,0.0,0.0,0,1,true
9941,9,5,0.0,0.0,0,10,true
9942,-1,5,0.0,0.0,0,9,true
9943,-3,5,0.0,0.0,0,6,true
9944,0,4,0.0,0.0,0,6,true
9945,1,5,0.0,0.0,0,7,true
9946,0,5,0.0,0.0,0,7,true
9947,0,5,0.0,0.0,0,7,true
9948,1,5,0.0,0.0,0,8,true
9949,-3,5,0.0,0.0,0,5,true
9950,1,5,0.0,0.0,0,6,true
9951,2,5,0.0,0.0,0,8,true
9952,-4,5,0.0,0.0,0,4,true
9953,4,5,0.0,0.0,0,8,true
9954,-4,5,0.0,0.0,0,4,true
9955,0,5,0.0,0.0,0,4,true
9956,2,5,0.0,0.0,0,6,true
9957,1,5,0.0,0.0,0,7,true
9958,1,5,0.0,0.0,0,8,true
9959,-3,5,0.0,0.0,0,5,true
9960,-3,5,0.0,0.0,0,2,true
9961,6,5,0.0,0.0,0,8,true
9962,-3,4,0.0,0.0,0,5,true
9963,3,5,0.0,0.0,0,8,true
9964,-6,5,0.0,0.0,0,2,true
9965,3,5,0.0,0.0,0,5,true
9966,3,5,0.0,0.0,0,8,true
9967,0,5,0.0,0.0,0,8,true
9968,-4,5,0.0,0.0,0,4,true
9969,1,5,0.0,0.0,0,5,true
9970,1,5,0.0,0.0,0,6,true
9971,1,4,0.0,0.0,0,7,true
9972,-1,5,0.0,0.0,0,6,true
9973,-5,5,0.0,0.0,0,1,true
9974,5,5,0.0,0.0,0,6,true
9975,-1,5,0.0,0.0,0,5,true
9976,5,5,0.0,0.0,0,10,true
9977,0,5,0.0,0.0,0,10,true
9978,-8,5,0.0,0.0,0,2,true
9979,7,5,0.0,0.0,0,9,true
9980,0,5,0.0,0.0,0,9,true
9981,-4,5,0.0,0.0,0,5,true
9982,1,5,0.0,0.0,0,6,true
9983,-2,5,0.0,0.0,0,4,true
9984,5,5,0.0,0.0,0,9,true
9985,0,5,0.0,0.0,0,9,true
9986,-3,5,0.0,0.0,0,6,true
9987,-5,5,0.0,0.0,0,1,true
9988,0,5,0.0,0.0,0,1,true
9989,5,5,0.0,0.0,0,6,true
9990,-2,5,0.0,0.0,0,4,true
9991,6,4,0.0,0.0,0,10,true
9992,-6,5,0.0,0.0,0,4,true
9993,1,5,0.0,0.0,0,5,true
9994,3,5,0.0,0.0,0,8,true
9995,-7,5,0.0,0.0,0,1,true
9996,7,5,0.0,0.0,0,8,true
9997,0,5,0.0,0.0,0,8,true
9998,-2,5,0.0,0.0,0,6,true
9999,-4,5,0.0,0.0,0,2,true
10000,6,5,0.0,0.0,0,8,true
