generation_number,timestamp,execution_duration_ms,episodes_created,discoveries_made,theories_formed,unknowns_resolved,research_debt,research_velocity,replication_success_rate,adaptations_evaluated,adaptations_adopted,adaptations_rejected,adaptation_success_rate,prediction_accuracy,prediction_calibration,prediction_reliability,civilization_adaptation_index,scientific_capital,institution_diversity,method_diversity,collaboration_density,resource_utilization,budget_remaining,credits_spent,canonical_transaction_count,stage3_results_count,stage4_results_count,stage5_result_id,constitutional_violations,lifecycle_completeness_pct,rollback_frequency
1,2026-06-30T11:20:44.653000Z,8,200,10,10,6,0,10.0,0.8250248205198458,20,0,20,0.0,0.0075,0.993,1.0,0.0,1.3e3,1.0,0.820120213547144,0.305,%{cpu_percent: 45.0; memory_mb: 512},998000,2000,3,8,20,civ_adapt_gen1,0,100.0,0.05
2,2026-06-30T11:20:44.689000Z,2,200,10,10,6,0,10.0,0.8027535227614835,20,0,20,0.0,0.0079,0.992,1.0,0.0,1.3e3,1.0,0.8710853023386373,0.31,%{cpu_percent: 45.0; memory_mb: 512},996000,2000,3,4,20,civ_adapt_gen2,0,100.0,0.05
3,2026-06-30T11:20:44.731000Z,18,200,10,10,6,0,10.0,0.8258519465307248,20,0,20,0.0,0.0062,0.994,1.0,0.0,1.3e3,1.0,0.7121242874335447,0.315,%{cpu_percent: 45.0; memory_mb: 512},994000,2000,3,3,20,civ_adapt_gen3,0,100.0,0.05
4,2026-06-30T11:20:44.737000Z,3,200,10,10,6,0,10.0,0.9493828086847238,20,0,20,0.0,0.0085,0.992,1.0,0.0,1.3e3,1.0,0.7467041254756648,0.32,%{cpu_percent: 45.0; memory_mb: 512},992000,2000,3,7,20,civ_adapt_gen4,0,100.0,0.05
5,2026-06-30T11:20:44.760000Z,2,200,10,10,6,0,10.0,0.9098851896611003,20,0,20,0.0,0.0073,0.993,1.0,0.0,1.3e3,1.0,0.8989876738040351,0.325,%{cpu_percent: 45.0; memory_mb: 512},990000,2000,3,4,20,civ_adapt_gen5,0,100.0,0.05
6,2026-06-30T11:20:44.780000Z,2,200,10,10,6,0,10.0,0.9311690253877936,20,0,20,0.0,0.0075,0.993,1.0,0.0,1.3e3,1.0,0.8290067461479861,0.33,%{cpu_percent: 45.0; memory_mb: 512},988000,2000,3,4,20,civ_adapt_gen6,0,100.0,0.05
7,2026-06-30T11:20:44.799000Z,2,200,10,10,6,0,10.0,0.9090709432774904,20,0,20,0.0,0.0064,0.994,1.0,0.0,1.3e3,1.0,0.7171317756681006,0.335,%{cpu_percent: 45.0; memory_mb: 512},986000,2000,3,4,20,civ_adapt_gen7,0,100.0,0.05
8,2026-06-30T11:20:44.819000Z,3,200,10,10,6,0,10.0,0.8768919238613126,20,0,20,0.0,0.0068,0.993,1.0,0.0,1.3e3,1.0,0.7147865587613371,0.34,%{cpu_percent: 45.0; memory_mb: 512},984000,2000,3,6,20,civ_adapt_gen8,0,100.0,0.05
9,2026-06-30T11:20:44.845000Z,3,200,10,10,6,0,10.0,0.8711147538263777,20,0,20,0.0,0.006,0.994,1.0,0.0,1.3e3,1.0,0.7452393674287415,0.345,%{cpu_percent: 45.0; memory_mb: 512},982000,2000,3,3,20,civ_adapt_gen9,0,100.0,0.05
10,2026-06-30T11:20:44.864000Z,3,200,10,10,6,0,10.0,0.805031774581352,20,0,20,0.0,0.0077,0.992,1.0,0.0,1.3e3,1.0,0.8713078347018436,0.35,%{cpu_percent: 45.0; memory_mb: 512},980000,2000,3,3,20,civ_adapt_gen10,0,100.0,0.05
11,2026-06-30T11:20:44.923000Z,3,200,10,10,6,0,10.0,0.910120564256758,20,2,18,0.1,0.0081,0.992,1.0,0.83,1.7e3,1.0,0.7446973437445588,0.355,%{cpu_percent: 45.0; memory_mb: 512},977000,3000,3,3,20,civ_adapt_gen11,0,100.0,0.05
12,2026-06-30T11:20:44.937000Z,9,200,10,10,6,0,10.0,0.9118978756716669,20,3,17,0.15,0.0079,0.992,1.0,1.85,1.9e3,1.0,0.731764383055595,0.36,%{cpu_percent: 45.0; memory_mb: 512},973500,3500,3,5,20,civ_adapt_gen12,0,100.0,0.05
13,2026-06-30T11:20:44.974000Z,26,200,10,10,6,0,10.0,0.8317409860143912,20,4,16,0.2,0.0091,0.991,1.0,3.31,2.1e3,1.0,0.7425466552044262,0.365,%{cpu_percent: 45.0; memory_mb: 512},969500,4000,3,5,20,civ_adapt_gen13,0,100.0,0.05
14,2026-06-30T11:20:44.987000Z,8,200,10,10,6,0,10.0,0.8596148296731634,20,11,9,0.55,0.0075,0.993,1.0,26.67,3.5e3,1.0,0.8563569739625814,0.37,%{cpu_percent: 45.0; memory_mb: 512},962000,7500,3,5,20,civ_adapt_gen14,0,100.0,0.05
15,2026-06-30T11:20:45.013000Z,3,200,10,10,6,0,10.0,0.9213053769146001,20,10,10,0.5,0.0072,0.993,1.0,21.74,3.3e3,1.0,0.8305607116509789,0.375,%{cpu_percent: 45.0; memory_mb: 512},955000,7000,3,4,20,civ_adapt_gen15,0,100.0,0.05
16,2026-06-30T11:20:45.030000Z,2,200,10,10,6,0,10.0,0.8126338838368143,20,8,12,0.4,0.0075,0.993,1.0,13.33,2.9e3,1.0,0.7545849767341593,0.38,%{cpu_percent: 45.0; memory_mb: 512},949000,6000,3,3,20,civ_adapt_gen16,0,100.0,0.05
17,2026-06-30T11:20:45.056000Z,3,200,10,10,6,0,10.0,0.9124040642476582,20,14,6,0.7,0.0073,0.993,1.0,41.64,4.1e3,1.0,0.7889571657261598,0.385,%{cpu_percent: 45.0; memory_mb: 512},940000,9000,3,7,20,civ_adapt_gen17,0,100.0,0.05
18,2026-06-30T11:20:45.072000Z,2,200,10,10,6,0,10.0,0.8817953173370136,20,14,6,0.7,0.008,0.992,1.0,40.65,4.1e3,1.0,0.7466271137652607,0.39,%{cpu_percent: 45.0; memory_mb: 512},931000,9000,3,3,20,civ_adapt_gen18,0,100.0,0.05
19,2026-06-30T11:20:45.113000Z,21,200,10,10,6,0,10.0,0.8655782280685722,20,16,4,0.8,0.007,0.993,1.0,55.58,4.5e3,1.0,0.8282865497621738,0.395,%{cpu_percent: 45.0; memory_mb: 512},921000,10000,3,6,20,civ_adapt_gen19,0,100.0,0.05
20,2026-06-30T11:20:45.132000Z,3,200,10,10,6,0,10.0,0.9428893323721358,20,20,0,1.0,0.009,0.991,1.0,81.14,5.3e3,1.0,0.7081890093036246,0.4,%{cpu_percent: 45.0; memory_mb: 512},909000,12000,3,7,20,civ_adapt_gen20,0,100.0,0.05
21,2026-06-30T11:20:45.181000Z,7,200,10,10,6,0,10.0,0.916408474888613,20,20,0,1.0,0.0075,0.993,1.0,89.19,5.3e3,1.0,0.877765485525993,0.405,%{cpu_percent: 45.0; memory_mb: 512},897000,12000,3,3,20,civ_adapt_gen21,0,100.0,0.05
22,2026-06-30T11:20:45.197000Z,5,200,10,10,6,0,10.0,0.8097249128924036,20,20,0,1.0,0.0091,0.991,1.0,82.99,5.3e3,1.0,0.7472588690429258,0.41,%{cpu_percent: 45.0; memory_mb: 512},885000,12000,3,5,20,civ_adapt_gen22,0,100.0,0.05
23,2026-06-30T11:20:45.240000Z,3,200,10,10,6,0,10.0,0.936330069003235,20,20,0,1.0,0.0074,0.993,1.0,84.0,5.3e3,1.0,0.768496054430425,0.415,%{cpu_percent: 45.0; memory_mb: 512},873000,12000,3,5,20,civ_adapt_gen23,0,100.0,0.05
24,2026-06-30T11:20:45.269000Z,19,200,10,10,6,0,10.0,0.8851491335290163,20,20,0,1.0,0.0077,0.992,1.0,86.38,5.3e3,1.0,0.8186276960032292,0.42,%{cpu_percent: 45.0; memory_mb: 512},861000,12000,3,6,20,civ_adapt_gen24,0,100.0,0.05
25,2026-06-30T11:20:45.275000Z,3,200,10,10,6,0,10.0,0.8672377494830882,20,20,0,1.0,0.0085,0.992,1.0,83.21,5.3e3,1.0,0.7518444625695584,0.425,%{cpu_percent: 45.0; memory_mb: 512},849000,12000,3,4,20,civ_adapt_gen25,0,100.0,0.05
26,2026-06-30T11:20:45.309000Z,4,200,10,10,6,0,10.0,0.9434837179814087,20,20,0,1.0,0.0082,0.992,1.0,81.91,5.3e3,1.0,0.7244695644132798,0.43,%{cpu_percent: 45.0; memory_mb: 512},837000,12000,3,6,20,civ_adapt_gen26,0,100.0,0.05
27,2026-06-30T11:20:45.344000Z,3,200,10,10,6,0,10.0,0.8041563554909573,20,20,0,1.0,0.0062,0.994,1.0,87.7,5.3e3,1.0,0.8463072720591374,0.435,%{cpu_percent: 45.0; memory_mb: 512},825000,12000,3,6,20,civ_adapt_gen27,0,100.0,0.05
28,2026-06-30T11:20:45.387000Z,20,200,10,10,6,0,10.0,0.8213276291764579,20,20,0,1.0,0.0075,0.993,1.0,84.82,5.3e3,1.0,0.7856596946103702,0.44,%{cpu_percent: 45.0; memory_mb: 512},813000,12000,3,8,20,civ_adapt_gen28,0,100.0,0.05
29,2026-06-30T11:20:45.420000Z,25,200,10,10,6,0,10.0,0.8253221042427782,20,20,0,1.0,0.0083,0.992,1.0,83.38,5.3e3,1.0,0.7554296746526586,0.445,%{cpu_percent: 45.0; memory_mb: 512},801000,12000,3,4,20,civ_adapt_gen29,0,100.0,0.05
30,2026-06-30T11:20:45.430000Z,3,200,10,10,6,0,10.0,0.8097599772822474,20,20,0,1.0,0.0071,0.993,1.0,81.76,5.3e3,1.0,0.7212275769876002,0.45,%{cpu_percent: 45.0; memory_mb: 512},789000,12000,3,7,20,civ_adapt_gen30,0,100.0,0.05
31,2026-06-30T11:20:45.512000Z,2,200,10,10,6,0,10.0,0.8049475346588624,20,20,0,1.0,0.0089,0.991,1.0,82.89,5.3e3,1.0,0.7449763785972711,0.455,%{cpu_percent: 45.0; memory_mb: 512},777000,12000,3,5,20,civ_adapt_gen31,0,100.0,0.05
32,2026-06-30T11:20:45.591000Z,22,200,10,10,6,0,10.0,0.9268398038794506,20,20,0,1.0,0.0084,0.992,1.0,81.44,5.3e3,1.0,0.7146215608263122,0.46,%{cpu_percent: 45.0; memory_mb: 512},765000,12000,3,5,20,civ_adapt_gen32,0,100.0,0.05
33,2026-06-30T11:20:45.603000Z,4,200,10,10,6,0,10.0,0.8731270539556645,20,20,0,1.0,0.0078,0.992,1.0,86.16,5.3e3,1.0,0.8139873179829294,0.465,%{cpu_percent: 45.0; memory_mb: 512},753000,12000,3,3,20,civ_adapt_gen33,0,100.0,0.05
34,2026-06-30T11:20:45.692000Z,8,200,10,10,6,0,10.0,0.8228366110851374,20,20,0,1.0,0.0071,0.993,1.0,87.93,5.3e3,1.0,0.8511960488433097,0.47,%{cpu_percent: 45.0; memory_mb: 512},741000,12000,3,6,20,civ_adapt_gen34,0,100.0,0.05
35,2026-06-30T11:20:45.722000Z,24,200,10,10,6,0,10.0,0.933220201416504,20,20,0,1.0,0.009,0.991,1.0,89.99,5.3e3,1.0,0.8945503029572432,0.475,%{cpu_percent: 45.0; memory_mb: 512},729000,12000,3,5,20,civ_adapt_gen35,0,100.0,0.05
36,2026-06-30T11:20:45.735000Z,5,200,10,10,6,0,10.0,0.824291535985458,20,20,0,1.0,0.0068,0.993,1.0,87.2,5.3e3,1.0,0.835854849122593,0.48,%{cpu_percent: 45.0; memory_mb: 512},717000,12000,3,7,20,civ_adapt_gen36,0,100.0,0.05
37,2026-06-30T11:20:45.794000Z,21,200,10,10,6,0,10.0,0.8327595306671726,20,20,0,1.0,0.0074,0.993,1.0,86.34,5.3e3,1.0,0.8176638862768164,0.485,%{cpu_percent: 45.0; memory_mb: 512},705000,12000,3,6,20,civ_adapt_gen37,0,100.0,0.05
38,2026-06-30T11:20:45.806000Z,3,200,10,10,6,0,10.0,0.9300251698393467,20,20,0,1.0,0.0073,0.993,1.0,86.13,5.3e3,1.0,0.8133679819605916,0.49,%{cpu_percent: 45.0; memory_mb: 512},693000,12000,3,5,20,civ_adapt_gen38,0,100.0,0.05
39,2026-06-30T11:20:45.832000Z,9,200,10,10,6,0,10.0,0.8592945986011559,20,20,0,1.0,0.0082,0.992,1.0,81.62,5.3e3,1.0,0.7182220257511359,0.495,%{cpu_percent: 45.0; memory_mb: 512},681000,12000,3,3,20,civ_adapt_gen39,0,100.0,0.05
40,2026-06-30T11:20:45.855000Z,3,200,10,10,6,0,10.0,0.8164561539334121,20,20,0,1.0,0.0084,0.992,1.0,84.21,5.3e3,1.0,0.7728199607580777,0.5,%{cpu_percent: 45.0; memory_mb: 512},669000,12000,3,7,20,civ_adapt_gen40,0,100.0,0.05
41,2026-06-30T11:20:45.890000Z,7,200,10,10,6,0,10.0,0.8880292889252445,20,20,0,1.0,0.0096,0.99,1.0,89.15,5.3e3,1.0,0.8769116787929032,0.505,%{cpu_percent: 45.0; memory_mb: 512},657000,12000,3,3,20,civ_adapt_gen41,0,100.0,0.05
42,2026-06-30T11:20:45.924000Z,15,200,10,10,6,0,10.0,0.9148159723594964,20,20,0,1.0,0.0088,0.991,1.0,82.0,5.3e3,1.0,0.7263659371120066,0.51,%{cpu_percent: 45.0; memory_mb: 512},645000,12000,3,5,20,civ_adapt_gen42,0,100.0,0.05
43,2026-06-30T11:20:45.930000Z,2,200,10,10,6,0,10.0,0.9296322508492374,20,20,0,1.0,0.0069,0.993,1.0,87.96,5.3e3,1.0,0.8518101365637406,0.515,%{cpu_percent: 45.0; memory_mb: 512},633000,12000,3,5,20,civ_adapt_gen43,0,100.0,0.05
44,2026-06-30T11:20:45.978000Z,4,200,10,10,6,0,10.0,0.8226709513099202,20,20,0,1.0,0.0076,0.992,1.0,82.4,5.3e3,1.0,0.7347818825487586,0.52,%{cpu_percent: 45.0; memory_mb: 512},621000,12000,3,7,20,civ_adapt_gen44,0,100.0,0.05
45,2026-06-30T11:20:46.023000Z,2,200,10,10,6,0,10.0,0.9144184630153401,20,20,0,1.0,0.0066,0.993,1.0,89.33,5.3e3,1.0,0.8806371044994076,0.525,%{cpu_percent: 45.0; memory_mb: 512},609000,12000,3,4,20,civ_adapt_gen45,0,100.0,0.05
46,2026-06-30T11:20:46.031000Z,4,200,10,10,6,0,10.0,0.920787125363699,20,20,0,1.0,0.0083,0.992,1.0,80.88,5.3e3,1.0,0.7028068841165925,0.53,%{cpu_percent: 45.0; memory_mb: 512},597000,12000,3,3,20,civ_adapt_gen46,0,100.0,0.05
47,2026-06-30T11:20:46.093000Z,30,200,10,10,6,0,10.0,0.8778001166000257,20,20,0,1.0,0.008,0.992,1.0,86.94,5.3e3,1.0,0.8303182042749285,0.535,%{cpu_percent: 45.0; memory_mb: 512},585000,12000,3,5,20,civ_adapt_gen47,0,100.0,0.05
48,2026-06-30T11:20:46.143000Z,32,200,10,10,6,0,10.0,0.8987656818803923,20,20,0,1.0,0.0074,0.993,1.0,82.51,5.3e3,1.0,0.7371280143544001,0.54,%{cpu_percent: 45.0; memory_mb: 512},573000,12000,3,7,20,civ_adapt_gen48,0,100.0,0.05
49,2026-06-30T11:20:46.152000Z,4,200,10,10,6,0,10.0,0.9369195483886821,20,20,0,1.0,0.0071,0.993,1.0,84.43,5.3e3,1.0,0.7774412152287693,0.545,%{cpu_percent: 45.0; memory_mb: 512},561000,12000,3,5,20,civ_adapt_gen49,0,100.0,0.05
50,2026-06-30T11:20:46.186000Z,3,200,10,10,6,0,10.0,0.8135039500304714,20,20,0,1.0,0.0085,0.992,1.0,90.0,5.3e3,1.0,0.8946771281077712,0.55,%{cpu_percent: 45.0; memory_mb: 512},549000,12000,3,6,20,civ_adapt_gen50,0,100.0,0.05
51,2026-06-30T11:20:46.228000Z,4,200,10,10,6,0,10.0,0.8290037688323195,20,20,0,1.0,0.0068,0.993,1.0,89.42,5.3e3,1.0,0.8824558636801005,0.555,%{cpu_percent: 45.0; memory_mb: 512},537000,12000,3,3,20,civ_adapt_gen51,0,100.0,0.05
52,2026-06-30T11:20:46.234000Z,4,200,10,10,6,0,10.0,0.9037664920413966,20,20,0,1.0,0.0078,0.992,1.0,89.59,5.3e3,1.0,0.8860779678117388,0.56,%{cpu_percent: 45.0; memory_mb: 512},525000,12000,3,3,20,civ_adapt_gen52,0,100.0,0.05
53,2026-06-30T11:20:46.271000Z,2,200,10,10,6,0,10.0,0.8100459057530002,20,20,0,1.0,0.0081,0.992,1.0,85.76,5.3e3,1.0,0.8054878734212625,0.565,%{cpu_percent: 45.0; memory_mb: 512},513000,12000,3,8,20,civ_adapt_gen53,0,100.0,0.05
54,2026-06-30T11:20:46.303000Z,6,200,10,10,6,0,10.0,0.822909715473011,20,20,0,1.0,0.0068,0.993,1.0,88.71,5.3e3,1.0,0.8676529096450243,0.57,%{cpu_percent: 45.0; memory_mb: 512},501000,12000,3,5,20,civ_adapt_gen54,0,100.0,0.05
55,2026-06-30T11:20:46.322000Z,2,200,10,10,6,0,10.0,0.8534465022653143,20,20,0,1.0,0.006,0.994,1.0,88.6,5.3e3,1.0,0.8652325804714699,0.575,%{cpu_percent: 45.0; memory_mb: 512},489000,12000,3,8,20,civ_adapt_gen55,0,100.0,0.05
56,2026-06-30T11:20:46.358000Z,3,200,10,10,6,0,10.0,0.8168607267029512,20,20,0,1.0,0.007,0.993,1.0,81.44,5.3e3,1.0,0.7144250634159734,0.58,%{cpu_percent: 45.0; memory_mb: 512},477000,12000,3,8,20,civ_adapt_gen56,0,100.0,0.05
57,2026-06-30T11:20:46.403000Z,2,200,10,10,6,0,10.0,0.9268326706380461,20,20,0,1.0,0.007,0.993,1.0,84.56,5.3e3,1.0,0.7802216964028947,0.585,%{cpu_percent: 45.0; memory_mb: 512},465000,12000,3,7,20,civ_adapt_gen57,0,100.0,0.05
58,2026-06-30T11:20:46.409000Z,3,200,10,10,6,0,10.0,0.9019021291171799,20,20,0,1.0,0.0061,0.994,1.0,84.52,5.3e3,1.0,0.7793222247432494,0.59,%{cpu_percent: 45.0; memory_mb: 512},453000,12000,3,8,20,civ_adapt_gen58,0,100.0,0.05
59,2026-06-30T11:20:46.436000Z,2,200,10,10,6,0,10.0,0.848255519990557,20,20,0,1.0,0.0058,0.994,1.0,87.09,5.3e3,1.0,0.833476695004181,0.595,%{cpu_percent: 45.0; memory_mb: 512},441000,12000,3,5,20,civ_adapt_gen59,0,100.0,0.05
60,2026-06-30T11:20:46.450000Z,3,200,10,10,6,0,10.0,0.9350710630273905,20,20,0,1.0,0.0077,0.992,1.0,81.78,5.3e3,1.0,0.7216893371680406,0.6,%{cpu_percent: 45.0; memory_mb: 512},429000,12000,3,7,20,civ_adapt_gen60,0,100.0,0.05
61,2026-06-30T11:20:46.491000Z,2,200,10,10,6,0,10.0,0.8990309413423399,20,20,0,1.0,0.0081,0.992,1.0,86.52,5.3e3,1.0,0.8215601511098375,0.605,%{cpu_percent: 45.0; memory_mb: 512},417000,12000,3,3,20,civ_adapt_gen61,0,100.0,0.05
62,2026-06-30T11:20:46.521000Z,2,200,10,10,6,0,10.0,0.8268317370388214,20,20,0,1.0,0.0071,0.993,1.0,85.44,5.3e3,1.0,0.7987756427328788,0.61,%{cpu_percent: 45.0; memory_mb: 512},405000,12000,3,3,20,civ_adapt_gen62,0,100.0,0.05
63,2026-06-30T11:20:46.557000Z,10,200,10,10,6,0,10.0,0.8601585514029519,20,20,0,1.0,0.0073,0.993,1.0,88.81,5.3e3,1.0,0.8696701192192822,0.615,%{cpu_percent: 45.0; memory_mb: 512},393000,12000,3,6,20,civ_adapt_gen63,0,100.0,0.05
64,2026-06-30T11:20:46.563000Z,3,200,10,10,6,0,10.0,0.9187754022261709,20,20,0,1.0,0.0074,0.993,1.0,83.11,5.3e3,1.0,0.7497648672377593,0.62,%{cpu_percent: 45.0; memory_mb: 512},381000,12000,3,4,20,civ_adapt_gen64,0,100.0,0.05
65,2026-06-30T11:20:46.592000Z,4,200,10,10,6,0,10.0,0.8626644127031934,20,20,0,1.0,0.0066,0.993,1.0,82.72,5.3e3,1.0,0.7415161797252564,0.625,%{cpu_percent: 45.0; memory_mb: 512},369000,12000,3,8,20,civ_adapt_gen65,0,100.0,0.05
66,2026-06-30T11:20:46.616000Z,2,200,10,10,6,0,10.0,0.942993113881897,20,20,0,1.0,0.0062,0.994,1.0,85.78,5.3e3,1.0,0.8059165017276896,0.63,%{cpu_percent: 45.0; memory_mb: 512},357000,12000,3,7,20,civ_adapt_gen66,0,100.0,0.05
67,2026-06-30T11:20:46.658000Z,3,200,10,10,6,0,10.0,0.9041721680412205,20,20,0,1.0,0.0075,0.993,1.0,81.66,5.3e3,1.0,0.7191595174380612,0.635,%{cpu_percent: 45.0; memory_mb: 512},345000,12000,3,8,20,civ_adapt_gen67,0,100.0,0.05
68,2026-06-30T11:20:46.669000Z,9,200,10,10,6,0,10.0,0.830608663249187,20,20,0,1.0,0.0066,0.993,1.0,85.06,5.3e3,1.0,0.7908103259129609,0.64,%{cpu_percent: 45.0; memory_mb: 512},333000,12000,3,3,20,civ_adapt_gen68,0,100.0,0.05
69,2026-06-30T11:20:46.692000Z,2,200,10,10,6,0,10.0,0.8288289889136485,20,20,0,1.0,0.009,0.991,1.0,88.25,5.3e3,1.0,0.8579197783699068,0.645,%{cpu_percent: 45.0; memory_mb: 512},321000,12000,3,3,20,civ_adapt_gen69,0,100.0,0.05
70,2026-06-30T11:20:46.718000Z,16,200,10,10,6,0,10.0,0.8810221593357026,20,20,0,1.0,0.0068,0.993,1.0,86.83,5.3e3,1.0,0.8280218326572214,0.65,%{cpu_percent: 45.0; memory_mb: 512},309000,12000,3,6,20,civ_adapt_gen70,0,100.0,0.05
71,2026-06-30T11:20:46.754000Z,13,200,10,10,6,0,10.0,0.9095017954560015,20,20,0,1.0,0.0068,0.993,1.0,85.01,5.3e3,1.0,0.7896900576556697,0.655,%{cpu_percent: 45.0; memory_mb: 512},297000,12000,3,5,20,civ_adapt_gen71,0,100.0,0.05
72,2026-06-30T11:20:46.762000Z,3,200,10,10,6,0,10.0,0.8948770520363356,20,20,0,1.0,0.0066,0.993,1.0,89.91,5.3e3,1.0,0.8928722622576151,0.66,%{cpu_percent: 45.0; memory_mb: 512},285000,12000,3,4,20,civ_adapt_gen72,0,100.0,0.05
73,2026-06-30T11:20:46.791000Z,10,200,10,10,6,0,10.0,0.914032849752003,20,20,0,1.0,0.0066,0.993,1.0,87.16,5.3e3,1.0,0.8349246128469086,0.665,%{cpu_percent: 45.0; memory_mb: 512},273000,12000,3,3,20,civ_adapt_gen73,0,100.0,0.05
74,2026-06-30T11:20:46.811000Z,3,200,10,10,6,0,10.0,0.8408587350803514,20,20,0,1.0,0.0057,0.994,1.0,88.18,5.3e3,1.0,0.8563554921781551,0.67,%{cpu_percent: 45.0; memory_mb: 512},261000,12000,3,4,20,civ_adapt_gen74,0,100.0,0.05
75,2026-06-30T11:20:46.824000Z,2,200,10,10,6,0,10.0,0.9464121603577117,20,20,0,1.0,0.0092,0.991,1.0,84.82,5.3e3,1.0,0.7857255005886493,0.675,%{cpu_percent: 45.0; memory_mb: 512},249000,12000,3,4,20,civ_adapt_gen75,0,100.0,0.05
76,2026-06-30T11:20:46.860000Z,4,200,10,10,6,0,10.0,0.8865568735152313,20,20,0,1.0,0.0075,0.993,1.0,85.36,5.3e3,1.0,0.7969692367795305,0.68,%{cpu_percent: 45.0; memory_mb: 512},237000,12000,3,6,20,civ_adapt_gen76,0,100.0,0.05
77,2026-06-30T11:20:46.893000Z,17,200,10,10,6,0,10.0,0.846335212602974,20,20,0,1.0,0.0095,0.991,1.0,87.36,5.3e3,1.0,0.8391511739849464,0.685,%{cpu_percent: 45.0; memory_mb: 512},225000,12000,3,5,20,civ_adapt_gen77,0,100.0,0.05
78,2026-06-30T11:20:46.902000Z,5,200,10,10,6,0,10.0,0.9326433732320176,20,20,0,1.0,0.0077,0.992,1.0,86.52,5.3e3,1.0,0.8215017795747493,0.69,%{cpu_percent: 45.0; memory_mb: 512},213000,12000,3,5,20,civ_adapt_gen78,0,100.0,0.05
79,2026-06-30T11:20:46.931000Z,2,200,10,10,6,0,10.0,0.8382434164139608,20,20,0,1.0,0.0083,0.992,1.0,82.79,5.3e3,1.0,0.7428723307034858,0.695,%{cpu_percent: 45.0; memory_mb: 512},201000,12000,3,6,20,civ_adapt_gen79,0,100.0,0.05
80,2026-06-30T11:20:46.952000Z,3,200,10,10,6,0,10.0,0.8775258694266185,20,20,0,1.0,0.0067,0.993,1.0,86.67,5.3e3,1.0,0.8246943134111614,0.7,%{cpu_percent: 45.0; memory_mb: 512},189000,12000,3,6,20,civ_adapt_gen80,0,100.0,0.05
81,2026-06-30T11:20:47.009000Z,29,200,10,10,6,0,10.0,0.9120224852509,20,20,0,1.0,0.0064,0.994,1.0,87.63,5.3e3,1.0,0.8448307683267331,0.705,%{cpu_percent: 45.0; memory_mb: 512},177000,12000,3,7,20,civ_adapt_gen81,0,100.0,0.05
82,2026-06-30T11:20:47.018000Z,4,200,10,10,6,0,10.0,0.8540207094084244,20,20,0,1.0,0.0081,0.992,1.0,87.74,5.3e3,1.0,0.8472022344661561,0.71,%{cpu_percent: 45.0; memory_mb: 512},165000,12000,3,3,20,civ_adapt_gen82,0,100.0,0.05
83,2026-06-30T11:20:47.069000Z,2,200,10,10,6,0,10.0,0.8783270383651267,20,20,0,1.0,0.0081,0.992,1.0,85.6,5.3e3,1.0,0.8021344592007542,0.715,%{cpu_percent: 45.0; memory_mb: 512},153000,12000,3,5,20,civ_adapt_gen83,0,100.0,0.05
84,2026-06-30T11:20:47.094000Z,23,200,10,10,6,0,10.0,0.8641111161542663,20,20,0,1.0,0.0078,0.992,1.0,87.61,5.3e3,1.0,0.8444649450158055,0.72,%{cpu_percent: 45.0; memory_mb: 512},141000,12000,3,5,20,civ_adapt_gen84,0,100.0,0.05
85,2026-06-30T11:20:47.107000Z,9,200,10,10,6,0,10.0,0.8653309021234229,20,20,0,1.0,0.0066,0.993,1.0,89.68,5.3e3,1.0,0.8880668518345617,0.725,%{cpu_percent: 45.0; memory_mb: 512},129000,12000,3,4,20,civ_adapt_gen85,0,100.0,0.05
86,2026-06-30T11:20:47.139000Z,9,200,10,10,6,0,10.0,0.8557684870180229,20,20,0,1.0,0.0084,0.992,1.0,86.04,5.3e3,1.0,0.8112639455659615,0.73,%{cpu_percent: 45.0; memory_mb: 512},117000,12000,3,4,20,civ_adapt_gen86,0,100.0,0.05
87,2026-06-30T11:20:47.147000Z,4,200,10,10,6,0,10.0,0.826426496598896,20,20,0,1.0,0.0067,0.993,1.0,82.22,5.3e3,1.0,0.7308466331065828,0.735,%{cpu_percent: 45.0; memory_mb: 512},105000,12000,3,5,20,civ_adapt_gen87,0,100.0,0.05
88,2026-06-30T11:20:47.171000Z,11,200,10,10,6,0,10.0,0.9244319542225126,20,20,0,1.0,0.0087,0.991,1.0,85.26,5.3e3,1.0,0.7949556303376206,0.74,%{cpu_percent: 45.0; memory_mb: 512},93000,12000,3,3,20,civ_adapt_gen88,0,100.0,0.05
89,2026-06-30T11:20:47.188000Z,3,200,10,10,6,0,10.0,0.8390398266529641,20,20,0,1.0,0.0067,0.993,1.0,83.67,5.3e3,1.0,0.7614468862928193,0.745,%{cpu_percent: 45.0; memory_mb: 512},81000,12000,3,6,20,civ_adapt_gen89,0,100.0,0.05
90,2026-06-30T11:20:47.230000Z,2,200,10,10,6,0,10.0,0.9159567144015146,20,20,0,1.0,0.0075,0.993,1.0,83.67,5.3e3,1.0,0.7614005379195129,0.75,%{cpu_percent: 45.0; memory_mb: 512},69000,12000,3,3,20,civ_adapt_gen90,0,100.0,0.05
91,2026-06-30T11:20:47.260000Z,2,200,10,10,6,0,10.0,0.8205228271507669,20,20,0,1.0,0.0072,0.993,1.0,85.35,5.3e3,1.0,0.7967584993558375,0.755,%{cpu_percent: 45.0; memory_mb: 512},57000,12000,3,7,20,civ_adapt_gen91,0,100.0,0.05
92,2026-06-30T11:20:47.269000Z,3,200,10,10,6,0,10.0,0.8483466804435916,20,20,0,1.0,0.0055,0.995,1.0,85.26,5.3e3,1.0,0.7950069613088946,0.76,%{cpu_percent: 45.0; memory_mb: 512},45000,12000,3,5,20,civ_adapt_gen92,0,100.0,0.05
93,2026-06-30T11:20:47.303000Z,3,200,10,10,6,0,10.0,0.8078945160575254,20,20,0,1.0,0.0081,0.992,1.0,85.85,5.3e3,1.0,0.8072774294289292,0.765,%{cpu_percent: 45.0; memory_mb: 512},33000,12000,3,3,20,civ_adapt_gen93,0,100.0,0.05
94,2026-06-30T11:20:47.311000Z,2,200,10,10,6,0,10.0,0.8480387603749692,20,20,0,1.0,0.0062,0.994,1.0,88.04,5.3e3,1.0,0.8535495010418008,0.77,%{cpu_percent: 45.0; memory_mb: 512},21000,12000,3,8,20,civ_adapt_gen94,0,100.0,0.05
95,2026-06-30T11:20:47.345000Z,20,200,10,10,6,0,10.0,0.8163373761428937,20,20,0,1.0,0.0081,0.992,1.0,86.68,5.3e3,1.0,0.8248767963714736,0.775,%{cpu_percent: 45.0; memory_mb: 512},9000,12000,3,4,20,civ_adapt_gen95,0,100.0,0.05
96,2026-06-30T11:20:47.357000Z,2,200,10,10,6,0,10.0,0.846353804395562,20,20,0,1.0,0.0081,0.992,1.0,88.39,5.3e3,1.0,0.8608375303679177,0.78,%{cpu_percent: 45.0; memory_mb: 512},0,12000,3,8,20,civ_adapt_gen96,0,100.0,0.05
97,2026-06-30T11:20:47.395000Z,3,200,10,10,6,0,10.0,0.8566021024876356,20,20,0,1.0,0.0062,0.994,1.0,89.74,5.3e3,1.0,0.889160913347063,0.785,%{cpu_percent: 45.0; memory_mb: 512},0,12000,3,3,20,civ_adapt_gen97,0,100.0,0.05
98,2026-06-30T11:20:47.403000Z,3,200,10,10,6,0,10.0,0.9010845117272573,20,20,0,1.0,0.0076,0.992,1.0,84.14,5.3e3,1.0,0.7712683694836818,0.79,%{cpu_percent: 45.0; memory_mb: 512},0,12000,3,6,20,civ_adapt_gen98,0,100.0,0.05
99,2026-06-30T11:20:47.435000Z,3,200,10,10,6,0,10.0,0.828235304509035,20,20,0,1.0,0.008,0.992,1.0,88.97,5.3e3,1.0,0.8730934196952369,0.795,%{cpu_percent: 45.0; memory_mb: 512},0,12000,3,3,20,civ_adapt_gen99,0,100.0,0.05
100,2026-06-30T11:20:47.450000Z,2,200,10,10,6,0,10.0,0.9045676939484946,20,20,0,1.0,0.0066,0.993,1.0,88.61,5.3e3,1.0,0.8655124596962955,0.8,%{cpu_percent: 45.0; memory_mb: 512},0,12000,3,4,20,civ_adapt_gen100,0,100.0,0.05
1,2026-06-30T11:23:32.488000Z,16,200,10,10,6,0,10.0,0.8576686922379186,20,0,20,0.0,0.0078,0.992,1.0,0.0,1.3e3,1.0,0.7023667180479461,0.305,%{cpu_percent: 45.0; memory_mb: 512},998000,2000,3,5,20,civ_adapt_gen1,0,100.0,0.05
2,2026-06-30T11:23:32.561000Z,29,200,10,10,6,0,10.0,0.8648636481082399,20,0,20,0.0,0.0082,0.992,1.0,0.0,1.3e3,1.0,0.8394965086083068,0.31,%{cpu_percent: 45.0; memory_mb: 512},996000,2000,3,3,20,civ_adapt_gen2,0,100.0,0.05
3,2026-06-30T11:23:32.590000Z,16,200,10,10,6,0,10.0,0.8297603770275387,20,0,20,0.0,0.0079,0.992,1.0,0.0,1.3e3,1.0,0.8992544525009667,0.315,%{cpu_percent: 45.0; memory_mb: 512},994000,2000,3,4,20,civ_adapt_gen3,0,100.0,0.05
4,2026-06-30T11:23:32.607000Z,6,200,10,10,6,0,10.0,0.8241277880697818,20,0,20,0.0,0.0078,0.992,1.0,0.0,1.3e3,1.0,0.724319734590763,0.32,%{cpu_percent: 45.0; memory_mb: 512},992000,2000,3,5,20,civ_adapt_gen4,0,100.0,0.05
5,2026-06-30T11:23:32.673000Z,40,200,10,10,6,0,10.0,0.8819555007517947,20,0,20,0.0,0.0065,0.994,1.0,0.0,1.3e3,1.0,0.7200877613614977,0.325,%{cpu_percent: 45.0; memory_mb: 512},990000,2000,3,8,20,civ_adapt_gen5,0,100.0,0.05
6,2026-06-30T11:23:32.698000Z,3,200,10,10,6,0,10.0,0.872305765267801,20,0,20,0.0,0.0081,0.992,1.0,0.0,1.3e3,1.0,0.8313631687709734,0.33,%{cpu_percent: 45.0; memory_mb: 512},988000,2000,3,3,20,civ_adapt_gen6,0,100.0,0.05
7,2026-06-30T11:23:32.740000Z,3,200,10,10,6,0,10.0,0.8908102791971124,20,0,20,0.0,0.0074,0.993,1.0,0.0,1.3e3,1.0,0.8197924050297556,0.335,%{cpu_percent: 45.0; memory_mb: 512},986000,2000,3,8,20,civ_adapt_gen7,0,100.0,0.05
8,2026-06-30T11:23:32.778000Z,4,200,10,10,6,0,10.0,0.8364092264601368,20,0,20,0.0,0.0102,0.99,1.0,0.0,1.3e3,1.0,0.7993682520228131,0.34,%{cpu_percent: 45.0; memory_mb: 512},984000,2000,3,5,20,civ_adapt_gen8,0,100.0,0.05
9,2026-06-30T11:23:32.819000Z,38,200,10,10,6,0,10.0,0.8955231797676708,20,0,20,0.0,0.0073,0.993,1.0,0.0,1.3e3,1.0,0.8318755700084417,0.345,%{cpu_percent: 45.0; memory_mb: 512},982000,2000,3,3,20,civ_adapt_gen9,0,100.0,0.05
10,2026-06-30T11:23:32.848000Z,5,200,10,10,6,0,10.0,0.840821314711913,20,0,20,0.0,0.0065,0.994,1.0,0.0,1.3e3,1.0,0.868085679760201,0.35,%{cpu_percent: 45.0; memory_mb: 512},980000,2000,3,4,20,civ_adapt_gen10,0,100.0,0.05
11,2026-06-30T11:23:32.928000Z,20,200,10,10,6,0,10.0,0.8923151153907718,20,1,19,0.05,0.0086,0.991,1.0,0.22,1.5e3,1.0,0.8747256360477831,0.355,%{cpu_percent: 45.0; memory_mb: 512},977500,2500,3,4,20,civ_adapt_gen11,0,100.0,0.05
12,2026-06-30T11:23:32.968000Z,19,200,10,10,6,0,10.0,0.8363157266651814,20,1,19,0.05,0.0072,0.993,1.0,0.21,1.5e3,1.0,0.7804294950378046,0.36,%{cpu_percent: 45.0; memory_mb: 512},975000,2500,3,3,20,civ_adapt_gen12,0,100.0,0.05
13,2026-06-30T11:23:32.993000Z,9,200,10,10,6,0,10.0,0.860949723062595,20,5,15,0.25,0.0092,0.991,1.0,5.15,2.3e3,1.0,0.7346793858082049,0.365,%{cpu_percent: 45.0; memory_mb: 512},970500,4500,3,7,20,civ_adapt_gen13,0,100.0,0.05
14,2026-06-30T11:23:33.035000Z,7,200,10,10,6,0,10.0,0.9065442135411796,20,12,8,0.6,0.006,0.994,1.0,31.37,3.7e3,1.0,0.8342647522058868,0.37,%{cpu_percent: 45.0; memory_mb: 512},962500,8000,3,8,20,civ_adapt_gen14,0,100.0,0.05
15,2026-06-30T11:23:33.059000Z,10,200,10,10,6,0,10.0,0.8983490313921796,20,5,15,0.25,0.0073,0.993,1.0,5.42,2.3e3,1.0,0.8241317426083494,0.375,%{cpu_percent: 45.0; memory_mb: 512},958000,4500,3,4,20,civ_adapt_gen15,0,100.0,0.05
16,2026-06-30T11:23:33.101000Z,8,200,10,10,6,0,10.0,0.9208040402041766,20,12,8,0.6,0.007,0.993,1.0,30.03,3.7e3,1.0,0.7561633368861892,0.38,%{cpu_percent: 45.0; memory_mb: 512},950000,8000,3,8,20,civ_adapt_gen16,0,100.0,0.05
17,2026-06-30T11:23:33.133000Z,4,200,10,10,6,0,10.0,0.9206382390569262,20,16,4,0.8,0.0095,0.991,1.0,56.89,4.5e3,1.0,0.8714772651649183,0.385,%{cpu_percent: 45.0; memory_mb: 512},940000,10000,3,7,20,civ_adapt_gen17,0,100.0,0.05
18,2026-06-30T11:23:33.144000Z,3,200,10,10,6,0,10.0,0.8860409014142338,20,18,2,0.9,0.0097,0.99,1.0,67.3,4.9e3,1.0,0.7490790101821067,0.39,%{cpu_percent: 45.0; memory_mb: 512},929000,11000,3,4,20,civ_adapt_gen18,0,100.0,0.05
19,2026-06-30T11:23:33.181000Z,20,200,10,10,6,0,10.0,0.93786095825573,20,19,1,0.95,0.0062,0.994,1.0,74.53,5.1e3,1.0,0.7385019760113382,0.395,%{cpu_percent: 45.0; memory_mb: 512},917500,11500,3,6,20,civ_adapt_gen19,0,100.0,0.05
20,2026-06-30T11:23:33.194000Z,2,200,10,10,6,0,10.0,0.8132476427612019,20,20,0,1.0,0.0071,0.993,1.0,89.93,5.3e3,1.0,0.8933220890703027,0.4,%{cpu_percent: 45.0; memory_mb: 512},905500,12000,3,6,20,civ_adapt_gen20,0,100.0,0.05
21,2026-06-30T11:23:33.297000Z,18,200,10,10,6,0,10.0,0.9407922528220372,20,20,0,1.0,0.0056,0.994,1.0,83.25,5.3e3,1.0,0.752645030224422,0.405,%{cpu_percent: 45.0; memory_mb: 512},893500,12000,3,8,20,civ_adapt_gen21,0,100.0,0.05
22,2026-06-30T11:23:33.322000Z,5,200,10,10,6,0,10.0,0.9252526800701971,20,20,0,1.0,0.0076,0.992,1.0,87.32,5.3e3,1.0,0.838287269875579,0.41,%{cpu_percent: 45.0; memory_mb: 512},881500,12000,3,3,20,civ_adapt_gen22,0,100.0,0.05
23,2026-06-30T11:23:33.389000Z,5,200,10,10,6,0,10.0,0.9373604176238955,20,20,0,1.0,0.0079,0.992,1.0,81.88,5.3e3,1.0,0.7238469970451431,0.415,%{cpu_percent: 45.0; memory_mb: 512},869500,12000,3,7,20,civ_adapt_gen23,0,100.0,0.05
24,2026-06-30T11:23:33.423000Z,20,200,10,10,6,0,10.0,0.9430429730455673,20,20,0,1.0,0.0067,0.993,1.0,88.37,5.3e3,1.0,0.8604337293830812,0.42,%{cpu_percent: 45.0; memory_mb: 512},857500,12000,3,3,20,civ_adapt_gen24,0,100.0,0.05
25,2026-06-30T11:23:33.434000Z,3,200,10,10,6,0,10.0,0.9071019764404342,20,20,0,1.0,0.0084,0.992,1.0,88.33,5.3e3,1.0,0.8596260470257486,0.425,%{cpu_percent: 45.0; memory_mb: 512},845500,12000,3,4,20,civ_adapt_gen25,0,100.0,0.05
26,2026-06-30T11:23:33.509000Z,24,200,10,10,6,0,10.0,0.822207967631085,20,20,0,1.0,0.007,0.993,1.0,89.0,5.3e3,1.0,0.8735811567996052,0.43,%{cpu_percent: 45.0; memory_mb: 512},833500,12000,3,6,20,civ_adapt_gen26,0,100.0,0.05
27,2026-06-30T11:23:33.607000Z,55,200,10,10,6,0,10.0,0.8202853104441522,20,20,0,1.0,0.0082,0.992,1.0,85.67,5.3e3,1.0,0.8036717594410496,0.435,%{cpu_percent: 45.0; memory_mb: 512},821500,12000,3,8,20,civ_adapt_gen27,0,100.0,0.05
28,2026-06-30T11:23:33.683000Z,15,200,10,10,6,0,10.0,0.8772549743677807,20,20,0,1.0,0.0079,0.992,1.0,88.22,5.3e3,1.0,0.8572394539979603,0.44,%{cpu_percent: 45.0; memory_mb: 512},809500,12000,3,8,20,civ_adapt_gen28,0,100.0,0.05
29,2026-06-30T11:23:33.731000Z,17,200,10,10,6,0,10.0,0.914566553312727,20,20,0,1.0,0.0073,0.993,1.0,86.58,5.3e3,1.0,0.8227495490985379,0.445,%{cpu_percent: 45.0; memory_mb: 512},797500,12000,3,8,20,civ_adapt_gen29,0,100.0,0.05
30,2026-06-30T11:23:33.800000Z,3,200,10,10,6,0,10.0,0.9200875913964548,20,20,0,1.0,0.007,0.993,1.0,84.86,5.3e3,1.0,0.7866255396046973,0.45,%{cpu_percent: 45.0; memory_mb: 512},785500,12000,3,6,20,civ_adapt_gen30,0,100.0,0.05
31,2026-06-30T11:23:33.897000Z,13,200,10,10,6,0,10.0,0.9235865637233956,20,20,0,1.0,0.007,0.993,1.0,88.9,5.3e3,1.0,0.8715727618377134,0.455,%{cpu_percent: 45.0; memory_mb: 512},773500,12000,3,5,20,civ_adapt_gen31,0,100.0,0.05
32,2026-06-30T11:23:33.951000Z,3,200,10,10,6,0,10.0,0.8944311062048006,20,20,0,1.0,0.0081,0.992,1.0,87.74,5.3e3,1.0,0.847174578889202,0.46,%{cpu_percent: 45.0; memory_mb: 512},761500,12000,3,6,20,civ_adapt_gen32,0,100.0,0.05
33,2026-06-30T11:23:34.013000Z,29,200,10,10,6,0,10.0,0.8866606371039315,20,20,0,1.0,0.0074,0.993,1.0,87.37,5.3e3,1.0,0.8394689971824743,0.465,%{cpu_percent: 45.0; memory_mb: 512},749500,12000,3,4,20,civ_adapt_gen33,0,100.0,0.05
34,2026-06-30T11:23:34.071000Z,30,200,10,10,6,0,10.0,0.8777907580229379,20,20,0,1.0,0.0071,0.993,1.0,86.11,5.3e3,1.0,0.8128357567881841,0.47,%{cpu_percent: 45.0; memory_mb: 512},737500,12000,3,8,20,civ_adapt_gen34,0,100.0,0.05
35,2026-06-30T11:23:34.109000Z,19,200,10,10,6,0,10.0,0.9103766113621731,20,20,0,1.0,0.0064,0.994,1.0,84.62,5.3e3,1.0,0.7814521789100821,0.475,%{cpu_percent: 45.0; memory_mb: 512},725500,12000,3,6,20,civ_adapt_gen35,0,100.0,0.05
36,2026-06-30T11:23:34.140000Z,5,200,10,10,6,0,10.0,0.8670991085759092,20,20,0,1.0,0.0082,0.992,1.0,86.14,5.3e3,1.0,0.8134490211978092,0.48,%{cpu_percent: 45.0; memory_mb: 512},713500,12000,3,5,20,civ_adapt_gen36,0,100.0,0.05
37,2026-06-30T11:23:34.179000Z,20,200,10,10,6,0,10.0,0.8785368544178991,20,20,0,1.0,0.005,0.995,1.0,82.21,5.3e3,1.0,0.7307513827934634,0.485,%{cpu_percent: 45.0; memory_mb: 512},701500,12000,3,6,20,civ_adapt_gen37,0,100.0,0.05
38,2026-06-30T11:23:34.223000Z,3,200,10,10,6,0,10.0,0.8735130897760208,20,20,0,1.0,0.0066,0.993,1.0,87.79,5.3e3,1.0,0.8481746354653814,0.49,%{cpu_percent: 45.0; memory_mb: 512},689500,12000,3,8,20,civ_adapt_gen38,0,100.0,0.05
39,2026-06-30T11:23:35.856000Z,1617,200,10,10,6,0,10.0,0.8401411824734616,20,20,0,1.0,0.0067,0.993,1.0,87.8,5.3e3,1.0,0.8484351692863232,0.495,%{cpu_percent: 45.0; memory_mb: 512},677500,12000,3,8,20,civ_adapt_gen39,0,100.0,0.05
40,2026-06-30T11:23:36.180000Z,14,200,10,10,6,0,10.0,0.8242408048666671,20,20,0,1.0,0.008,0.992,1.0,88.14,5.3e3,1.0,0.8556442769817236,0.5,%{cpu_percent: 45.0; memory_mb: 512},665500,12000,3,5,20,civ_adapt_gen40,0,100.0,0.05
41,2026-06-30T11:23:36.230000Z,6,200,10,10,6,0,10.0,0.8541572219607777,20,20,0,1.0,0.0077,0.992,1.0,87.98,5.3e3,1.0,0.8521707279100448,0.505,%{cpu_percent: 45.0; memory_mb: 512},653500,12000,3,7,20,civ_adapt_gen41,0,100.0,0.05
42,2026-06-30T11:23:36.392000Z,3,200,10,10,6,0,10.0,0.8533284063280736,20,20,0,1.0,0.0079,0.992,1.0,85.86,5.3e3,1.0,0.8076700458143283,0.51,%{cpu_percent: 45.0; memory_mb: 512},641500,12000,3,4,20,civ_adapt_gen42,0,100.0,0.05
43,2026-06-30T11:23:36.404000Z,3,200,10,10,6,0,10.0,0.886219565566908,20,20,0,1.0,0.007,0.993,1.0,85.36,5.3e3,1.0,0.7970469941533176,0.515,%{cpu_percent: 45.0; memory_mb: 512},629500,12000,3,5,20,civ_adapt_gen43,0,100.0,0.05
44,2026-06-30T11:23:36.514000Z,3,200,10,10,6,0,10.0,0.9276611544672475,20,20,0,1.0,0.007,0.993,1.0,88.22,5.3e3,1.0,0.8573251021946046,0.52,%{cpu_percent: 45.0; memory_mb: 512},617500,12000,3,7,20,civ_adapt_gen44,0,100.0,0.05
45,2026-06-30T11:23:36.522000Z,5,200,10,10,6,0,10.0,0.9226573208665939,20,20,0,1.0,0.0099,0.99,1.0,85.88,5.3e3,1.0,0.8080221007650078,0.525,%{cpu_percent: 45.0; memory_mb: 512},605500,12000,3,8,20,civ_adapt_gen45,0,100.0,0.05
46,2026-06-30T11:23:36.570000Z,8,200,10,10,6,0,10.0,0.8887906975760408,20,20,0,1.0,0.007,0.993,1.0,89.04,5.3e3,1.0,0.8744277896153092,0.53,%{cpu_percent: 45.0; memory_mb: 512},593500,12000,3,5,20,civ_adapt_gen46,0,100.0,0.05
47,2026-06-30T11:23:36.594000Z,16,200,10,10,6,0,10.0,0.9322983257232469,20,20,0,1.0,0.0071,0.993,1.0,89.01,5.3e3,1.0,0.8739891935959703,0.535,%{cpu_percent: 45.0; memory_mb: 512},581500,12000,3,7,20,civ_adapt_gen47,0,100.0,0.05
48,2026-06-30T11:23:36.613000Z,3,200,10,10,6,0,10.0,0.875082698850342,20,20,0,1.0,0.0082,0.992,1.0,86.37,5.3e3,1.0,0.8183652244253737,0.54,%{cpu_percent: 45.0; memory_mb: 512},569500,12000,3,7,20,civ_adapt_gen48,0,100.0,0.05
49,2026-06-30T11:23:36.643000Z,3,200,10,10,6,0,10.0,0.8232909462529235,20,20,0,1.0,0.006,0.994,1.0,89.13,5.3e3,1.0,0.8764783011738017,0.545,%{cpu_percent: 45.0; memory_mb: 512},557500,12000,3,6,20,civ_adapt_gen49,0,100.0,0.05
50,2026-06-30T11:23:36.686000Z,6,200,10,10,6,0,10.0,0.8711059415474903,20,20,0,1.0,0.0078,0.992,1.0,84.05,5.3e3,1.0,0.7694897565775485,0.55,%{cpu_percent: 45.0; memory_mb: 512},545500,12000,3,5,20,civ_adapt_gen50,0,100.0,0.05
51,2026-06-30T11:23:36.744000Z,11,200,10,10,6,0,10.0,0.9110814419523253,20,20,0,1.0,0.0068,0.993,1.0,86.55,5.3e3,1.0,0.8221030044518445,0.555,%{cpu_percent: 45.0; memory_mb: 512},533500,12000,3,8,20,civ_adapt_gen51,0,100.0,0.05
52,2026-06-30T11:23:36.772000Z,4,200,10,10,6,0,10.0,0.8072816167019456,20,20,0,1.0,0.006,0.994,1.0,84.43,5.3e3,1.0,0.7773871662385023,0.56,%{cpu_percent: 45.0; memory_mb: 512},521500,12000,3,6,20,civ_adapt_gen52,0,100.0,0.05
53,2026-06-30T11:23:36.819000Z,7,200,10,10,6,0,10.0,0.8477499199474107,20,20,0,1.0,0.0083,0.992,1.0,82.77,5.3e3,1.0,0.7424823716944837,0.565,%{cpu_percent: 45.0; memory_mb: 512},509500,12000,3,4,20,civ_adapt_gen53,0,100.0,0.05
54,2026-06-30T11:23:36.858000Z,6,200,10,10,6,0,10.0,0.8467528495889571,20,20,0,1.0,0.0079,0.992,1.0,86.36,5.3e3,1.0,0.8180906263067669,0.57,%{cpu_percent: 45.0; memory_mb: 512},497500,12000,3,6,20,civ_adapt_gen54,0,100.0,0.05
55,2026-06-30T11:23:36.889000Z,18,200,10,10,6,0,10.0,0.8667953637227549,20,20,0,1.0,0.0079,0.992,1.0,82.07,5.3e3,1.0,0.7277041709597099,0.575,%{cpu_percent: 45.0; memory_mb: 512},485500,12000,3,3,20,civ_adapt_gen55,0,100.0,0.05
56,2026-06-30T11:23:36.977000Z,65,200,10,10,6,0,10.0,0.8993517414686252,20,20,0,1.0,0.0088,0.991,1.0,87.03,5.3e3,1.0,0.8322528321968068,0.58,%{cpu_percent: 45.0; memory_mb: 512},473500,12000,3,5,20,civ_adapt_gen56,0,100.0,0.05
57,2026-06-30T11:23:37.057000Z,27,200,10,10,6,0,10.0,0.8565979458785546,20,20,0,1.0,0.0095,0.991,1.0,82.14,5.3e3,1.0,0.7293049666538765,0.585,%{cpu_percent: 45.0; memory_mb: 512},461500,12000,3,4,20,civ_adapt_gen57,0,100.0,0.05
58,2026-06-30T11:23:37.092000Z,4,200,10,10,6,0,10.0,0.9188003939908217,20,20,0,1.0,0.0098,0.99,1.0,82.37,5.3e3,1.0,0.7341835732748129,0.59,%{cpu_percent: 45.0; memory_mb: 512},449500,12000,3,5,20,civ_adapt_gen58,0,100.0,0.05
59,2026-06-30T11:23:37.119000Z,3,200,10,10,6,0,10.0,0.845517173891154,20,20,0,1.0,0.008,0.992,1.0,86.11,5.3e3,1.0,0.8127885860190027,0.595,%{cpu_percent: 45.0; memory_mb: 512},437500,12000,3,3,20,civ_adapt_gen59,0,100.0,0.05
60,2026-06-30T11:23:37.163000Z,10,200,10,10,6,0,10.0,0.8570288475750685,20,20,0,1.0,0.0065,0.994,1.0,86.55,5.3e3,1.0,0.8221547608621032,0.6,%{cpu_percent: 45.0; memory_mb: 512},425500,12000,3,7,20,civ_adapt_gen60,0,100.0,0.05
61,2026-06-30T11:23:37.224000Z,3,200,10,10,6,0,10.0,0.838375285299299,20,20,0,1.0,0.0078,0.992,1.0,81.27,5.3e3,1.0,0.7109733685209542,0.605,%{cpu_percent: 45.0; memory_mb: 512},413500,12000,3,3,20,civ_adapt_gen61,0,100.0,0.05
62,2026-06-30T11:23:37.264000Z,32,200,10,10,6,0,10.0,0.8451955575141807,20,20,0,1.0,0.0088,0.991,1.0,84.64,5.3e3,1.0,0.7818814932815853,0.61,%{cpu_percent: 45.0; memory_mb: 512},401500,12000,3,5,20,civ_adapt_gen62,0,100.0,0.05
63,2026-06-30T11:23:37.329000Z,3,200,10,10,6,0,10.0,0.8999200381179069,20,20,0,1.0,0.0063,0.994,1.0,84.67,5.3e3,1.0,0.782616587371213,0.615,%{cpu_percent: 45.0; memory_mb: 512},389500,12000,3,3,20,civ_adapt_gen63,0,100.0,0.05
64,2026-06-30T11:23:37.361000Z,3,200,10,10,6,0,10.0,0.8292239574480122,20,20,0,1.0,0.0073,0.993,1.0,84.35,5.3e3,1.0,0.7757413107524025,0.62,%{cpu_percent: 45.0; memory_mb: 512},377500,12000,3,6,20,civ_adapt_gen64,0,100.0,0.05
65,2026-06-30T11:23:37.412000Z,17,200,10,10,6,0,10.0,0.9128816714866135,20,20,0,1.0,0.006,0.994,1.0,88.97,5.3e3,1.0,0.8730738911078163,0.625,%{cpu_percent: 45.0; memory_mb: 512},365500,12000,3,5,20,civ_adapt_gen65,0,100.0,0.05
66,2026-06-30T11:23:37.535000Z,91,200,10,10,6,0,10.0,0.8647229291088314,20,20,0,1.0,0.0079,0.992,1.0,85.23,5.3e3,1.0,0.794391769883878,0.63,%{cpu_percent: 45.0; memory_mb: 512},353500,12000,3,7,20,civ_adapt_gen66,0,100.0,0.05
67,2026-06-30T11:23:37.599000Z,4,200,10,10,6,0,10.0,0.8087172762474784,20,20,0,1.0,0.008,0.992,1.0,83.28,5.3e3,1.0,0.7532674844984854,0.635,%{cpu_percent: 45.0; memory_mb: 512},341500,12000,3,4,20,civ_adapt_gen67,0,100.0,0.05
68,2026-06-30T11:23:37.651000Z,2,200,10,10,6,0,10.0,0.87088546912161,20,20,0,1.0,0.0075,0.993,1.0,84.85,5.3e3,1.0,0.7862755066807913,0.64,%{cpu_percent: 45.0; memory_mb: 512},329500,12000,3,3,20,civ_adapt_gen68,0,100.0,0.05
69,2026-06-30T11:23:37.685000Z,21,200,10,10,6,0,10.0,0.9161545631793859,20,20,0,1.0,0.0081,0.992,1.0,89.94,5.3e3,1.0,0.8935072670675391,0.645,%{cpu_percent: 45.0; memory_mb: 512},317500,12000,3,6,20,civ_adapt_gen69,0,100.0,0.05
70,2026-06-30T11:23:37.727000Z,27,200,10,10,6,0,10.0,0.9460073064718255,20,20,0,1.0,0.0065,0.994,1.0,90.01,5.3e3,1.0,0.8949701090323894,0.65,%{cpu_percent: 45.0; memory_mb: 512},305500,12000,3,3,20,civ_adapt_gen70,0,100.0,0.05
71,2026-06-30T11:23:37.888000Z,25,200,10,10,6,0,10.0,0.8223322117885262,20,20,0,1.0,0.009,0.991,1.0,86.9,5.3e3,1.0,0.8294944241824762,0.655,%{cpu_percent: 45.0; memory_mb: 512},293500,12000,3,6,20,civ_adapt_gen71,0,100.0,0.05
72,2026-06-30T11:23:38.061000Z,51,200,10,10,6,0,10.0,0.9248064003175598,20,20,0,1.0,0.0064,0.994,1.0,83.2,5.3e3,1.0,0.75167425608965,0.66,%{cpu_percent: 45.0; memory_mb: 512},281500,12000,3,5,20,civ_adapt_gen72,0,100.0,0.05
73,2026-06-30T11:23:38.094000Z,28,200,10,10,6,0,10.0,0.8942811856460597,20,20,0,1.0,0.0056,0.994,1.0,81.46,5.3e3,1.0,0.714998417994291,0.665,%{cpu_percent: 45.0; memory_mb: 512},269500,12000,3,3,20,civ_adapt_gen73,0,100.0,0.05
74,2026-06-30T11:23:38.149000Z,33,200,10,10,6,0,10.0,0.8320807843589194,20,20,0,1.0,0.0076,0.992,1.0,81.14,5.3e3,1.0,0.7082105046991838,0.67,%{cpu_percent: 45.0; memory_mb: 512},257500,12000,3,8,20,civ_adapt_gen74,0,100.0,0.05
75,2026-06-30T11:23:38.191000Z,11,200,10,10,6,0,10.0,0.8078336813449781,20,20,0,1.0,0.0066,0.993,1.0,82.44,5.3e3,1.0,0.7355829454185937,0.675,%{cpu_percent: 45.0; memory_mb: 512},245500,12000,3,4,20,civ_adapt_gen75,0,100.0,0.05
76,2026-06-30T11:23:38.267000Z,33,200,10,10,6,0,10.0,0.8932820993783523,20,20,0,1.0,0.0068,0.993,1.0,86.92,5.3e3,1.0,0.8299782125873634,0.68,%{cpu_percent: 45.0; memory_mb: 512},233500,12000,3,3,20,civ_adapt_gen76,0,100.0,0.05
77,2026-06-30T11:23:38.315000Z,10,200,10,10,6,0,10.0,0.8240110996722676,20,20,0,1.0,0.0065,0.994,1.0,89.37,5.3e3,1.0,0.8814163153185407,0.685,%{cpu_percent: 45.0; memory_mb: 512},221500,12000,3,5,20,civ_adapt_gen77,0,100.0,0.05
78,2026-06-30T11:23:38.413000Z,23,200,10,10,6,0,10.0,0.8411440520735206,20,20,0,1.0,0.0067,0.993,1.0,81.75,5.3e3,1.0,0.7210112885792606,0.69,%{cpu_percent: 45.0; memory_mb: 512},209500,12000,3,8,20,civ_adapt_gen78,0,100.0,0.05
79,2026-06-30T11:23:38.455000Z,3,200,10,10,6,0,10.0,0.8309041972282657,20,20,0,1.0,0.0096,0.99,1.0,85.32,5.3e3,1.0,0.7963071263837387,0.695,%{cpu_percent: 45.0; memory_mb: 512},197500,12000,3,5,20,civ_adapt_gen79,0,100.0,0.05
80,2026-06-30T11:23:38.566000Z,73,200,10,10,6,0,10.0,0.8052588670038824,20,20,0,1.0,0.0082,0.992,1.0,88.32,5.3e3,1.0,0.8594183045735664,0.7,%{cpu_percent: 45.0; memory_mb: 512},185500,12000,3,4,20,civ_adapt_gen80,0,100.0,0.05
81,2026-06-30T11:23:38.656000Z,14,200,10,10,6,0,10.0,0.9362248889916354,20,20,0,1.0,0.0075,0.993,1.0,89.86,5.3e3,1.0,0.8918171090920994,0.705,%{cpu_percent: 45.0; memory_mb: 512},173500,12000,3,8,20,civ_adapt_gen81,0,100.0,0.05
82,2026-06-30T11:23:38.700000Z,3,200,10,10,6,0,10.0,0.9288154206774446,20,20,0,1.0,0.0096,0.99,1.0,86.72,5.3e3,1.0,0.8256040701627928,0.71,%{cpu_percent: 45.0; memory_mb: 512},161500,12000,3,3,20,civ_adapt_gen82,0,100.0,0.05
83,2026-06-30T11:23:38.768000Z,3,200,10,10,6,0,10.0,0.8071028345117293,20,20,0,1.0,0.0074,0.993,1.0,82.53,5.3e3,1.0,0.7375345836159147,0.715,%{cpu_percent: 45.0; memory_mb: 512},149500,12000,3,3,20,civ_adapt_gen83,0,100.0,0.05
84,2026-06-30T11:23:39.078000Z,6,200,10,10,6,0,10.0,0.9308823130397614,20,20,0,1.0,0.0064,0.994,1.0,84.4,5.3e3,1.0,0.7768891034780698,0.72,%{cpu_percent: 45.0; memory_mb: 512},137500,12000,3,5,20,civ_adapt_gen84,0,100.0,0.05
85,2026-06-30T11:23:39.154000Z,4,200,10,10,6,0,10.0,0.8510296273657878,20,20,0,1.0,0.0078,0.992,1.0,83.16,5.3e3,1.0,0.7507220027644167,0.725,%{cpu_percent: 45.0; memory_mb: 512},125500,12000,3,5,20,civ_adapt_gen85,0,100.0,0.05
86,2026-06-30T11:23:39.227000Z,32,200,10,10,6,0,10.0,0.8578587010058908,20,20,0,1.0,0.0069,0.993,1.0,83.32,5.3e3,1.0,0.7541057640991216,0.73,%{cpu_percent: 45.0; memory_mb: 512},113500,12000,3,7,20,civ_adapt_gen86,0,100.0,0.05
87,2026-06-30T11:23:39.600000Z,67,200,10,10,6,0,10.0,0.9159462552984332,20,20,0,1.0,0.0083,0.992,1.0,85.45,5.3e3,1.0,0.798909829615156,0.735,%{cpu_percent: 45.0; memory_mb: 512},101500,12000,3,7,20,civ_adapt_gen87,0,100.0,0.05
88,2026-06-30T11:23:39.651000Z,2,200,10,10,6,0,10.0,0.8768142270745857,20,20,0,1.0,0.0076,0.992,1.0,80.82,5.3e3,1.0,0.7015728942318993,0.74,%{cpu_percent: 45.0; memory_mb: 512},89500,12000,3,7,20,civ_adapt_gen88,0,100.0,0.05
89,2026-06-30T11:23:39.691000Z,22,200,10,10,6,0,10.0,0.8731486131616168,20,20,0,1.0,0.0074,0.993,1.0,85.52,5.3e3,1.0,0.8003737275546671,0.745,%{cpu_percent: 45.0; memory_mb: 512},77500,12000,3,7,20,civ_adapt_gen89,0,100.0,0.05
90,2026-06-30T11:23:39.730000Z,4,200,10,10,6,0,10.0,0.8510520678177829,20,20,0,1.0,0.0084,0.992,1.0,87.96,5.3e3,1.0,0.8518557519571668,0.75,%{cpu_percent: 45.0; memory_mb: 512},65500,12000,3,8,20,civ_adapt_gen90,0,100.0,0.05
91,2026-06-30T11:23:39.863000Z,59,200,10,10,6,0,10.0,0.9246431972547586,20,20,0,1.0,0.0064,0.994,1.0,83.93,5.3e3,1.0,0.7669273381474433,0.755,%{cpu_percent: 45.0; memory_mb: 512},53500,12000,3,7,20,civ_adapt_gen91,0,100.0,0.05
92,2026-06-30T11:23:39.977000Z,20,200,10,10,6,0,10.0,0.9453102758176191,20,20,0,1.0,0.0073,0.993,1.0,81.55,5.3e3,1.0,0.7167787760010708,0.76,%{cpu_percent: 45.0; memory_mb: 512},41500,12000,3,7,20,civ_adapt_gen92,0,100.0,0.05
93,2026-06-30T11:23:40.032000Z,2,200,10,10,6,0,10.0,0.8299461560542779,20,20,0,1.0,0.0078,0.992,1.0,85.01,5.3e3,1.0,0.7896945608134206,0.765,%{cpu_percent: 45.0; memory_mb: 512},29500,12000,3,5,20,civ_adapt_gen93,0,100.0,0.05
94,2026-06-30T11:23:40.107000Z,38,200,10,10,6,0,10.0,0.8095742390341627,20,20,0,1.0,0.0062,0.994,1.0,84.26,5.3e3,1.0,0.773938672642272,0.77,%{cpu_percent: 45.0; memory_mb: 512},17500,12000,3,3,20,civ_adapt_gen94,0,100.0,0.05
95,2026-06-30T11:23:40.137000Z,26,200,10,10,6,0,10.0,0.8841675440296288,20,20,0,1.0,0.0079,0.992,1.0,81.73,5.3e3,1.0,0.7205777704863663,0.775,%{cpu_percent: 45.0; memory_mb: 512},5500,12000,3,4,20,civ_adapt_gen95,0,100.0,0.05
96,2026-06-30T11:23:40.192000Z,31,200,10,10,6,0,10.0,0.8627075919640864,20,20,0,1.0,0.0064,0.994,1.0,88.91,5.3e3,1.0,0.8718339087337452,0.78,%{cpu_percent: 45.0; memory_mb: 512},0,12000,3,4,20,civ_adapt_gen96,0,100.0,0.05
97,2026-06-30T11:23:40.281000Z,49,200,10,10,6,0,10.0,0.860787888256994,20,20,0,1.0,0.0082,0.992,1.0,81.15,5.3e3,1.0,0.7084914403466748,0.785,%{cpu_percent: 45.0; memory_mb: 512},0,12000,3,3,20,civ_adapt_gen97,0,100.0,0.05
98,2026-06-30T11:23:40.316000Z,2,200,10,10,6,0,10.0,0.8708578077315636,20,20,0,1.0,0.0085,0.992,1.0,87.76,5.3e3,1.0,0.8476083290458739,0.79,%{cpu_percent: 45.0; memory_mb: 512},0,12000,3,4,20,civ_adapt_gen98,0,100.0,0.05
99,2026-06-30T11:23:40.388000Z,37,200,10,10,6,0,10.0,0.9427684578998251,20,20,0,1.0,0.0081,0.992,1.0,85.15,5.3e3,1.0,0.7926555312500464,0.795,%{cpu_percent: 45.0; memory_mb: 512},0,12000,3,8,20,civ_adapt_gen99,0,100.0,0.05
100,2026-06-30T11:23:40.441000Z,31,200,10,10,6,0,10.0,0.8258716726386707,20,20,0,1.0,0.0075,0.993,1.0,81.83,5.3e3,1.0,0.7226750169299199,0.8,%{cpu_percent: 45.0; memory_mb: 512},0,12000,3,6,20,civ_adapt_gen100,0,100.0,0.05
1,2026-06-30T11:27:56.997000Z,35,200,10,10,6,0,10.0,0.9347017596818021,20,0,20,0.0,0.0063,0.994,1.0,0.0,1.3e3,1.0,0.7118910692234838,0.305,%{cpu_percent: 45.0; memory_mb: 512},998000,2000,3,3,20,civ_adapt_gen1,0,100.0,0.05
2,2026-06-30T11:27:57.038000Z,6,200,10,10,6,0,10.0,0.9230227904059725,20,0,20,0.0,0.0071,0.993,1.0,0.0,1.3e3,1.0,0.7079550120951044,0.31,%{cpu_percent: 45.0; memory_mb: 512},996000,2000,3,8,20,civ_adapt_gen2,0,100.0,0.05
3,2026-06-30T11:27:57.069000Z,5,200,10,10,6,0,10.0,0.8948431687944071,20,0,20,0.0,0.0064,0.994,1.0,0.0,1.3e3,1.0,0.8117529923726636,0.315,%{cpu_percent: 45.0; memory_mb: 512},994000,2000,3,3,20,civ_adapt_gen3,0,100.0,0.05
4,2026-06-30T11:27:57.087000Z,2,200,10,10,6,0,10.0,0.9163681171627203,20,0,20,0.0,0.0061,0.994,1.0,0.0,1.3e3,1.0,0.8668335237687528,0.32,%{cpu_percent: 45.0; memory_mb: 512},992000,2000,3,4,20,civ_adapt_gen4,0,100.0,0.05
5,2026-06-30T11:27:57.120000Z,2,200,10,10,6,0,10.0,0.9386161822203373,20,0,20,0.0,0.0093,0.991,1.0,0.0,1.3e3,1.0,0.8229590634870048,0.325,%{cpu_percent: 45.0; memory_mb: 512},990000,2000,3,8,20,civ_adapt_gen5,0,100.0,0.05
6,2026-06-30T11:27:57.127000Z,3,200,10,10,6,0,10.0,0.8165593511554368,20,0,20,0.0,0.0092,0.991,1.0,0.0,1.3e3,1.0,0.7222135410827574,0.33,%{cpu_percent: 45.0; memory_mb: 512},988000,2000,3,4,20,civ_adapt_gen6,0,100.0,0.05
7,2026-06-30T11:27:57.157000Z,8,200,10,10,6,0,10.0,0.9414956801148295,20,0,20,0.0,0.0076,0.992,1.0,0.0,1.3e3,1.0,0.7445212387602791,0.335,%{cpu_percent: 45.0; memory_mb: 512},986000,2000,3,6,20,civ_adapt_gen7,0,100.0,0.05
8,2026-06-30T11:27:57.184000Z,10,200,10,10,6,0,10.0,0.8611215436062479,20,0,20,0.0,0.0083,0.992,1.0,0.0,1.3e3,1.0,0.7107483430757106,0.34,%{cpu_percent: 45.0; memory_mb: 512},984000,2000,3,7,20,civ_adapt_gen8,0,100.0,0.05
9,2026-06-30T11:27:57.191000Z,2,200,10,10,6,0,10.0,0.9009521390757607,20,0,20,0.0,0.0077,0.992,1.0,0.0,1.3e3,1.0,0.8892184337441233,0.345,%{cpu_percent: 45.0; memory_mb: 512},982000,2000,3,5,20,civ_adapt_gen9,0,100.0,0.05
10,2026-06-30T11:27:57.208000Z,3,200,10,10,6,0,10.0,0.8568515869773876,20,0,20,0.0,0.0075,0.993,1.0,0.0,1.3e3,1.0,0.8542477761772334,0.35,%{cpu_percent: 45.0; memory_mb: 512},980000,2000,3,3,20,civ_adapt_gen10,0,100.0,0.05
11,2026-06-30T11:27:57.275000Z,24,200,10,10,6,0,10.0,0.8872313325870222,20,0,20,0.0,0.0072,0.993,1.0,0.0,1.3e3,1.0,0.8047537128977409,0.355,%{cpu_percent: 45.0; memory_mb: 512},978000,2000,3,7,20,civ_adapt_gen11,0,100.0,0.05
12,2026-06-30T11:27:57.290000Z,2,200,10,10,6,0,10.0,0.8629628480585751,20,5,15,0.25,0.0055,0.995,1.0,5.49,2.3e3,1.0,0.8502104364558251,0.36,%{cpu_percent: 45.0; memory_mb: 512},973500,4500,3,5,20,civ_adapt_gen12,0,100.0,0.05
13,2026-06-30T11:27:57.300000Z,2,200,10,10,6,0,10.0,0.9215791257120282,20,3,17,0.15,0.0084,0.992,1.0,1.86,1.9e3,1.0,0.7407608998397315,0.365,%{cpu_percent: 45.0; memory_mb: 512},970000,3500,3,4,20,civ_adapt_gen13,0,100.0,0.05
14,2026-06-30T11:27:57.330000Z,2,200,10,10,6,0,10.0,0.8922476862021543,20,4,16,0.2,0.0079,0.992,1.0,3.43,2.1e3,1.0,0.8041178970080465,0.37,%{cpu_percent: 45.0; memory_mb: 512},966000,4000,3,3,20,civ_adapt_gen14,0,100.0,0.05
15,2026-06-30T11:27:57.355000Z,3,200,10,10,6,0,10.0,0.8514044573971113,20,7,13,0.35,0.0067,0.993,1.0,10.81,2.7e3,1.0,0.8569892672811998,0.375,%{cpu_percent: 45.0; memory_mb: 512},960500,5500,3,5,20,civ_adapt_gen15,0,100.0,0.05
16,2026-06-30T11:27:57.405000Z,2,200,10,10,6,0,10.0,0.8774305803250246,20,6,14,0.3,0.008,0.992,1.0,7.51,2.5e3,1.0,0.7562356831028334,0.38,%{cpu_percent: 45.0; memory_mb: 512},955500,5000,3,8,20,civ_adapt_gen16,0,100.0,0.05
17,2026-06-30T11:27:57.420000Z,3,200,10,10,6,0,10.0,0.9026317516458869,20,12,8,0.6,0.0084,0.992,1.0,31.38,3.7e3,1.0,0.8351804557887746,0.385,%{cpu_percent: 45.0; memory_mb: 512},947500,8000,3,5,20,civ_adapt_gen17,0,100.0,0.05
18,2026-06-30T11:27:57.465000Z,16,200,10,10,6,0,10.0,0.8517013708020829,20,15,5,0.75,0.0079,0.992,1.0,48.26,4.3e3,1.0,0.8061162166752226,0.39,%{cpu_percent: 45.0; memory_mb: 512},938000,9500,3,8,20,civ_adapt_gen18,0,100.0,0.05
19,2026-06-30T11:27:57.496000Z,2,200,10,10,6,0,10.0,0.8348094381939042,20,19,1,0.95,0.0078,0.992,1.0,78.58,5.1e3,1.0,0.8330548455912865,0.395,%{cpu_percent: 45.0; memory_mb: 512},926500,11500,3,6,20,civ_adapt_gen19,0,100.0,0.05
20,2026-06-30T11:27:57.520000Z,22,200,10,10,6,0,10.0,0.8801376445293895,20,20,0,1.0,0.006,0.994,1.0,89.58,5.3e3,1.0,0.8859721409905246,0.4,%{cpu_percent: 45.0; memory_mb: 512},914500,12000,3,6,20,civ_adapt_gen20,0,100.0,0.05
21,2026-06-30T11:27:57.545000Z,3,200,10,10,6,0,10.0,0.9324869614148176,20,20,0,1.0,0.0061,0.994,1.0,83.28,5.3e3,1.0,0.753266691637652,0.405,%{cpu_percent: 45.0; memory_mb: 512},902500,12000,3,4,20,civ_adapt_gen21,0,100.0,0.05
22,2026-06-30T11:27:57.583000Z,16,200,10,10,6,0,10.0,0.827701049284141,20,20,0,1.0,0.0106,0.989,1.0,83.46,5.3e3,1.0,0.7569727101229484,0.41,%{cpu_percent: 45.0; memory_mb: 512},890500,12000,3,5,20,civ_adapt_gen22,0,100.0,0.05
23,2026-06-30T11:27:57.591000Z,4,200,10,10,6,0,10.0,0.8757732308627267,20,20,0,1.0,0.0089,0.991,1.0,87.77,5.3e3,1.0,0.8477151787374444,0.415,%{cpu_percent: 45.0; memory_mb: 512},878500,12000,3,4,20,civ_adapt_gen23,0,100.0,0.05
24,2026-06-30T11:27:57.620000Z,3,200,10,10,6,0,10.0,0.9391779806723483,20,20,0,1.0,0.0062,0.994,1.0,83.7,5.3e3,1.0,0.7621874124355092,0.42,%{cpu_percent: 45.0; memory_mb: 512},866500,12000,3,5,20,civ_adapt_gen24,0,100.0,0.05
25,2026-06-30T11:27:57.655000Z,3,200,10,10,6,0,10.0,0.9017750704806173,20,20,0,1.0,0.0075,0.993,1.0,83.94,5.3e3,1.0,0.7672212644614153,0.425,%{cpu_percent: 45.0; memory_mb: 512},854500,12000,3,6,20,civ_adapt_gen25,0,100.0,0.05
26,2026-06-30T11:27:57.672000Z,4,200,10,10,6,0,10.0,0.9358730473170565,20,20,0,1.0,0.0086,0.991,1.0,90.12,5.3e3,1.0,0.8971632497713702,0.43,%{cpu_percent: 45.0; memory_mb: 512},842500,12000,3,7,20,civ_adapt_gen26,0,100.0,0.05
27,2026-06-30T11:27:57.689000Z,2,200,10,10,6,0,10.0,0.8921506350615459,20,20,0,1.0,0.0083,0.992,1.0,84.27,5.3e3,1.0,0.7741929518096589,0.435,%{cpu_percent: 45.0; memory_mb: 512},830500,12000,3,7,20,civ_adapt_gen27,0,100.0,0.05
28,2026-06-30T11:27:57.726000Z,7,200,10,10,6,0,10.0,0.9108616555085397,20,20,0,1.0,0.0079,0.992,1.0,85.49,5.3e3,1.0,0.7997414134571426,0.44,%{cpu_percent: 45.0; memory_mb: 512},818500,12000,3,5,20,civ_adapt_gen28,0,100.0,0.05
29,2026-06-30T11:27:57.747000Z,3,200,10,10,6,0,10.0,0.8158884424805238,20,20,0,1.0,0.0057,0.994,1.0,89.94,5.3e3,1.0,0.8935223829205236,0.445,%{cpu_percent: 45.0; memory_mb: 512},806500,12000,3,4,20,civ_adapt_gen29,0,100.0,0.05
30,2026-06-30T11:27:57.913000Z,15,200,10,10,6,0,10.0,0.8275146753064524,20,20,0,1.0,0.0069,0.993,1.0,85.43,5.3e3,1.0,0.7985789553313709,0.45,%{cpu_percent: 45.0; memory_mb: 512},794500,12000,3,8,20,civ_adapt_gen30,0,100.0,0.05
31,2026-06-30T11:27:58.093000Z,28,200,10,10,6,0,10.0,0.8814333124041971,20,20,0,1.0,0.0072,0.993,1.0,86.86,5.3e3,1.0,0.8286042239346108,0.455,%{cpu_percent: 45.0; memory_mb: 512},782500,12000,3,5,20,civ_adapt_gen31,0,100.0,0.05
32,2026-06-30T11:27:58.129000Z,2,200,10,10,6,0,10.0,0.923730901515369,20,20,0,1.0,0.0064,0.994,1.0,86.14,5.3e3,1.0,0.8134511545037176,0.46,%{cpu_percent: 45.0; memory_mb: 512},770500,12000,3,3,20,civ_adapt_gen32,0,100.0,0.05
33,2026-06-30T11:27:58.142000Z,11,200,10,10,6,0,10.0,0.8606876671175043,20,20,0,1.0,0.0073,0.993,1.0,88.98,5.3e3,1.0,0.8733661863327363,0.465,%{cpu_percent: 45.0; memory_mb: 512},758500,12000,3,4,20,civ_adapt_gen33,0,100.0,0.05
34,2026-06-30T11:27:58.171000Z,2,200,10,10,6,0,10.0,0.8346214197611096,20,20,0,1.0,0.0075,0.993,1.0,88.25,5.3e3,1.0,0.8579995698859273,0.47,%{cpu_percent: 45.0; memory_mb: 512},746500,12000,3,4,20,civ_adapt_gen34,0,100.0,0.05
35,2026-06-30T11:27:58.222000Z,8,200,10,10,6,0,10.0,0.9137212472588268,20,20,0,1.0,0.0063,0.994,1.0,84.08,5.3e3,1.0,0.7701824986577558,0.475,%{cpu_percent: 45.0; memory_mb: 512},734500,12000,3,7,20,civ_adapt_gen35,0,100.0,0.05
36,2026-06-30T11:27:58.265000Z,30,200,10,10,6,0,10.0,0.8274070782245414,20,20,0,1.0,0.0069,0.993,1.0,81.8,5.3e3,1.0,0.7220099498923798,0.48,%{cpu_percent: 45.0; memory_mb: 512},722500,12000,3,5,20,civ_adapt_gen36,0,100.0,0.05
37,2026-06-30T11:27:58.274000Z,2,200,10,10,6,0,10.0,0.8171795750774113,20,20,0,1.0,0.0088,0.991,1.0,81.24,5.3e3,1.0,0.7103574672994944,0.485,%{cpu_percent: 45.0; memory_mb: 512},710500,12000,3,3,20,civ_adapt_gen37,0,100.0,0.05
38,2026-06-30T11:27:58.291000Z,2,200,10,10,6,0,10.0,0.8232306484635987,20,20,0,1.0,0.0078,0.992,1.0,86.27,5.3e3,1.0,0.8162552297880503,0.49,%{cpu_percent: 45.0; memory_mb: 512},698500,12000,3,8,20,civ_adapt_gen38,0,100.0,0.05
39,2026-06-30T11:27:58.332000Z,7,200,10,10,6,0,10.0,0.9013664745875457,20,20,0,1.0,0.0085,0.992,1.0,86.63,5.3e3,1.0,0.8238467378535498,0.495,%{cpu_percent: 45.0; memory_mb: 512},686500,12000,3,7,20,civ_adapt_gen39,0,100.0,0.05
40,2026-06-30T11:27:58.357000Z,21,200,10,10,6,0,10.0,0.9147991032600145,20,20,0,1.0,0.0083,0.992,1.0,87.2,5.3e3,1.0,0.8358694897601441,0.5,%{cpu_percent: 45.0; memory_mb: 512},674500,12000,3,3,20,civ_adapt_gen40,0,100.0,0.05
41,2026-06-30T11:27:58.391000Z,11,200,10,10,6,0,10.0,0.8037690808488442,20,20,0,1.0,0.0085,0.992,1.0,80.76,5.3e3,1.0,0.7002143589671449,0.505,%{cpu_percent: 45.0; memory_mb: 512},662500,12000,3,4,20,civ_adapt_gen41,0,100.0,0.05
42,2026-06-30T11:27:58.402000Z,4,200,10,10,6,0,10.0,0.8671986038862323,20,20,0,1.0,0.0062,0.994,1.0,88.4,5.3e3,1.0,0.8609753967563821,0.51,%{cpu_percent: 45.0; memory_mb: 512},650500,12000,3,6,20,civ_adapt_gen42,0,100.0,0.05
43,2026-06-30T11:27:58.451000Z,36,200,10,10,6,0,10.0,0.8272663784226514,20,20,0,1.0,0.0074,0.993,1.0,87.26,5.3e3,1.0,0.8370863234735989,0.515,%{cpu_percent: 45.0; memory_mb: 512},638500,12000,3,5,20,civ_adapt_gen43,0,100.0,0.05
44,2026-06-30T11:27:58.460000Z,2,200,10,10,6,0,10.0,0.9325740522919326,20,20,0,1.0,0.0081,0.992,1.0,83.83,5.3e3,1.0,0.7648717258957903,0.52,%{cpu_percent: 45.0; memory_mb: 512},626500,12000,3,4,20,civ_adapt_gen44,0,100.0,0.05
45,2026-06-30T11:27:58.492000Z,3,200,10,10,6,0,10.0,0.8610406608774224,20,20,0,1.0,0.0083,0.992,1.0,89.14,5.3e3,1.0,0.8766562531364188,0.525,%{cpu_percent: 45.0; memory_mb: 512},614500,12000,3,7,20,civ_adapt_gen45,0,100.0,0.05
46,2026-06-30T11:27:58.525000Z,3,200,10,10,6,0,10.0,0.9466117210154215,20,20,0,1.0,0.0088,0.991,1.0,81.78,5.3e3,1.0,0.7215831134545173,0.53,%{cpu_percent: 45.0; memory_mb: 512},602500,12000,3,4,20,civ_adapt_gen46,0,100.0,0.05
47,2026-06-30T11:27:58.547000Z,16,200,10,10,6,0,10.0,0.9446065602425774,20,20,0,1.0,0.0077,0.992,1.0,82.56,5.3e3,1.0,0.7381304946823981,0.535,%{cpu_percent: 45.0; memory_mb: 512},590500,12000,3,3,20,civ_adapt_gen47,0,100.0,0.05
48,2026-06-30T11:27:58.573000Z,11,200,10,10,6,0,10.0,0.9086763954944163,20,20,0,1.0,0.0068,0.993,1.0,89.54,5.3e3,1.0,0.8850711478997092,0.54,%{cpu_percent: 45.0; memory_mb: 512},578500,12000,3,6,20,civ_adapt_gen48,0,100.0,0.05
49,2026-06-30T11:27:58.594000Z,19,200,10,10,6,0,10.0,0.9148563379939132,20,20,0,1.0,0.0074,0.993,1.0,85.84,5.3e3,1.0,0.8072048367308662,0.545,%{cpu_percent: 45.0; memory_mb: 512},566500,12000,3,8,20,civ_adapt_gen49,0,100.0,0.05
50,2026-06-30T11:27:58.609000Z,4,200,10,10,6,0,10.0,0.8022315564061092,20,20,0,1.0,0.0076,0.992,1.0,81.92,5.3e3,1.0,0.7246274262695619,0.55,%{cpu_percent: 45.0; memory_mb: 512},554500,12000,3,8,20,civ_adapt_gen50,0,100.0,0.05
51,2026-06-30T11:27:58.667000Z,19,200,10,10,6,0,10.0,0.8759820855302283,20,20,0,1.0,0.0078,0.992,1.0,81.45,5.3e3,1.0,0.7148162377038875,0.555,%{cpu_percent: 45.0; memory_mb: 512},542500,12000,3,5,20,civ_adapt_gen51,0,100.0,0.05
52,2026-06-30T11:27:58.688000Z,14,200,10,10,6,0,10.0,0.9073694548591147,20,20,0,1.0,0.0075,0.993,1.0,87.46,5.3e3,1.0,0.8412464117960006,0.56,%{cpu_percent: 45.0; memory_mb: 512},530500,12000,3,5,20,civ_adapt_gen52,0,100.0,0.05
53,2026-06-30T11:27:58.697000Z,3,200,10,10,6,0,10.0,0.8227206104764397,20,20,0,1.0,0.0074,0.993,1.0,86.91,5.3e3,1.0,0.8296099401998818,0.565,%{cpu_percent: 45.0; memory_mb: 512},518500,12000,3,6,20,civ_adapt_gen53,0,100.0,0.05
54,2026-06-30T11:27:58.740000Z,8,200,10,10,6,0,10.0,0.8369834974201975,20,20,0,1.0,0.0102,0.99,1.0,87.17,5.3e3,1.0,0.835235643248099,0.57,%{cpu_percent: 45.0; memory_mb: 512},506500,12000,3,8,20,civ_adapt_gen54,0,100.0,0.05
55,2026-06-30T11:27:58.746000Z,4,200,10,10,6,0,10.0,0.8181390123306701,20,20,0,1.0,0.0068,0.993,1.0,84.74,5.3e3,1.0,0.784058315614188,0.575,%{cpu_percent: 45.0; memory_mb: 512},494500,12000,3,3,20,civ_adapt_gen55,0,100.0,0.05
56,2026-06-30T11:27:59.207000Z,8,200,10,10,6,0,10.0,0.8957260912780937,20,20,0,1.0,0.0054,0.995,1.0,85.66,5.3e3,1.0,0.8034197478638366,0.58,%{cpu_percent: 45.0; memory_mb: 512},482500,12000,3,4,20,civ_adapt_gen56,0,100.0,0.05
57,2026-06-30T11:27:59.264000Z,25,200,10,10,6,0,10.0,0.8737427664041029,20,20,0,1.0,0.007,0.993,1.0,85.0,5.3e3,1.0,0.7894401889829237,0.585,%{cpu_percent: 45.0; memory_mb: 512},470500,12000,3,3,20,civ_adapt_gen57,0,100.0,0.05
58,2026-06-30T11:27:59.310000Z,3,200,10,10,6,0,10.0,0.9480124543527089,20,20,0,1.0,0.0054,0.995,1.0,81.17,5.3e3,1.0,0.7087752826785919,0.59,%{cpu_percent: 45.0; memory_mb: 512},458500,12000,3,6,20,civ_adapt_gen58,0,100.0,0.05
59,2026-06-30T11:27:59.338000Z,24,200,10,10,6,0,10.0,0.8205235987577298,20,20,0,1.0,0.0074,0.993,1.0,82.0,5.3e3,1.0,0.7262454981249824,0.595,%{cpu_percent: 45.0; memory_mb: 512},446500,12000,3,5,20,civ_adapt_gen59,0,100.0,0.05
60,2026-06-30T11:27:59.442000Z,18,200,10,10,6,0,10.0,0.8078660621794049,20,20,0,1.0,0.011,0.989,1.0,85.76,5.3e3,1.0,0.8054140181917696,0.6,%{cpu_percent: 45.0; memory_mb: 512},434500,12000,3,4,20,civ_adapt_gen60,0,100.0,0.05
61,2026-06-30T11:27:59.501000Z,5,200,10,10,6,0,10.0,0.8524221786167578,20,20,0,1.0,0.0085,0.992,1.0,81.79,5.3e3,1.0,0.7219165596328092,0.605,%{cpu_percent: 45.0; memory_mb: 512},422500,12000,3,4,20,civ_adapt_gen61,0,100.0,0.05
62,2026-06-30T11:27:59.530000Z,3,200,10,10,6,0,10.0,0.8773905171101626,20,20,0,1.0,0.0079,0.992,1.0,87.48,5.3e3,1.0,0.8416488147858037,0.61,%{cpu_percent: 45.0; memory_mb: 512},410500,12000,3,8,20,civ_adapt_gen62,0,100.0,0.05
63,2026-06-30T11:27:59.569000Z,2,200,10,10,6,0,10.0,0.8801121361076822,20,20,0,1.0,0.0068,0.993,1.0,82.11,5.3e3,1.0,0.7286213677891504,0.615,%{cpu_percent: 45.0; memory_mb: 512},398500,12000,3,8,20,civ_adapt_gen63,0,100.0,0.05
64,2026-06-30T11:27:59.578000Z,5,200,10,10,6,0,10.0,0.8166606262880798,20,20,0,1.0,0.0065,0.994,1.0,83.09,5.3e3,1.0,0.7492624549641832,0.62,%{cpu_percent: 45.0; memory_mb: 512},386500,12000,3,5,20,civ_adapt_gen64,0,100.0,0.05
65,2026-06-30T11:27:59.631000Z,19,200,10,10,6,0,10.0,0.8712882777655029,20,20,0,1.0,0.009,0.991,1.0,87.2,5.3e3,1.0,0.8357515490108787,0.625,%{cpu_percent: 45.0; memory_mb: 512},374500,12000,3,7,20,civ_adapt_gen65,0,100.0,0.05
66,2026-06-30T11:27:59.657000Z,18,200,10,10,6,0,10.0,0.9382413252243356,20,20,0,1.0,0.0062,0.994,1.0,84.95,5.3e3,1.0,0.7884063499837223,0.63,%{cpu_percent: 45.0; memory_mb: 512},362500,12000,3,7,20,civ_adapt_gen66,0,100.0,0.05
67,2026-06-30T11:27:59.668000Z,6,200,10,10,6,0,10.0,0.9118492738417275,20,20,0,1.0,0.0073,0.993,1.0,81.16,5.3e3,1.0,0.7087126994222491,0.635,%{cpu_percent: 45.0; memory_mb: 512},350500,12000,3,8,20,civ_adapt_gen67,0,100.0,0.05
68,2026-06-30T11:27:59.703000Z,3,200,10,10,6,0,10.0,0.9104232478554407,20,20,0,1.0,0.0087,0.991,1.0,84.62,5.3e3,1.0,0.7815746511473539,0.64,%{cpu_percent: 45.0; memory_mb: 512},338500,12000,3,3,20,civ_adapt_gen68,0,100.0,0.05
69,2026-06-30T11:27:59.732000Z,16,200,10,10,6,0,10.0,0.8624315017594739,20,20,0,1.0,0.0068,0.993,1.0,87.01,5.3e3,1.0,0.8318083692562419,0.645,%{cpu_percent: 45.0; memory_mb: 512},326500,12000,3,6,20,civ_adapt_gen69,0,100.0,0.05
70,2026-06-30T11:27:59.754000Z,2,200,10,10,6,0,10.0,0.887249722624555,20,20,0,1.0,0.008,0.992,1.0,81.81,5.3e3,1.0,0.7222236946307455,0.65,%{cpu_percent: 45.0; memory_mb: 512},314500,12000,3,3,20,civ_adapt_gen70,0,100.0,0.05
71,2026-06-30T11:27:59.796000Z,2,200,10,10,6,0,10.0,0.8477251495371052,20,20,0,1.0,0.0081,0.992,1.0,85.83,5.3e3,1.0,0.8069043923813062,0.655,%{cpu_percent: 45.0; memory_mb: 512},302500,12000,3,4,20,civ_adapt_gen71,0,100.0,0.05
72,2026-06-30T11:27:59.823000Z,23,200,10,10,6,0,10.0,0.927871109862308,20,20,0,1.0,0.0082,0.992,1.0,86.39,5.3e3,1.0,0.8187449480319242,0.66,%{cpu_percent: 45.0; memory_mb: 512},290500,12000,3,3,20,civ_adapt_gen72,0,100.0,0.05
73,2026-06-30T11:27:59.844000Z,2,200,10,10,6,0,10.0,0.9305045879408004,20,20,0,1.0,0.0084,0.992,1.0,87.31,5.3e3,1.0,0.8381870000890271,0.665,%{cpu_percent: 45.0; memory_mb: 512},278500,12000,3,5,20,civ_adapt_gen73,0,100.0,0.05
74,2026-06-30T11:27:59.860000Z,3,200,10,10,6,0,10.0,0.8883534878988375,20,20,0,1.0,0.0068,0.993,1.0,86.26,5.3e3,1.0,0.8160283159537188,0.67,%{cpu_percent: 45.0; memory_mb: 512},266500,12000,3,4,20,civ_adapt_gen74,0,100.0,0.05
75,2026-06-30T11:27:59.914000Z,31,200,10,10,6,0,10.0,0.8458367178956521,20,20,0,1.0,0.0088,0.991,1.0,81.6,5.3e3,1.0,0.7179232346609218,0.675,%{cpu_percent: 45.0; memory_mb: 512},254500,12000,3,7,20,civ_adapt_gen75,0,100.0,0.05
76,2026-06-30T11:27:59.956000Z,3,200,10,10,6,0,10.0,0.8778478300775951,20,20,0,1.0,0.008,0.992,1.0,89.65,5.3e3,1.0,0.8874480770968907,0.68,%{cpu_percent: 45.0; memory_mb: 512},242500,12000,3,3,20,civ_adapt_gen76,0,100.0,0.05
77,2026-06-30T11:27:59.983000Z,3,200,10,10,6,0,10.0,0.8762731626810125,20,20,0,1.0,0.0063,0.994,1.0,83.34,5.3e3,1.0,0.7545532990347037,0.685,%{cpu_percent: 45.0; memory_mb: 512},230500,12000,3,6,20,civ_adapt_gen77,0,100.0,0.05
78,2026-06-30T11:28:00.068000Z,80,200,10,10,6,0,10.0,0.8171668092489248,20,20,0,1.0,0.0072,0.993,1.0,87.57,5.3e3,1.0,0.8436449033580659,0.69,%{cpu_percent: 45.0; memory_mb: 512},218500,12000,3,3,20,civ_adapt_gen78,0,100.0,0.05
79,2026-06-30T11:28:00.117000Z,25,200,10,10,6,0,10.0,0.8152502713151516,20,20,0,1.0,0.0069,0.993,1.0,83.0,5.3e3,1.0,0.7474485589742286,0.695,%{cpu_percent: 45.0; memory_mb: 512},206500,12000,3,6,20,civ_adapt_gen79,0,100.0,0.05
80,2026-06-30T11:28:00.124000Z,3,200,10,10,6,0,10.0,0.8417362872281711,20,20,0,1.0,0.0082,0.992,1.0,84.85,5.3e3,1.0,0.786402286303446,0.7,%{cpu_percent: 45.0; memory_mb: 512},194500,12000,3,4,20,civ_adapt_gen80,0,100.0,0.05
81,2026-06-30T11:28:00.219000Z,18,200,10,10,6,0,10.0,0.8160424219959459,20,20,0,1.0,0.0083,0.992,1.0,86.4,5.3e3,1.0,0.8189694210997382,0.705,%{cpu_percent: 45.0; memory_mb: 512},182500,12000,3,5,20,civ_adapt_gen81,0,100.0,0.05
82,2026-06-30T11:28:00.337000Z,68,200,10,10,6,0,10.0,0.8119140199384521,20,20,0,1.0,0.0085,0.992,1.0,82.0,5.3e3,1.0,0.7262313677173923,0.71,%{cpu_percent: 45.0; memory_mb: 512},170500,12000,3,8,20,civ_adapt_gen82,0,100.0,0.05
83,2026-06-30T11:28:00.373000Z,3,200,10,10,6,0,10.0,0.9171051907437079,20,20,0,1.0,0.0074,0.993,1.0,85.22,5.3e3,1.0,0.7942029538568802,0.715,%{cpu_percent: 45.0; memory_mb: 512},158500,12000,3,8,20,civ_adapt_gen83,0,100.0,0.05
84,2026-06-30T11:28:00.418000Z,3,200,10,10,6,0,10.0,0.926661903666361,20,20,0,1.0,0.0069,0.993,1.0,87.51,5.3e3,1.0,0.8423139764560883,0.72,%{cpu_percent: 45.0; memory_mb: 512},146500,12000,3,6,20,civ_adapt_gen84,0,100.0,0.05
85,2026-06-30T11:28:00.441000Z,19,200,10,10,6,0,10.0,0.9313348796687714,20,20,0,1.0,0.0071,0.993,1.0,88.67,5.3e3,1.0,0.8666828984943852,0.725,%{cpu_percent: 45.0; memory_mb: 512},134500,12000,3,5,20,civ_adapt_gen85,0,100.0,0.05
86,2026-06-30T11:28:00.493000Z,8,200,10,10,6,0,10.0,0.9448498192328371,20,20,0,1.0,0.0049,0.995,1.0,81.88,5.3e3,1.0,0.72387510533813,0.73,%{cpu_percent: 45.0; memory_mb: 512},122500,12000,3,7,20,civ_adapt_gen86,0,100.0,0.05
87,2026-06-30T11:28:00.535000Z,2,200,10,10,6,0,10.0,0.8047017802969108,20,20,0,1.0,0.007,0.993,1.0,89.18,5.3e3,1.0,0.8774355535070569,0.735,%{cpu_percent: 45.0; memory_mb: 512},110500,12000,3,6,20,civ_adapt_gen87,0,100.0,0.05
88,2026-06-30T11:28:00.573000Z,2,200,10,10,6,0,10.0,0.8339288371486585,20,20,0,1.0,0.0066,0.993,1.0,90.22,5.3e3,1.0,0.8993999110031639,0.74,%{cpu_percent: 45.0; memory_mb: 512},98500,12000,3,5,20,civ_adapt_gen88,0,100.0,0.05
89,2026-06-30T11:28:00.610000Z,3,200,10,10,6,0,10.0,0.8897882606925923,20,20,0,1.0,0.0064,0.994,1.0,85.56,5.3e3,1.0,0.8012696481380742,0.745,%{cpu_percent: 45.0; memory_mb: 512},86500,12000,3,4,20,civ_adapt_gen89,0,100.0,0.05
90,2026-06-30T11:28:00.659000Z,2,200,10,10,6,0,10.0,0.8561792637162187,20,20,0,1.0,0.0084,0.992,1.0,84.37,5.3e3,1.0,0.7762349630021342,0.75,%{cpu_percent: 45.0; memory_mb: 512},74500,12000,3,5,20,civ_adapt_gen90,0,100.0,0.05
91,2026-06-30T11:28:00.798000Z,46,200,10,10,6,0,10.0,0.8241583804423882,20,20,0,1.0,0.0068,0.993,1.0,85.04,5.3e3,1.0,0.7903351264005953,0.755,%{cpu_percent: 45.0; memory_mb: 512},62500,12000,3,3,20,civ_adapt_gen91,0,100.0,0.05
92,2026-06-30T11:28:00.914000Z,38,200,10,10,6,0,10.0,0.9026173985995619,20,20,0,1.0,0.0107,0.989,1.0,85.87,5.3e3,1.0,0.8078880475401148,0.76,%{cpu_percent: 45.0; memory_mb: 512},50500,12000,3,3,20,civ_adapt_gen92,0,100.0,0.05
93,2026-06-30T11:28:01.053000Z,26,200,10,10,6,0,10.0,0.9046773637963432,20,20,0,1.0,0.0086,0.991,1.0,83.37,5.3e3,1.0,0.7550876773577793,0.765,%{cpu_percent: 45.0; memory_mb: 512},38500,12000,3,8,20,civ_adapt_gen93,0,100.0,0.05
94,2026-06-30T11:28:01.158000Z,30,200,10,10,6,0,10.0,0.8422193442909662,20,20,0,1.0,0.0065,0.994,1.0,84.46,5.3e3,1.0,0.7780211724742353,0.77,%{cpu_percent: 45.0; memory_mb: 512},26500,12000,3,8,20,civ_adapt_gen94,0,100.0,0.05
95,2026-06-30T11:28:01.246000Z,6,200,10,10,6,0,10.0,0.880117129374826,20,20,0,1.0,0.0084,0.992,1.0,85.26,5.3e3,1.0,0.7949737670141914,0.775,%{cpu_percent: 45.0; memory_mb: 512},14500,12000,3,4,20,civ_adapt_gen95,0,100.0,0.05
96,2026-06-30T11:28:01.318000Z,12,200,10,10,6,0,10.0,0.8375442220523408,20,20,0,1.0,0.0077,0.992,1.0,82.99,5.3e3,1.0,0.7472358913566776,0.78,%{cpu_percent: 45.0; memory_mb: 512},2500,12000,3,4,20,civ_adapt_gen96,0,100.0,0.05
97,2026-06-30T11:28:01.362000Z,3,200,10,10,6,0,10.0,0.9119932894966092,20,20,0,1.0,0.0071,0.993,1.0,84.85,5.3e3,1.0,0.7863662231744368,0.785,%{cpu_percent: 45.0; memory_mb: 512},0,12000,3,4,20,civ_adapt_gen97,0,100.0,0.05
98,2026-06-30T11:28:01.414000Z,20,200,10,10,6,0,10.0,0.8489413435355191,20,20,0,1.0,0.0071,0.993,1.0,83.55,5.3e3,1.0,0.758907210086812,0.79,%{cpu_percent: 45.0; memory_mb: 512},0,12000,3,8,20,civ_adapt_gen98,0,100.0,0.05
99,2026-06-30T11:28:01.450000Z,2,200,10,10,6,0,10.0,0.8982007664260006,20,20,0,1.0,0.0082,0.992,1.0,87.95,5.3e3,1.0,0.8516005252474809,0.795,%{cpu_percent: 45.0; memory_mb: 512},0,12000,3,4,20,civ_adapt_gen99,0,100.0,0.05
100,2026-06-30T11:28:01.481000Z,11,200,10,10,6,0,10.0,0.8894780154201991,20,20,0,1.0,0.007,0.993,1.0,86.21,5.3e3,1.0,0.8150435093917424,0.8,%{cpu_percent: 45.0; memory_mb: 512},0,12000,3,5,20,civ_adapt_gen100,0,100.0,0.05
1,2026-06-30T11:31:32.649000Z,12,200,10,10,6,0,10.0,0.8416750504600334,20,0,20,0.0,0.007,0.993,1.0,0.0,1.3e3,1.0,0.8277357256146354,0.305,%{cpu_percent: 45.0; memory_mb: 512},998000,2000,3,5,20,civ_adapt_gen1,0,100.0,0.05
2,2026-06-30T11:31:32.676000Z,2,200,10,10,6,0,10.0,0.8977003951823037,20,0,20,0.0,0.0072,0.993,1.0,0.0,1.3e3,1.0,0.8700688134303489,0.31,%{cpu_percent: 45.0; memory_mb: 512},996000,2000,3,6,20,civ_adapt_gen2,0,100.0,0.05
3,2026-06-30T11:31:32.706000Z,3,200,10,10,6,0,10.0,0.8432763991589708,20,0,20,0.0,0.0074,0.993,1.0,0.0,1.3e3,1.0,0.7566371682412784,0.315,%{cpu_percent: 45.0; memory_mb: 512},994000,2000,3,4,20,civ_adapt_gen3,0,100.0,0.05
4,2026-06-30T11:31:32.722000Z,2,200,10,10,6,0,10.0,0.9089803598126069,20,0,20,0.0,0.0056,0.994,1.0,0.0,1.3e3,1.0,0.8082068954775573,0.32,%{cpu_percent: 45.0; memory_mb: 512},992000,2000,3,7,20,civ_adapt_gen4,0,100.0,0.05
5,2026-06-30T11:31:32.745000Z,3,200,10,10,6,0,10.0,0.8852824879742577,20,0,20,0.0,0.0053,0.995,1.0,0.0,1.3e3,1.0,0.7385773892522514,0.325,%{cpu_percent: 45.0; memory_mb: 512},990000,2000,3,6,20,civ_adapt_gen5,0,100.0,0.05
6,2026-06-30T11:31:32.792000Z,3,200,10,10,6,0,10.0,0.8001782160714886,20,0,20,0.0,0.0088,0.991,1.0,0.0,1.3e3,1.0,0.7277946571691252,0.33,%{cpu_percent: 45.0; memory_mb: 512},988000,2000,3,5,20,civ_adapt_gen6,0,100.0,0.05
7,2026-06-30T11:31:32.818000Z,4,200,10,10,6,0,10.0,0.8801799000221571,20,0,20,0.0,0.0067,0.993,1.0,0.0,1.3e3,1.0,0.7421238349278593,0.335,%{cpu_percent: 45.0; memory_mb: 512},986000,2000,3,8,20,civ_adapt_gen7,0,100.0,0.05
8,2026-06-30T11:31:32.840000Z,3,200,10,10,6,0,10.0,0.828579507209364,20,0,20,0.0,0.0072,0.993,1.0,0.0,1.3e3,1.0,0.7217841097335913,0.34,%{cpu_percent: 45.0; memory_mb: 512},984000,2000,3,5,20,civ_adapt_gen8,0,100.0,0.05
9,2026-06-30T11:31:32.886000Z,3,200,10,10,6,0,10.0,0.8915606812711816,20,0,20,0.0,0.008,0.992,1.0,0.0,1.3e3,1.0,0.8230846921580771,0.345,%{cpu_percent: 45.0; memory_mb: 512},982000,2000,3,3,20,civ_adapt_gen9,0,100.0,0.05
10,2026-06-30T11:31:32.891000Z,2,200,10,10,6,0,10.0,0.8496046170944513,20,0,20,0.0,0.0071,0.993,1.0,0.0,1.3e3,1.0,0.8195440721127039,0.35,%{cpu_percent: 45.0; memory_mb: 512},980000,2000,3,3,20,civ_adapt_gen10,0,100.0,0.05
11,2026-06-30T11:31:32.954000Z,6,200,10,10,6,0,10.0,0.8013236371630776,20,3,17,0.15,0.0078,0.992,1.0,2.0,1.9e3,1.0,0.8709330916619726,0.355,%{cpu_percent: 45.0; memory_mb: 512},976500,3500,3,6,20,civ_adapt_gen11,0,100.0,0.05
12,2026-06-30T11:31:32.982000Z,9,200,10,10,6,0,10.0,0.8259226607925537,20,2,18,0.1,0.0076,0.992,1.0,0.82,1.7e3,1.0,0.7279837852127395,0.36,%{cpu_percent: 45.0; memory_mb: 512},973500,3000,3,5,20,civ_adapt_gen12,0,100.0,0.05
13,2026-06-30T11:31:32.999000Z,4,200,10,10,6,0,10.0,0.9475666748047494,20,11,9,0.55,0.0068,0.993,1.0,25.04,3.5e3,1.0,0.7423551228863775,0.365,%{cpu_percent: 45.0; memory_mb: 512},966000,7500,3,7,20,civ_adapt_gen13,0,100.0,0.05
14,2026-06-30T11:31:33.052000Z,2,200,10,10,6,0,10.0,0.8668088901535879,20,3,17,0.15,0.0081,0.992,1.0,1.95,1.9e3,1.0,0.8254706644474615,0.37,%{cpu_percent: 45.0; memory_mb: 512},962500,3500,3,7,20,civ_adapt_gen14,0,100.0,0.05
15,2026-06-30T11:31:33.071000Z,14,200,10,10,6,0,10.0,0.94762711979329,20,11,9,0.55,0.0068,0.993,1.0,24.94,3.5e3,1.0,0.7356123929628242,0.375,%{cpu_percent: 45.0; memory_mb: 512},955000,7500,3,3,20,civ_adapt_gen15,0,100.0,0.05
16,2026-06-30T11:31:33.094000Z,10,200,10,10,6,0,10.0,0.8356828815084442,20,12,8,0.6,0.0072,0.993,1.0,30.24,3.7e3,1.0,0.7684294693153371,0.38,%{cpu_percent: 45.0; memory_mb: 512},947000,8000,3,5,20,civ_adapt_gen16,0,100.0,0.05
17,2026-06-30T11:31:33.111000Z,13,200,10,10,6,0,10.0,0.90419439978915,20,13,7,0.65,0.0072,0.993,1.0,37.7,3.9e3,1.0,0.8783079344885397,0.385,%{cpu_percent: 45.0; memory_mb: 512},938500,8500,3,7,20,civ_adapt_gen17,0,100.0,0.05
18,2026-06-30T11:31:33.140000Z,16,200,10,10,6,0,10.0,0.8977895988863324,20,15,5,0.75,0.0063,0.994,1.0,49.95,4.3e3,1.0,0.8693698839089898,0.39,%{cpu_percent: 45.0; memory_mb: 512},929000,9500,3,6,20,civ_adapt_gen18,0,100.0,0.05
19,2026-06-30T11:31:33.154000Z,11,200,10,10,6,0,10.0,0.8379860547806275,20,17,3,0.85,0.0077,0.992,1.0,64.51,4.7e3,1.0,0.8797753078516346,0.395,%{cpu_percent: 45.0; memory_mb: 512},918500,10500,3,3,20,civ_adapt_gen19,0,100.0,0.05
20,2026-06-30T11:31:33.171000Z,4,200,10,10,6,0,10.0,0.8683856148695036,20,20,0,1.0,0.0077,0.992,1.0,89.7,5.3e3,1.0,0.888433641775242,0.4,%{cpu_percent: 45.0; memory_mb: 512},906500,12000,3,6,20,civ_adapt_gen20,0,100.0,0.05
21,2026-06-30T11:31:33.209000Z,5,200,10,10,6,0,10.0,0.809053341989047,20,20,0,1.0,0.0068,0.993,1.0,86.79,5.3e3,1.0,0.8271683591579913,0.405,%{cpu_percent: 45.0; memory_mb: 512},894500,12000,3,6,20,civ_adapt_gen21,0,100.0,0.05
22,2026-06-30T11:31:33.238000Z,15,200,10,10,6,0,10.0,0.8957092673845255,20,20,0,1.0,0.0079,0.992,1.0,86.49,5.3e3,1.0,0.8207490752884867,0.41,%{cpu_percent: 45.0; memory_mb: 512},882500,12000,3,8,20,civ_adapt_gen22,0,100.0,0.05
23,2026-06-30T11:31:33.252000Z,2,200,10,10,6,0,10.0,0.8184235613163889,20,20,0,1.0,0.0053,0.995,1.0,89.51,5.3e3,1.0,0.884367477400952,0.415,%{cpu_percent: 45.0; memory_mb: 512},870500,12000,3,8,20,civ_adapt_gen23,0,100.0,0.05
24,2026-06-30T11:31:33.280000Z,3,200,10,10,6,0,10.0,0.8428107216849218,20,20,0,1.0,0.0063,0.994,1.0,90.06,5.3e3,1.0,0.8959768957160575,0.42,%{cpu_percent: 45.0; memory_mb: 512},858500,12000,3,7,20,civ_adapt_gen24,0,100.0,0.05
25,2026-06-30T11:31:33.298000Z,3,200,10,10,6,0,10.0,0.9443084779805287,20,20,0,1.0,0.0083,0.992,1.0,84.77,5.3e3,1.0,0.7845693199546203,0.425,%{cpu_percent: 45.0; memory_mb: 512},846500,12000,3,6,20,civ_adapt_gen25,0,100.0,0.05
26,2026-06-30T11:31:33.323000Z,3,200,10,10,6,0,10.0,0.9431320383035728,20,20,0,1.0,0.008,0.992,1.0,86.97,5.3e3,1.0,0.8310522368750822,0.43,%{cpu_percent: 45.0; memory_mb: 512},834500,12000,3,6,20,civ_adapt_gen26,0,100.0,0.05
27,2026-06-30T11:31:33.344000Z,3,200,10,10,6,0,10.0,0.8960070343838067,20,20,0,1.0,0.0092,0.991,1.0,81.79,5.3e3,1.0,0.7218224790865568,0.435,%{cpu_percent: 45.0; memory_mb: 512},822500,12000,3,4,20,civ_adapt_gen27,0,100.0,0.05
28,2026-06-30T11:31:33.389000Z,3,200,10,10,6,0,10.0,0.9150548610804025,20,20,0,1.0,0.0079,0.992,1.0,83.14,5.3e3,1.0,0.7502760710944913,0.44,%{cpu_percent: 45.0; memory_mb: 512},810500,12000,3,3,20,civ_adapt_gen28,0,100.0,0.05
29,2026-06-30T11:31:33.407000Z,3,200,10,10,6,0,10.0,0.8750499854853283,20,20,0,1.0,0.0079,0.992,1.0,89.41,5.3e3,1.0,0.882281510090196,0.445,%{cpu_percent: 45.0; memory_mb: 512},798500,12000,3,5,20,civ_adapt_gen29,0,100.0,0.05
30,2026-06-30T11:31:33.435000Z,16,200,10,10,6,0,10.0,0.9126467947039444,20,20,0,1.0,0.0072,0.993,1.0,82.83,5.3e3,1.0,0.7437437696237685,0.45,%{cpu_percent: 45.0; memory_mb: 512},786500,12000,3,4,20,civ_adapt_gen30,0,100.0,0.05
31,2026-06-30T11:31:33.454000Z,3,200,10,10,6,0,10.0,0.8145142826469172,20,20,0,1.0,0.0081,0.992,1.0,87.88,5.3e3,1.0,0.8500356271263031,0.455,%{cpu_percent: 45.0; memory_mb: 512},774500,12000,3,4,20,civ_adapt_gen31,0,100.0,0.05
32,2026-06-30T11:31:33.486000Z,6,200,10,10,6,0,10.0,0.9113050593268042,20,20,0,1.0,0.007,0.993,1.0,87.94,5.3e3,1.0,0.8512945049624648,0.46,%{cpu_percent: 45.0; memory_mb: 512},762500,12000,3,6,20,civ_adapt_gen32,0,100.0,0.05
33,2026-06-30T11:31:33.532000Z,15,200,10,10,6,0,10.0,0.8399484397038575,20,20,0,1.0,0.0063,0.994,1.0,82.11,5.3e3,1.0,0.7286694500127638,0.465,%{cpu_percent: 45.0; memory_mb: 512},750500,12000,3,8,20,civ_adapt_gen33,0,100.0,0.05
34,2026-06-30T11:31:33.551000Z,2,200,10,10,6,0,10.0,0.8442511361822207,20,20,0,1.0,0.0051,0.995,1.0,82.96,5.3e3,1.0,0.7464788208107963,0.47,%{cpu_percent: 45.0; memory_mb: 512},738500,12000,3,6,20,civ_adapt_gen34,0,100.0,0.05
35,2026-06-30T11:31:33.592000Z,9,200,10,10,6,0,10.0,0.8658253321986111,20,20,0,1.0,0.0073,0.993,1.0,90.04,5.3e3,1.0,0.8955767987024501,0.475,%{cpu_percent: 45.0; memory_mb: 512},726500,12000,3,5,20,civ_adapt_gen35,0,100.0,0.05
36,2026-06-30T11:31:33.608000Z,13,200,10,10,6,0,10.0,0.942030872529317,20,20,0,1.0,0.0068,0.993,1.0,83.69,5.3e3,1.0,0.7618001775268239,0.48,%{cpu_percent: 45.0; memory_mb: 512},714500,12000,3,4,20,civ_adapt_gen36,0,100.0,0.05
37,2026-06-30T11:31:33.622000Z,3,200,10,10,6,0,10.0,0.8820150716693347,20,20,0,1.0,0.0073,0.993,1.0,80.93,5.3e3,1.0,0.703850690427328,0.485,%{cpu_percent: 45.0; memory_mb: 512},702500,12000,3,8,20,civ_adapt_gen37,0,100.0,0.05
38,2026-06-30T11:31:33.640000Z,3,200,10,10,6,0,10.0,0.8868739548506798,20,20,0,1.0,0.0092,0.991,1.0,89.07,5.3e3,1.0,0.8751893009450677,0.49,%{cpu_percent: 45.0; memory_mb: 512},690500,12000,3,4,20,civ_adapt_gen38,0,100.0,0.05
39,2026-06-30T11:31:33.667000Z,3,200,10,10,6,0,10.0,0.9084617580536384,20,20,0,1.0,0.0079,0.992,1.0,89.65,5.3e3,1.0,0.8874718453368251,0.495,%{cpu_percent: 45.0; memory_mb: 512},678500,12000,3,7,20,civ_adapt_gen39,0,100.0,0.05
40,2026-06-30T11:31:33.695000Z,3,200,10,10,6,0,10.0,0.8941009230034305,20,20,0,1.0,0.0083,0.992,1.0,89.77,5.3e3,1.0,0.8899963097848624,0.5,%{cpu_percent: 45.0; memory_mb: 512},666500,12000,3,6,20,civ_adapt_gen40,0,100.0,0.05
41,2026-06-30T11:31:33.738000Z,18,200,10,10,6,0,10.0,0.9394228468904422,20,20,0,1.0,0.0068,0.993,1.0,82.11,5.3e3,1.0,0.7285925994893194,0.505,%{cpu_percent: 45.0; memory_mb: 512},654500,12000,3,7,20,civ_adapt_gen41,0,100.0,0.05
42,2026-06-30T11:31:33.745000Z,3,200,10,10,6,0,10.0,0.8231044308444994,20,20,0,1.0,0.0071,0.993,1.0,83.04,5.3e3,1.0,0.7481527851401023,0.51,%{cpu_percent: 45.0; memory_mb: 512},642500,12000,3,5,20,civ_adapt_gen42,0,100.0,0.05
43,2026-06-30T11:31:33.776000Z,13,200,10,10,6,0,10.0,0.9429565338504429,20,20,0,1.0,0.0067,0.993,1.0,84.97,5.3e3,1.0,0.7888564219930386,0.515,%{cpu_percent: 45.0; memory_mb: 512},630500,12000,3,3,20,civ_adapt_gen43,0,100.0,0.05
44,2026-06-30T11:31:33.792000Z,3,200,10,10,6,0,10.0,0.9085699031144319,20,20,0,1.0,0.0072,0.993,1.0,86.02,5.3e3,1.0,0.8109137025819274,0.52,%{cpu_percent: 45.0; memory_mb: 512},618500,12000,3,7,20,civ_adapt_gen44,0,100.0,0.05
45,2026-06-30T11:31:33.821000Z,2,200,10,10,6,0,10.0,0.8775328436380935,20,20,0,1.0,0.0067,0.993,1.0,84.96,5.3e3,1.0,0.7885991601648928,0.525,%{cpu_percent: 45.0; memory_mb: 512},606500,12000,3,3,20,civ_adapt_gen45,0,100.0,0.05
46,2026-06-30T11:31:33.837000Z,4,200,10,10,6,0,10.0,0.8310618075474656,20,20,0,1.0,0.0079,0.992,1.0,84.23,5.3e3,1.0,0.773188387425977,0.53,%{cpu_percent: 45.0; memory_mb: 512},594500,12000,3,4,20,civ_adapt_gen46,0,100.0,0.05
47,2026-06-30T11:31:33.876000Z,12,200,10,10,6,0,10.0,0.9263354148368685,20,20,0,1.0,0.0069,0.993,1.0,88.25,5.3e3,1.0,0.8578879321390229,0.535,%{cpu_percent: 45.0; memory_mb: 512},582500,12000,3,5,20,civ_adapt_gen47,0,100.0,0.05
48,2026-06-30T11:31:33.882000Z,2,200,10,10,6,0,10.0,0.8385430408333994,20,20,0,1.0,0.0079,0.992,1.0,85.86,5.3e3,1.0,0.8075893094662852,0.54,%{cpu_percent: 45.0; memory_mb: 512},570500,12000,3,4,20,civ_adapt_gen48,0,100.0,0.05
49,2026-06-30T11:31:33.915000Z,3,200,10,10,6,0,10.0,0.8751561233416008,20,20,0,1.0,0.006,0.994,1.0,82.13,5.3e3,1.0,0.729024521377196,0.545,%{cpu_percent: 45.0; memory_mb: 512},558500,12000,3,4,20,civ_adapt_gen49,0,100.0,0.05
50,2026-06-30T11:31:33.971000Z,2,200,10,10,6,0,10.0,0.8697915502641167,20,20,0,1.0,0.0087,0.991,1.0,90.23,5.3e3,1.0,0.8995932187639886,0.55,%{cpu_percent: 45.0; memory_mb: 512},546500,12000,3,5,20,civ_adapt_gen50,0,100.0,0.05
51,2026-06-30T11:31:34.004000Z,15,200,10,10,6,0,10.0,0.8642151688831512,20,20,0,1.0,0.0076,0.992,1.0,87.49,5.3e3,1.0,0.8418355538593167,0.555,%{cpu_percent: 45.0; memory_mb: 512},534500,12000,3,5,20,civ_adapt_gen51,0,100.0,0.05
52,2026-06-30T11:31:34.011000Z,3,200,10,10,6,0,10.0,0.937269839183786,20,20,0,1.0,0.008,0.992,1.0,85.32,5.3e3,1.0,0.7962744657623335,0.56,%{cpu_percent: 45.0; memory_mb: 512},522500,12000,3,5,20,civ_adapt_gen52,0,100.0,0.05
53,2026-06-30T11:31:34.043000Z,8,200,10,10,6,0,10.0,0.9056672562137439,20,20,0,1.0,0.0075,0.993,1.0,82.32,5.3e3,1.0,0.7329672628881871,0.565,%{cpu_percent: 45.0; memory_mb: 512},510500,12000,3,7,20,civ_adapt_gen53,0,100.0,0.05
54,2026-06-30T11:31:34.054000Z,3,200,10,10,6,0,10.0,0.9015609623830229,20,20,0,1.0,0.008,0.992,1.0,84.3,5.3e3,1.0,0.7747510026664644,0.57,%{cpu_percent: 45.0; memory_mb: 512},498500,12000,3,5,20,civ_adapt_gen54,0,100.0,0.05
55,2026-06-30T11:31:34.100000Z,25,200,10,10,6,0,10.0,0.8420228776175818,20,20,0,1.0,0.0075,0.993,1.0,82.58,5.3e3,1.0,0.738579282194458,0.575,%{cpu_percent: 45.0; memory_mb: 512},486500,12000,3,3,20,civ_adapt_gen55,0,100.0,0.05
56,2026-06-30T11:31:34.122000Z,12,200,10,10,6,0,10.0,0.9228185401193706,20,20,0,1.0,0.0079,0.992,1.0,83.03,5.3e3,1.0,0.7480706218919541,0.58,%{cpu_percent: 45.0; memory_mb: 512},474500,12000,3,6,20,civ_adapt_gen56,0,100.0,0.05
57,2026-06-30T11:31:34.163000Z,31,200,10,10,6,0,10.0,0.856831743673395,20,20,0,1.0,0.0086,0.991,1.0,81.65,5.3e3,1.0,0.7188636556988869,0.585,%{cpu_percent: 45.0; memory_mb: 512},462500,12000,3,4,20,civ_adapt_gen57,0,100.0,0.05
58,2026-06-30T11:31:34.194000Z,18,200,10,10,6,0,10.0,0.871816948518286,20,20,0,1.0,0.0088,0.991,1.0,81.84,5.3e3,1.0,0.7230075467350224,0.59,%{cpu_percent: 45.0; memory_mb: 512},450500,12000,3,3,20,civ_adapt_gen58,0,100.0,0.05
59,2026-06-30T11:31:34.202000Z,5,200,10,10,6,0,10.0,0.8838867819784655,20,20,0,1.0,0.0084,0.992,1.0,89.68,5.3e3,1.0,0.888036934257628,0.595,%{cpu_percent: 45.0; memory_mb: 512},438500,12000,3,5,20,civ_adapt_gen59,0,100.0,0.05
60,2026-06-30T11:31:34.244000Z,3,200,10,10,6,0,10.0,0.9421946552568956,20,20,0,1.0,0.0059,0.994,1.0,89.78,5.3e3,1.0,0.890017672047046,0.6,%{cpu_percent: 45.0; memory_mb: 512},426500,12000,3,4,20,civ_adapt_gen60,0,100.0,0.05
61,2026-06-30T11:31:34.282000Z,5,200,10,10,6,0,10.0,0.9018887959662211,20,20,0,1.0,0.0089,0.991,1.0,83.71,5.3e3,1.0,0.7623333166024298,0.605,%{cpu_percent: 45.0; memory_mb: 512},414500,12000,3,3,20,civ_adapt_gen61,0,100.0,0.05
62,2026-06-30T11:31:34.308000Z,12,200,10,10,6,0,10.0,0.82093947540447,20,20,0,1.0,0.0076,0.992,1.0,87.53,5.3e3,1.0,0.8427468980065858,0.61,%{cpu_percent: 45.0; memory_mb: 512},402500,12000,3,4,20,civ_adapt_gen62,0,100.0,0.05
63,2026-06-30T11:31:34.328000Z,4,200,10,10,6,0,10.0,0.8859782307444847,20,20,0,1.0,0.0083,0.992,1.0,81.75,5.3e3,1.0,0.721004102241868,0.615,%{cpu_percent: 45.0; memory_mb: 512},390500,12000,3,3,20,civ_adapt_gen63,0,100.0,0.05
64,2026-06-30T11:31:34.341000Z,3,200,10,10,6,0,10.0,0.9429659161012605,20,20,0,1.0,0.0068,0.993,1.0,81.12,5.3e3,1.0,0.7077824979369304,0.62,%{cpu_percent: 45.0; memory_mb: 512},378500,12000,3,5,20,civ_adapt_gen64,0,100.0,0.05
65,2026-06-30T11:31:34.381000Z,2,200,10,10,6,0,10.0,0.9097114962779869,20,20,0,1.0,0.0086,0.991,1.0,82.33,5.3e3,1.0,0.7333675963238484,0.625,%{cpu_percent: 45.0; memory_mb: 512},366500,12000,3,7,20,civ_adapt_gen65,0,100.0,0.05
66,2026-06-30T11:31:34.412000Z,19,200,10,10,6,0,10.0,0.86235192685561,20,20,0,1.0,0.0064,0.994,1.0,88.71,5.3e3,1.0,0.8675652327883672,0.63,%{cpu_percent: 45.0; memory_mb: 512},354500,12000,3,5,20,civ_adapt_gen66,0,100.0,0.05
67,2026-06-30T11:31:34.422000Z,2,200,10,10,6,0,10.0,0.8092556257969183,20,20,0,1.0,0.0069,0.993,1.0,85.94,5.3e3,1.0,0.8093114896742323,0.635,%{cpu_percent: 45.0; memory_mb: 512},342500,12000,3,6,20,civ_adapt_gen67,0,100.0,0.05
68,2026-06-30T11:31:34.450000Z,4,200,10,10,6,0,10.0,0.8849813344027024,20,20,0,1.0,0.008,0.992,1.0,84.59,5.3e3,1.0,0.7807798682996924,0.64,%{cpu_percent: 45.0; memory_mb: 512},330500,12000,3,3,20,civ_adapt_gen68,0,100.0,0.05
69,2026-06-30T11:31:34.491000Z,2,200,10,10,6,0,10.0,0.8150226724436354,20,20,0,1.0,0.0072,0.993,1.0,84.65,5.3e3,1.0,0.7821481511941473,0.645,%{cpu_percent: 45.0; memory_mb: 512},318500,12000,3,5,20,civ_adapt_gen69,0,100.0,0.05
70,2026-06-30T11:31:34.510000Z,11,200,10,10,6,0,10.0,0.8729424094653939,20,20,0,1.0,0.0066,0.993,1.0,88.64,5.3e3,1.0,0.8661809471519502,0.65,%{cpu_percent: 45.0; memory_mb: 512},306500,12000,3,8,20,civ_adapt_gen70,0,100.0,0.05
71,2026-06-30T11:31:34.546000Z,28,200,10,10,6,0,10.0,0.8321751769134809,20,20,0,1.0,0.0075,0.993,1.0,80.82,5.3e3,1.0,0.7015256794969442,0.655,%{cpu_percent: 45.0; memory_mb: 512},294500,12000,3,4,20,civ_adapt_gen71,0,100.0,0.05
72,2026-06-30T11:31:34.558000Z,10,200,10,10,6,0,10.0,0.8881140309035388,20,20,0,1.0,0.0069,0.993,1.0,84.71,5.3e3,1.0,0.783371819183207,0.66,%{cpu_percent: 45.0; memory_mb: 512},282500,12000,3,3,20,civ_adapt_gen72,0,100.0,0.05
73,2026-06-30T11:31:34.581000Z,3,200,10,10,6,0,10.0,0.9146871172879858,20,20,0,1.0,0.0081,0.992,1.0,82.4,5.3e3,1.0,0.7348313054042707,0.665,%{cpu_percent: 45.0; memory_mb: 512},270500,12000,3,8,20,civ_adapt_gen73,0,100.0,0.05
74,2026-06-30T11:31:34.619000Z,3,200,10,10,6,0,10.0,0.8770219522848318,20,20,0,1.0,0.0065,0.994,1.0,85.74,5.3e3,1.0,0.8051280961329257,0.67,%{cpu_percent: 45.0; memory_mb: 512},258500,12000,3,7,20,civ_adapt_gen74,0,100.0,0.05
75,2026-06-30T11:31:34.654000Z,20,200,10,10,6,0,10.0,0.8289101837754397,20,20,0,1.0,0.0039,0.996,1.0,83.18,5.3e3,1.0,0.7511738120288943,0.675,%{cpu_percent: 45.0; memory_mb: 512},246500,12000,3,8,20,civ_adapt_gen75,0,100.0,0.05
76,2026-06-30T11:31:34.679000Z,2,200,10,10,6,0,10.0,0.8598921831084554,20,20,0,1.0,0.0069,0.993,1.0,86.73,5.3e3,1.0,0.8259182819950821,0.68,%{cpu_percent: 45.0; memory_mb: 512},234500,12000,3,7,20,civ_adapt_gen76,0,100.0,0.05
77,2026-06-30T11:31:34.697000Z,3,200,10,10,6,0,10.0,0.8889232967511415,20,20,0,1.0,0.0075,0.993,1.0,86.47,5.3e3,1.0,0.8204558503324622,0.685,%{cpu_percent: 45.0; memory_mb: 512},222500,12000,3,7,20,civ_adapt_gen77,0,100.0,0.05
78,2026-06-30T11:31:34.721000Z,2,200,10,10,6,0,10.0,0.9392185869433936,20,20,0,1.0,0.0083,0.992,1.0,89.04,5.3e3,1.0,0.8744801957171116,0.69,%{cpu_percent: 45.0; memory_mb: 512},210500,12000,3,8,20,civ_adapt_gen78,0,100.0,0.05
79,2026-06-30T11:31:34.761000Z,2,200,10,10,6,0,10.0,0.8111225056858881,20,20,0,1.0,0.0075,0.993,1.0,86.34,5.3e3,1.0,0.8176639759346289,0.695,%{cpu_percent: 45.0; memory_mb: 512},198500,12000,3,3,20,civ_adapt_gen79,0,100.0,0.05
80,2026-06-30T11:31:34.786000Z,21,200,10,10,6,0,10.0,0.8860353324680802,20,20,0,1.0,0.0078,0.992,1.0,89.33,5.3e3,1.0,0.8806888848119637,0.7,%{cpu_percent: 45.0; memory_mb: 512},186500,12000,3,3,20,civ_adapt_gen80,0,100.0,0.05
81,2026-06-30T11:31:34.824000Z,2,200,10,10,6,0,10.0,0.9415089912584802,20,20,0,1.0,0.0073,0.993,1.0,88.91,5.3e3,1.0,0.8718126590141545,0.705,%{cpu_percent: 45.0; memory_mb: 512},174500,12000,3,8,20,civ_adapt_gen81,0,100.0,0.05
82,2026-06-30T11:31:34.862000Z,8,200,10,10,6,0,10.0,0.9154484614367392,20,20,0,1.0,0.0076,0.992,1.0,84.98,5.3e3,1.0,0.7890575426533031,0.71,%{cpu_percent: 45.0; memory_mb: 512},162500,12000,3,6,20,civ_adapt_gen82,0,100.0,0.05
83,2026-06-30T11:31:34.879000Z,8,200,10,10,6,0,10.0,0.8745408452400028,20,20,0,1.0,0.0083,0.992,1.0,86.57,5.3e3,1.0,0.8224218283772765,0.715,%{cpu_percent: 45.0; memory_mb: 512},150500,12000,3,4,20,civ_adapt_gen83,0,100.0,0.05
84,2026-06-30T11:31:34.951000Z,2,200,10,10,6,0,10.0,0.8153413634258271,20,20,0,1.0,0.0072,0.993,1.0,84.27,5.3e3,1.0,0.7740578620028002,0.72,%{cpu_percent: 45.0; memory_mb: 512},138500,12000,3,4,20,civ_adapt_gen84,0,100.0,0.05
85,2026-06-30T11:31:34.959000Z,5,200,10,10,6,0,10.0,0.8249567652610987,20,20,0,1.0,0.0075,0.993,1.0,86.42,5.3e3,1.0,0.8194462748433682,0.725,%{cpu_percent: 45.0; memory_mb: 512},126500,12000,3,3,20,civ_adapt_gen85,0,100.0,0.05
86,2026-06-30T11:31:35.010000Z,2,200,10,10,6,0,10.0,0.8995781037730557,20,20,0,1.0,0.0073,0.993,1.0,87.92,5.3e3,1.0,0.850869635782187,0.73,%{cpu_percent: 45.0; memory_mb: 512},114500,12000,3,8,20,civ_adapt_gen86,0,100.0,0.05
87,2026-06-30T11:31:35.049000Z,35,200,10,10,6,0,10.0,0.842258762356677,20,20,0,1.0,0.0075,0.993,1.0,81.82,5.3e3,1.0,0.7225483838179741,0.735,%{cpu_percent: 45.0; memory_mb: 512},102500,12000,3,6,20,civ_adapt_gen87,0,100.0,0.05
88,2026-06-30T11:31:35.085000Z,3,200,10,10,6,0,10.0,0.8606615035661667,20,20,0,1.0,0.0074,0.993,1.0,84.07,5.3e3,1.0,0.769968565798876,0.74,%{cpu_percent: 45.0; memory_mb: 512},90500,12000,3,3,20,civ_adapt_gen88,0,100.0,0.05
89,2026-06-30T11:31:35.091000Z,3,200,10,10,6,0,10.0,0.9027738662139142,20,20,0,1.0,0.0076,0.992,1.0,82.69,5.3e3,1.0,0.7408132710787494,0.745,%{cpu_percent: 45.0; memory_mb: 512},78500,12000,3,4,20,civ_adapt_gen89,0,100.0,0.05
90,2026-06-30T11:31:35.124000Z,5,200,10,10,6,0,10.0,0.8290289666188051,20,20,0,1.0,0.0073,0.993,1.0,87.42,5.3e3,1.0,0.8403872403668066,0.75,%{cpu_percent: 45.0; memory_mb: 512},66500,12000,3,3,20,civ_adapt_gen90,0,100.0,0.05
91,2026-06-30T11:31:35.167000Z,4,200,10,10,6,0,10.0,0.8479730047658485,20,20,0,1.0,0.0063,0.994,1.0,83.11,5.3e3,1.0,0.749608434470391,0.755,%{cpu_percent: 45.0; memory_mb: 512},54500,12000,3,8,20,civ_adapt_gen91,0,100.0,0.05
92,2026-06-30T11:31:35.175000Z,3,200,10,10,6,0,10.0,0.8590422171675491,20,20,0,1.0,0.008,0.992,1.0,85.4,5.3e3,1.0,0.7979970190883777,0.76,%{cpu_percent: 45.0; memory_mb: 512},42500,12000,3,3,20,civ_adapt_gen92,0,100.0,0.05
93,2026-06-30T11:31:35.241000Z,3,200,10,10,6,0,10.0,0.9403619567832351,20,20,0,1.0,0.0074,0.993,1.0,88.21,5.3e3,1.0,0.8570704346592721,0.765,%{cpu_percent: 45.0; memory_mb: 512},30500,12000,3,4,20,civ_adapt_gen93,0,100.0,0.05
94,2026-06-30T11:31:35.265000Z,3,200,10,10,6,0,10.0,0.9351831085691558,20,20,0,1.0,0.0057,0.994,1.0,88.48,5.3e3,1.0,0.862732409212468,0.77,%{cpu_percent: 45.0; memory_mb: 512},18500,12000,3,8,20,civ_adapt_gen94,0,100.0,0.05
95,2026-06-30T11:31:35.302000Z,3,200,10,10,6,0,10.0,0.9071455502324266,20,20,0,1.0,0.0072,0.993,1.0,84.07,5.3e3,1.0,0.7699868315911716,0.775,%{cpu_percent: 45.0; memory_mb: 512},6500,12000,3,7,20,civ_adapt_gen95,0,100.0,0.05
96,2026-06-30T11:31:35.378000Z,4,200,10,10,6,0,10.0,0.8768551184606962,20,20,0,1.0,0.0072,0.993,1.0,84.76,5.3e3,1.0,0.7843588340641566,0.78,%{cpu_percent: 45.0; memory_mb: 512},0,12000,3,7,20,civ_adapt_gen96,0,100.0,0.05
97,2026-06-30T11:31:35.642000Z,116,200,10,10,6,0,10.0,0.8264436204698085,20,20,0,1.0,0.0077,0.992,1.0,85.66,5.3e3,1.0,0.8033601725268776,0.785,%{cpu_percent: 45.0; memory_mb: 512},0,12000,3,3,20,civ_adapt_gen97,0,100.0,0.05
98,2026-06-30T11:31:35.824000Z,3,200,10,10,6,0,10.0,0.9429330996257882,20,20,0,1.0,0.0074,0.993,1.0,81.16,5.3e3,1.0,0.708541418382242,0.79,%{cpu_percent: 45.0; memory_mb: 512},0,12000,3,5,20,civ_adapt_gen98,0,100.0,0.05
99,2026-06-30T11:31:35.917000Z,49,200,10,10,6,0,10.0,0.8075946442690713,20,20,0,1.0,0.008,0.992,1.0,89.17,5.3e3,1.0,0.8772868036176714,0.795,%{cpu_percent: 45.0; memory_mb: 512},0,12000,3,8,20,civ_adapt_gen99,0,100.0,0.05
100,2026-06-30T11:31:35.948000Z,28,200,10,10,6,0,10.0,0.8390369251816752,20,20,0,1.0,0.0074,0.993,1.0,87.77,5.3e3,1.0,0.8477786098747506,0.8,%{cpu_percent: 45.0; memory_mb: 512},0,12000,3,4,20,civ_adapt_gen100,0,100.0,0.05
1,2026-06-30T11:34:32.468000Z,6,200,10,10,6,0,10.0,0.8676808948343031,20,0,20,0.0,0.0092,0.991,1.0,0.0,1.3e3,1.0,0.7001082348116946,0.305,%{cpu_percent: 45.0; memory_mb: 512},998000,2000,3,5,20,civ_adapt_gen1,0,100.0,0.05
2,2026-06-30T11:34:32.501000Z,6,200,10,10,6,0,10.0,0.9147098964768339,20,0,20,0.0,0.0074,0.993,1.0,0.0,1.3e3,1.0,0.7165602449537272,0.31,%{cpu_percent: 45.0; memory_mb: 512},996000,2000,3,3,20,civ_adapt_gen2,0,100.0,0.05
3,2026-06-30T11:34:32.526000Z,2,200,10,10,6,0,10.0,0.8550102884926087,20,0,20,0.0,0.0081,0.992,1.0,0.0,1.3e3,1.0,0.8079845893936676,0.315,%{cpu_percent: 45.0; memory_mb: 512},994000,2000,3,6,20,civ_adapt_gen3,0,100.0,0.05
4,2026-06-30T11:34:32.543000Z,6,200,10,10,6,0,10.0,0.8917499143611272,20,0,20,0.0,0.0083,0.992,1.0,0.0,1.3e3,1.0,0.8678910618588116,0.32,%{cpu_percent: 45.0; memory_mb: 512},992000,2000,3,8,20,civ_adapt_gen4,0,100.0,0.05
5,2026-06-30T11:34:32.567000Z,4,200,10,10,6,0,10.0,0.8064162130172977,20,0,20,0.0,0.006,0.994,1.0,0.0,1.3e3,1.0,0.8437500828164287,0.325,%{cpu_percent: 45.0; memory_mb: 512},990000,2000,3,8,20,civ_adapt_gen5,0,100.0,0.05
6,2026-06-30T11:34:32.595000Z,3,200,10,10,6,0,10.0,0.8697353295380316,20,0,20,0.0,0.0062,0.994,1.0,0.0,1.3e3,1.0,0.8313052313282194,0.33,%{cpu_percent: 45.0; memory_mb: 512},988000,2000,3,7,20,civ_adapt_gen6,0,100.0,0.05
7,2026-06-30T11:34:32.610000Z,2,200,10,10,6,0,10.0,0.8528079384103485,20,0,20,0.0,0.0082,0.992,1.0,0.0,1.3e3,1.0,0.886533410559587,0.335,%{cpu_percent: 45.0; memory_mb: 512},986000,2000,3,4,20,civ_adapt_gen7,0,100.0,0.05
8,2026-06-30T11:34:32.632000Z,6,200,10,10,6,0,10.0,0.8761751241622048,20,0,20,0.0,0.0068,0.993,1.0,0.0,1.3e3,1.0,0.7315933279864211,0.34,%{cpu_percent: 45.0; memory_mb: 512},984000,2000,3,6,20,civ_adapt_gen8,0,100.0,0.05
9,2026-06-30T11:34:32.654000Z,2,200,10,10,6,0,10.0,0.9043404147589771,20,0,20,0.0,0.0079,0.992,1.0,0.0,1.3e3,1.0,0.7601155028993216,0.345,%{cpu_percent: 45.0; memory_mb: 512},982000,2000,3,6,20,civ_adapt_gen9,0,100.0,0.05
10,2026-06-30T11:34:32.674000Z,3,200,10,10,6,0,10.0,0.8770121744615385,20,0,20,0.0,0.0073,0.993,1.0,0.0,1.3e3,1.0,0.8187932948776104,0.35,%{cpu_percent: 45.0; memory_mb: 512},980000,2000,3,7,20,civ_adapt_gen10,0,100.0,0.05
11,2026-06-30T11:34:32.711000Z,9,200,10,10,6,0,10.0,0.9090037039502485,20,3,17,0.15,0.0076,0.992,1.0,1.87,1.9e3,1.0,0.7517057864085087,0.355,%{cpu_percent: 45.0; memory_mb: 512},976500,3500,3,7,20,civ_adapt_gen11,0,100.0,0.05
12,2026-06-30T11:34:32.733000Z,4,200,10,10,6,0,10.0,0.8369342578642646,20,0,20,0.0,0.0068,0.993,1.0,0.0,1.3e3,1.0,0.7390561780584052,0.36,%{cpu_percent: 45.0; memory_mb: 512},974500,2000,3,3,20,civ_adapt_gen12,0,100.0,0.05
13,2026-06-30T11:34:32.742000Z,4,200,10,10,6,0,10.0,0.8956222252235696,20,4,16,0.2,0.0059,0.994,1.0,3.3,2.1e3,1.0,0.7375324085998368,0.365,%{cpu_percent: 45.0; memory_mb: 512},970500,4000,3,5,20,civ_adapt_gen13,0,100.0,0.05
14,2026-06-30T11:34:32.771000Z,4,200,10,10,6,0,10.0,0.87341216106201,20,9,11,0.45,0.0071,0.993,1.0,17.4,3.1e3,1.0,0.8090726434119029,0.37,%{cpu_percent: 45.0; memory_mb: 512},964000,6500,3,6,20,civ_adapt_gen14,0,100.0,0.05
15,2026-06-30T11:34:32.781000Z,2,200,10,10,6,0,10.0,0.8431305244664175,20,14,6,0.7,0.0091,0.991,1.0,40.09,4.1e3,1.0,0.7223689961417306,0.375,%{cpu_percent: 45.0; memory_mb: 512},955000,9000,3,4,20,civ_adapt_gen15,0,100.0,0.05
16,2026-06-30T11:34:32.805000Z,4,200,10,10,6,0,10.0,0.9417367711010973,20,7,13,0.35,0.0071,0.993,1.0,10.96,2.7e3,1.0,0.884083508610352,0.38,%{cpu_percent: 45.0; memory_mb: 512},949500,5500,3,7,20,civ_adapt_gen16,0,100.0,0.05
17,2026-06-30T11:34:32.822000Z,3,200,10,10,6,0,10.0,0.9114091625916338,20,12,8,0.6,0.008,0.992,1.0,29.9,3.7e3,1.0,0.7486611400039669,0.385,%{cpu_percent: 45.0; memory_mb: 512},941500,8000,3,5,20,civ_adapt_gen17,0,100.0,0.05
18,2026-06-30T11:34:32.846000Z,2,200,10,10,6,0,10.0,0.8734427094152283,20,16,4,0.8,0.0088,0.991,1.0,56.0,4.5e3,1.0,0.842112680328432,0.39,%{cpu_percent: 45.0; memory_mb: 512},931500,10000,3,5,20,civ_adapt_gen18,0,100.0,0.05
19,2026-06-30T11:34:32.862000Z,2,200,10,10,6,0,10.0,0.8252401478826427,20,18,2,0.9,0.0064,0.994,1.0,66.76,4.9e3,1.0,0.7351261553064816,0.395,%{cpu_percent: 45.0; memory_mb: 512},920500,11000,3,4,20,civ_adapt_gen19,0,100.0,0.05
20,2026-06-30T11:34:32.889000Z,6,200,10,10,6,0,10.0,0.8794210276997387,20,20,0,1.0,0.007,0.993,1.0,83.88,5.3e3,1.0,0.7659590015123562,0.4,%{cpu_percent: 45.0; memory_mb: 512},908500,12000,3,3,20,civ_adapt_gen20,0,100.0,0.05
21,2026-06-30T11:34:32.931000Z,7,200,10,10,6,0,10.0,0.8439139243800984,20,20,0,1.0,0.0079,0.992,1.0,83.54,5.3e3,1.0,0.7586335756959641,0.405,%{cpu_percent: 45.0; memory_mb: 512},896500,12000,3,6,20,civ_adapt_gen21,0,100.0,0.05
22,2026-06-30T11:34:32.945000Z,2,200,10,10,6,0,10.0,0.823166488794167,20,20,0,1.0,0.0069,0.993,1.0,87.66,5.3e3,1.0,0.8453934480876912,0.41,%{cpu_percent: 45.0; memory_mb: 512},884500,12000,3,3,20,civ_adapt_gen22,0,100.0,0.05
23,2026-06-30T11:34:32.969000Z,5,200,10,10,6,0,10.0,0.8102009878295925,20,20,0,1.0,0.0074,0.993,1.0,83.98,5.3e3,1.0,0.767913718483841,0.415,%{cpu_percent: 45.0; memory_mb: 512},872500,12000,3,6,20,civ_adapt_gen23,0,100.0,0.05
24,2026-06-30T11:34:32.983000Z,3,200,10,10,6,0,10.0,0.930964284558271,20,20,0,1.0,0.0074,0.993,1.0,85.22,5.3e3,1.0,0.7941324806002457,0.42,%{cpu_percent: 45.0; memory_mb: 512},860500,12000,3,4,20,civ_adapt_gen24,0,100.0,0.05
25,2026-06-30T11:34:33.010000Z,3,200,10,10,6,0,10.0,0.8444026517124841,20,20,0,1.0,0.0078,0.992,1.0,86.64,5.3e3,1.0,0.8240912692795531,0.425,%{cpu_percent: 45.0; memory_mb: 512},848500,12000,3,5,20,civ_adapt_gen25,0,100.0,0.05
26,2026-06-30T11:34:33.033000Z,2,200,10,10,6,0,10.0,0.8364302080706575,20,20,0,1.0,0.0069,0.993,1.0,81.28,5.3e3,1.0,0.7110683076842587,0.43,%{cpu_percent: 45.0; memory_mb: 512},836500,12000,3,4,20,civ_adapt_gen26,0,100.0,0.05
27,2026-06-30T11:34:33.107000Z,14,200,10,10,6,0,10.0,0.8530404999786902,20,20,0,1.0,0.007,0.993,1.0,86.15,5.3e3,1.0,0.8136197951650025,0.435,%{cpu_percent: 45.0; memory_mb: 512},824500,12000,3,4,20,civ_adapt_gen27,0,100.0,0.05
28,2026-06-30T11:34:33.121000Z,3,200,10,10,6,0,10.0,0.9484323723151351,20,20,0,1.0,0.007,0.993,1.0,84.49,5.3e3,1.0,0.778790275628974,0.44,%{cpu_percent: 45.0; memory_mb: 512},812500,12000,3,5,20,civ_adapt_gen28,0,100.0,0.05
29,2026-06-30T11:34:33.145000Z,4,200,10,10,6,0,10.0,0.8941515864411266,20,20,0,1.0,0.0075,0.993,1.0,84.97,5.3e3,1.0,0.788916385971254,0.445,%{cpu_percent: 45.0; memory_mb: 512},800500,12000,3,4,20,civ_adapt_gen29,0,100.0,0.05
30,2026-06-30T11:34:33.160000Z,5,200,10,10,6,0,10.0,0.8640294347642538,20,20,0,1.0,0.0075,0.993,1.0,84.97,5.3e3,1.0,0.788850326336525,0.45,%{cpu_percent: 45.0; memory_mb: 512},788500,12000,3,5,20,civ_adapt_gen30,0,100.0,0.05
31,2026-06-30T11:34:33.205000Z,18,200,10,10,6,0,10.0,0.8432252949098993,20,20,0,1.0,0.0078,0.992,1.0,81.47,5.3e3,1.0,0.7151570260221677,0.455,%{cpu_percent: 45.0; memory_mb: 512},776500,12000,3,7,20,civ_adapt_gen31,0,100.0,0.05
32,2026-06-30T11:34:33.215000Z,3,200,10,10,6,0,10.0,0.8072376526536621,20,20,0,1.0,0.007,0.993,1.0,82.66,5.3e3,1.0,0.7402100547627796,0.46,%{cpu_percent: 45.0; memory_mb: 512},764500,12000,3,5,20,civ_adapt_gen32,0,100.0,0.05
33,2026-06-30T11:34:33.234000Z,2,200,10,10,6,0,10.0,0.8502412549139514,20,20,0,1.0,0.0081,0.992,1.0,82.55,5.3e3,1.0,0.737924656847758,0.465,%{cpu_percent: 45.0; memory_mb: 512},752500,12000,3,4,20,civ_adapt_gen33,0,100.0,0.05
34,2026-06-30T11:34:33.260000Z,4,200,10,10,6,0,10.0,0.9374873533844882,20,20,0,1.0,0.0079,0.992,1.0,85.18,5.3e3,1.0,0.7932942650718073,0.47,%{cpu_percent: 45.0; memory_mb: 512},740500,12000,3,6,20,civ_adapt_gen34,0,100.0,0.05
35,2026-06-30T11:34:33.279000Z,4,200,10,10,6,0,10.0,0.8716417147262833,20,20,0,1.0,0.0075,0.993,1.0,83.34,5.3e3,1.0,0.7545064523293322,0.475,%{cpu_percent: 45.0; memory_mb: 512},728500,12000,3,7,20,civ_adapt_gen35,0,100.0,0.05
36,2026-06-30T11:34:33.304000Z,4,200,10,10,6,0,10.0,0.8639071740091295,20,20,0,1.0,0.0068,0.993,1.0,88.58,5.3e3,1.0,0.8648420405720795,0.48,%{cpu_percent: 45.0; memory_mb: 512},716500,12000,3,6,20,civ_adapt_gen36,0,100.0,0.05
37,2026-06-30T11:34:33.332000Z,15,200,10,10,6,0,10.0,0.8808514145265737,20,20,0,1.0,0.0071,0.993,1.0,83.13,5.3e3,1.0,0.7500226651890805,0.485,%{cpu_percent: 45.0; memory_mb: 512},704500,12000,3,7,20,civ_adapt_gen37,0,100.0,0.05
38,2026-06-30T11:34:33.349000Z,3,200,10,10,6,0,10.0,0.9246628024354335,20,20,0,1.0,0.0069,0.993,1.0,88.29,5.3e3,1.0,0.8588037371760797,0.49,%{cpu_percent: 45.0; memory_mb: 512},692500,12000,3,8,20,civ_adapt_gen38,0,100.0,0.05
39,2026-06-30T11:34:33.364000Z,3,200,10,10,6,0,10.0,0.8889435483001232,20,20,0,1.0,0.0068,0.993,1.0,81.99,5.3e3,1.0,0.7260134771051129,0.495,%{cpu_percent: 45.0; memory_mb: 512},680500,12000,3,3,20,civ_adapt_gen39,0,100.0,0.05
40,2026-06-30T11:34:33.405000Z,13,200,10,10,6,0,10.0,0.8747492114909484,20,20,0,1.0,0.0079,0.992,1.0,84.9,5.3e3,1.0,0.7872751592302258,0.5,%{cpu_percent: 45.0; memory_mb: 512},668500,12000,3,6,20,civ_adapt_gen40,0,100.0,0.05
41,2026-06-30T11:34:33.439000Z,14,200,10,10,6,0,10.0,0.8102832717953936,20,20,0,1.0,0.0074,0.993,1.0,83.33,5.3e3,1.0,0.7544075713203393,0.505,%{cpu_percent: 45.0; memory_mb: 512},656500,12000,3,3,20,civ_adapt_gen41,0,100.0,0.05
42,2026-06-30T11:34:33.445000Z,2,200,10,10,6,0,10.0,0.8006657884938116,20,20,0,1.0,0.0073,0.993,1.0,83.52,5.3e3,1.0,0.7582759596433912,0.51,%{cpu_percent: 45.0; memory_mb: 512},644500,12000,3,8,20,civ_adapt_gen42,0,100.0,0.05
43,2026-06-30T11:34:33.483000Z,11,200,10,10,6,0,10.0,0.8603655562741801,20,20,0,1.0,0.0058,0.994,1.0,85.82,5.3e3,1.0,0.8068330172776952,0.515,%{cpu_percent: 45.0; memory_mb: 512},632500,12000,3,8,20,civ_adapt_gen43,0,100.0,0.05
44,2026-06-30T11:34:33.496000Z,11,200,10,10,6,0,10.0,0.874267908406688,20,20,0,1.0,0.0087,0.991,1.0,88.93,5.3e3,1.0,0.8722027588473146,0.52,%{cpu_percent: 45.0; memory_mb: 512},620500,12000,3,3,20,civ_adapt_gen44,0,100.0,0.05
45,2026-06-30T11:34:33.517000Z,3,200,10,10,6,0,10.0,0.8386293322137064,20,20,0,1.0,0.0078,0.992,1.0,87.55,5.3e3,1.0,0.8432230596806027,0.525,%{cpu_percent: 45.0; memory_mb: 512},608500,12000,3,5,20,civ_adapt_gen45,0,100.0,0.05
46,2026-06-30T11:34:33.557000Z,5,200,10,10,6,0,10.0,0.929087163515908,20,20,0,1.0,0.0065,0.994,1.0,81.88,5.3e3,1.0,0.7237273359340181,0.53,%{cpu_percent: 45.0; memory_mb: 512},596500,12000,3,5,20,civ_adapt_gen46,0,100.0,0.05
47,2026-06-30T11:34:33.565000Z,3,200,10,10,6,0,10.0,0.8349796141091634,20,20,0,1.0,0.0065,0.994,1.0,89.9,5.3e3,1.0,0.8926236502146246,0.535,%{cpu_percent: 45.0; memory_mb: 512},584500,12000,3,8,20,civ_adapt_gen47,0,100.0,0.05
48,2026-06-30T11:34:33.607000Z,28,200,10,10,6,0,10.0,0.8181930035958938,20,20,0,1.0,0.0077,0.992,1.0,88.06,5.3e3,1.0,0.8538967653285005,0.54,%{cpu_percent: 45.0; memory_mb: 512},572500,12000,3,5,20,civ_adapt_gen48,0,100.0,0.05
49,2026-06-30T11:34:33.627000Z,6,200,10,10,6,0,10.0,0.8280512998222024,20,20,0,1.0,0.0061,0.994,1.0,81.4,5.3e3,1.0,0.7136738593149301,0.545,%{cpu_percent: 45.0; memory_mb: 512},560500,12000,3,5,20,civ_adapt_gen49,0,100.0,0.05
50,2026-06-30T11:34:33.665000Z,20,200,10,10,6,0,10.0,0.8446221804372077,20,20,0,1.0,0.0063,0.994,1.0,87.96,5.3e3,1.0,0.8518043863392184,0.55,%{cpu_percent: 45.0; memory_mb: 512},548500,12000,3,5,20,civ_adapt_gen50,0,100.0,0.05
51,2026-06-30T11:34:33.705000Z,11,200,10,10,6,0,10.0,0.8299835436712669,20,20,0,1.0,0.0055,0.995,1.0,87.93,5.3e3,1.0,0.8512293329188185,0.555,%{cpu_percent: 45.0; memory_mb: 512},536500,12000,3,6,20,civ_adapt_gen51,0,100.0,0.05
52,2026-06-30T11:34:33.725000Z,2,200,10,10,6,0,10.0,0.8974970279558001,20,20,0,1.0,0.0081,0.992,1.0,81.68,5.3e3,1.0,0.719642771875902,0.56,%{cpu_percent: 45.0; memory_mb: 512},524500,12000,3,3,20,civ_adapt_gen52,0,100.0,0.05
53,2026-06-30T11:34:33.744000Z,7,200,10,10,6,0,10.0,0.9437228216645155,20,20,0,1.0,0.008,0.992,1.0,81.39,5.3e3,1.0,0.713528973660572,0.565,%{cpu_percent: 45.0; memory_mb: 512},512500,12000,3,5,20,civ_adapt_gen53,0,100.0,0.05
54,2026-06-30T11:34:33.770000Z,7,200,10,10,6,0,10.0,0.8224911154850484,20,20,0,1.0,0.0076,0.992,1.0,85.47,5.3e3,1.0,0.7993078884873264,0.57,%{cpu_percent: 45.0; memory_mb: 512},500500,12000,3,3,20,civ_adapt_gen54,0,100.0,0.05
55,2026-06-30T11:34:33.797000Z,10,200,10,10,6,0,10.0,0.9394117864039451,20,20,0,1.0,0.0083,0.992,1.0,87.61,5.3e3,1.0,0.8444176852706589,0.575,%{cpu_percent: 45.0; memory_mb: 512},488500,12000,3,3,20,civ_adapt_gen55,0,100.0,0.05
56,2026-06-30T11:34:33.821000Z,2,200,10,10,6,0,10.0,0.9188615946368679,20,20,0,1.0,0.0076,0.992,1.0,88.24,5.3e3,1.0,0.8576691730951878,0.58,%{cpu_percent: 45.0; memory_mb: 512},476500,12000,3,6,20,civ_adapt_gen56,0,100.0,0.05
57,2026-06-30T11:34:33.849000Z,10,200,10,10,6,0,10.0,0.8367158229615107,20,20,0,1.0,0.008,0.992,1.0,83.87,5.3e3,1.0,0.7655948832919781,0.585,%{cpu_percent: 45.0; memory_mb: 512},464500,12000,3,4,20,civ_adapt_gen57,0,100.0,0.05
58,2026-06-30T11:34:33.860000Z,6,200,10,10,6,0,10.0,0.8573530425075083,20,20,0,1.0,0.0087,0.991,1.0,88.46,5.3e3,1.0,0.8623196757841117,0.59,%{cpu_percent: 45.0; memory_mb: 512},452500,12000,3,6,20,civ_adapt_gen58,0,100.0,0.05
59,2026-06-30T11:34:33.884000Z,12,200,10,10,6,0,10.0,0.9101051415711435,20,20,0,1.0,0.0073,0.993,1.0,88.3,5.3e3,1.0,0.8589317544021953,0.595,%{cpu_percent: 45.0; memory_mb: 512},440500,12000,3,4,20,civ_adapt_gen59,0,100.0,0.05
60,2026-06-30T11:34:33.909000Z,10,200,10,10,6,0,10.0,0.8836273753108628,20,20,0,1.0,0.0074,0.993,1.0,86.44,5.3e3,1.0,0.8197316494569451,0.6,%{cpu_percent: 45.0; memory_mb: 512},428500,12000,3,6,20,civ_adapt_gen60,0,100.0,0.05
61,2026-06-30T11:34:33.930000Z,4,200,10,10,6,0,10.0,0.8613595303339797,20,20,0,1.0,0.0072,0.993,1.0,83.91,5.3e3,1.0,0.766603306570944,0.605,%{cpu_percent: 45.0; memory_mb: 512},416500,12000,3,3,20,civ_adapt_gen61,0,100.0,0.05
62,2026-06-30T11:34:33.961000Z,7,200,10,10,6,0,10.0,0.8128314480830328,20,20,0,1.0,0.0086,0.991,1.0,81.15,5.3e3,1.0,0.7084503368794489,0.61,%{cpu_percent: 45.0; memory_mb: 512},404500,12000,3,7,20,civ_adapt_gen62,0,100.0,0.05
63,2026-06-30T11:34:33.996000Z,2,200,10,10,6,0,10.0,0.9195413052568475,20,20,0,1.0,0.0097,0.99,1.0,85.35,5.3e3,1.0,0.7969064715467608,0.615,%{cpu_percent: 45.0; memory_mb: 512},392500,12000,3,4,20,civ_adapt_gen63,0,100.0,0.05
64,2026-06-30T11:34:34.021000Z,13,200,10,10,6,0,10.0,0.8911038589669221,20,20,0,1.0,0.0072,0.993,1.0,82.86,5.3e3,1.0,0.7443673713758351,0.62,%{cpu_percent: 45.0; memory_mb: 512},380500,12000,3,3,20,civ_adapt_gen64,0,100.0,0.05
65,2026-06-30T11:34:34.045000Z,17,200,10,10,6,0,10.0,0.8784290915097357,20,20,0,1.0,0.008,0.992,1.0,82.54,5.3e3,1.0,0.7377263496154655,0.625,%{cpu_percent: 45.0; memory_mb: 512},368500,12000,3,3,20,civ_adapt_gen65,0,100.0,0.05
66,2026-06-30T11:34:34.050000Z,2,200,10,10,6,0,10.0,0.9073910691602333,20,20,0,1.0,0.0064,0.994,1.0,84.83,5.3e3,1.0,0.7858317456265775,0.63,%{cpu_percent: 45.0; memory_mb: 512},356500,12000,3,4,20,civ_adapt_gen66,0,100.0,0.05
67,2026-06-30T11:34:34.090000Z,10,200,10,10,6,0,10.0,0.8638071174211241,20,20,0,1.0,0.0065,0.994,1.0,83.24,5.3e3,1.0,0.7523714203737732,0.635,%{cpu_percent: 45.0; memory_mb: 512},344500,12000,3,5,20,civ_adapt_gen67,0,100.0,0.05
68,2026-06-30T11:34:34.111000Z,6,200,10,10,6,0,10.0,0.9447011406158485,20,20,0,1.0,0.0067,0.993,1.0,89.8,5.3e3,1.0,0.8905552646255335,0.64,%{cpu_percent: 45.0; memory_mb: 512},332500,12000,3,3,20,civ_adapt_gen68,0,100.0,0.05
69,2026-06-30T11:34:34.133000Z,2,200,10,10,6,0,10.0,0.8189376936198911,20,20,0,1.0,0.0082,0.992,1.0,82.15,5.3e3,1.0,0.7294216466067311,0.645,%{cpu_percent: 45.0; memory_mb: 512},320500,12000,3,7,20,civ_adapt_gen69,0,100.0,0.05
70,2026-06-30T11:34:34.145000Z,2,200,10,10,6,0,10.0,0.8131711705281605,20,20,0,1.0,0.0083,0.992,1.0,86.63,5.3e3,1.0,0.8238239724068944,0.65,%{cpu_percent: 45.0; memory_mb: 512},308500,12000,3,4,20,civ_adapt_gen70,0,100.0,0.05
71,2026-06-30T11:34:34.211000Z,10,200,10,10,6,0,10.0,0.8397597785456032,20,20,0,1.0,0.0095,0.991,1.0,83.28,5.3e3,1.0,0.7531920996611496,0.655,%{cpu_percent: 45.0; memory_mb: 512},296500,12000,3,5,20,civ_adapt_gen71,0,100.0,0.05
72,2026-06-30T11:34:34.221000Z,6,200,10,10,6,0,10.0,0.8585444811237961,20,20,0,1.0,0.008,0.992,1.0,83.76,5.3e3,1.0,0.7633640460682037,0.66,%{cpu_percent: 45.0; memory_mb: 512},284500,12000,3,3,20,civ_adapt_gen72,0,100.0,0.05
73,2026-06-30T11:34:34.237000Z,4,200,10,10,6,0,10.0,0.8878506112767592,20,20,0,1.0,0.009,0.991,1.0,86.42,5.3e3,1.0,0.8193039978016909,0.665,%{cpu_percent: 45.0; memory_mb: 512},272500,12000,3,8,20,civ_adapt_gen73,0,100.0,0.05
74,2026-06-30T11:34:34.267000Z,9,200,10,10,6,0,10.0,0.9121051175783594,20,20,0,1.0,0.0077,0.992,1.0,81.97,5.3e3,1.0,0.7256654187835755,0.67,%{cpu_percent: 45.0; memory_mb: 512},260500,12000,3,7,20,civ_adapt_gen74,0,100.0,0.05
75,2026-06-30T11:34:34.298000Z,12,200,10,10,6,0,10.0,0.8906166388850433,20,20,0,1.0,0.0083,0.992,1.0,83.56,5.3e3,1.0,0.7590987526709265,0.675,%{cpu_percent: 45.0; memory_mb: 512},248500,12000,3,4,20,civ_adapt_gen75,0,100.0,0.05
76,2026-06-30T11:34:34.314000Z,9,200,10,10,6,0,10.0,0.8284153911178458,20,20,0,1.0,0.0088,0.991,1.0,81.91,5.3e3,1.0,0.7244051561732286,0.68,%{cpu_percent: 45.0; memory_mb: 512},236500,12000,3,3,20,civ_adapt_gen76,0,100.0,0.05
77,2026-06-30T11:34:34.342000Z,17,200,10,10,6,0,10.0,0.8291630795656328,20,20,0,1.0,0.0089,0.991,1.0,81.01,5.3e3,1.0,0.7055650379310088,0.685,%{cpu_percent: 45.0; memory_mb: 512},224500,12000,3,8,20,civ_adapt_gen77,0,100.0,0.05
78,2026-06-30T11:34:34.360000Z,7,200,10,10,6,0,10.0,0.9014868914909436,20,20,0,1.0,0.0076,0.992,1.0,87.94,5.3e3,1.0,0.8513972765261882,0.69,%{cpu_percent: 45.0; memory_mb: 512},212500,12000,3,4,20,civ_adapt_gen78,0,100.0,0.05
79,2026-06-30T11:34:34.384000Z,18,200,10,10,6,0,10.0,0.8694691203353233,20,20,0,1.0,0.0062,0.994,1.0,85.26,5.3e3,1.0,0.7950494150601822,0.695,%{cpu_percent: 45.0; memory_mb: 512},200500,12000,3,4,20,civ_adapt_gen79,0,100.0,0.05
80,2026-06-30T11:34:34.410000Z,12,200,10,10,6,0,10.0,0.9241760662354284,20,20,0,1.0,0.0068,0.993,1.0,80.79,5.3e3,1.0,0.7007377743556035,0.7,%{cpu_percent: 45.0; memory_mb: 512},188500,12000,3,4,20,civ_adapt_gen80,0,100.0,0.05
81,2026-06-30T11:34:34.444000Z,3,200,10,10,6,0,10.0,0.8588082844662324,20,20,0,1.0,0.0073,0.993,1.0,87.46,5.3e3,1.0,0.8412381578041467,0.705,%{cpu_percent: 45.0; memory_mb: 512},176500,12000,3,3,20,civ_adapt_gen81,0,100.0,0.05
82,2026-06-30T11:34:34.473000Z,2,200,10,10,6,0,10.0,0.8507919604900249,20,20,0,1.0,0.0081,0.992,1.0,88.89,5.3e3,1.0,0.8714012024891811,0.71,%{cpu_percent: 45.0; memory_mb: 512},164500,12000,3,7,20,civ_adapt_gen82,0,100.0,0.05
83,2026-06-30T11:34:34.483000Z,4,200,10,10,6,0,10.0,0.9301675009120914,20,20,0,1.0,0.0069,0.993,1.0,87.32,5.3e3,1.0,0.8382996179545844,0.715,%{cpu_percent: 45.0; memory_mb: 512},152500,12000,3,6,20,civ_adapt_gen83,0,100.0,0.05
84,2026-06-30T11:34:34.510000Z,13,200,10,10,6,0,10.0,0.9108077650232914,20,20,0,1.0,0.0078,0.992,1.0,81.85,5.3e3,1.0,0.7231981574715941,0.72,%{cpu_percent: 45.0; memory_mb: 512},140500,12000,3,5,20,civ_adapt_gen84,0,100.0,0.05
85,2026-06-30T11:34:34.524000Z,2,200,10,10,6,0,10.0,0.8830413887123,20,20,0,1.0,0.0089,0.991,1.0,88.09,5.3e3,1.0,0.8544807983386056,0.725,%{cpu_percent: 45.0; memory_mb: 512},128500,12000,3,3,20,civ_adapt_gen85,0,100.0,0.05
86,2026-06-30T11:34:34.553000Z,8,200,10,10,6,0,10.0,0.8927329999882603,20,20,0,1.0,0.0083,0.992,1.0,85.87,5.3e3,1.0,0.8078032595095699,0.73,%{cpu_percent: 45.0; memory_mb: 512},116500,12000,3,6,20,civ_adapt_gen86,0,100.0,0.05
87,2026-06-30T11:34:34.570000Z,6,200,10,10,6,0,10.0,0.8147545761130645,20,20,0,1.0,0.0073,0.993,1.0,89.68,5.3e3,1.0,0.8880770918811614,0.735,%{cpu_percent: 45.0; memory_mb: 512},104500,12000,3,8,20,civ_adapt_gen87,0,100.0,0.05
88,2026-06-30T11:34:34.600000Z,4,200,10,10,6,0,10.0,0.9021002723065634,20,20,0,1.0,0.008,0.992,1.0,83.0,5.3e3,1.0,0.7473792914875561,0.74,%{cpu_percent: 45.0; memory_mb: 512},92500,12000,3,7,20,civ_adapt_gen88,0,100.0,0.05
89,2026-06-30T11:34:34.610000Z,6,200,10,10,6,0,10.0,0.9187894592659218,20,20,0,1.0,0.0073,0.993,1.0,88.66,5.3e3,1.0,0.866568308387987,0.745,%{cpu_percent: 45.0; memory_mb: 512},80500,12000,3,7,20,civ_adapt_gen89,0,100.0,0.05
90,2026-06-30T11:34:34.643000Z,3,200,10,10,6,0,10.0,0.9306783271593716,20,20,0,1.0,0.0055,0.995,1.0,89.84,5.3e3,1.0,0.8914646071194153,0.75,%{cpu_percent: 45.0; memory_mb: 512},68500,12000,3,7,20,civ_adapt_gen90,0,100.0,0.05
91,2026-06-30T11:34:34.713000Z,8,200,10,10,6,0,10.0,0.8731429898034715,20,20,0,1.0,0.0075,0.993,1.0,86.06,5.3e3,1.0,0.811820560814972,0.755,%{cpu_percent: 45.0; memory_mb: 512},56500,12000,3,3,20,civ_adapt_gen91,0,100.0,0.05
92,2026-06-30T11:34:34.725000Z,8,200,10,10,6,0,10.0,0.8406447438463887,20,20,0,1.0,0.0084,0.992,1.0,85.98,5.3e3,1.0,0.8101966766258231,0.76,%{cpu_percent: 45.0; memory_mb: 512},44500,12000,3,5,20,civ_adapt_gen92,0,100.0,0.05
93,2026-06-30T11:34:34.742000Z,5,200,10,10,6,0,10.0,0.8099751295741848,20,20,0,1.0,0.0088,0.991,1.0,83.57,5.3e3,1.0,0.7593169083736531,0.765,%{cpu_percent: 45.0; memory_mb: 512},32500,12000,3,6,20,civ_adapt_gen93,0,100.0,0.05
94,2026-06-30T11:34:34.762000Z,3,200,10,10,6,0,10.0,0.9066589170875897,20,20,0,1.0,0.0059,0.994,1.0,81.13,5.3e3,1.0,0.7079267421120796,0.77,%{cpu_percent: 45.0; memory_mb: 512},20500,12000,3,8,20,civ_adapt_gen94,0,100.0,0.05
95,2026-06-30T11:34:34.779000Z,2,200,10,10,6,0,10.0,0.8625328938340688,20,20,0,1.0,0.0072,0.993,1.0,83.57,5.3e3,1.0,0.7592858492066711,0.775,%{cpu_percent: 45.0; memory_mb: 512},8500,12000,3,8,20,civ_adapt_gen95,0,100.0,0.05
96,2026-06-30T11:34:34.806000Z,2,200,10,10,6,0,10.0,0.8277683116331559,20,20,0,1.0,0.0087,0.991,1.0,88.04,5.3e3,1.0,0.8534925228119308,0.78,%{cpu_percent: 45.0; memory_mb: 512},0,12000,3,7,20,civ_adapt_gen96,0,100.0,0.05
97,2026-06-30T11:34:34.829000Z,4,200,10,10,6,0,10.0,0.9294764968993858,20,20,0,1.0,0.008,0.992,1.0,85.45,5.3e3,1.0,0.7990443503955369,0.785,%{cpu_percent: 45.0; memory_mb: 512},0,12000,3,6,20,civ_adapt_gen97,0,100.0,0.05
98,2026-06-30T11:34:34.840000Z,8,200,10,10,6,0,10.0,0.8823230340331574,20,20,0,1.0,0.0078,0.992,1.0,88.03,5.3e3,1.0,0.8532941864773523,0.79,%{cpu_percent: 45.0; memory_mb: 512},0,12000,3,8,20,civ_adapt_gen98,0,100.0,0.05
99,2026-06-30T11:34:34.860000Z,3,200,10,10,6,0,10.0,0.946346771718976,20,20,0,1.0,0.0064,0.994,1.0,81.82,5.3e3,1.0,0.7224349026064614,0.795,%{cpu_percent: 45.0; memory_mb: 512},0,12000,3,8,20,civ_adapt_gen99,0,100.0,0.05
100,2026-06-30T11:34:34.897000Z,2,200,10,10,6,0,10.0,0.9035883354841983,20,20,0,1.0,0.0063,0.994,1.0,81.02,5.3e3,1.0,0.7057219508964475,0.8,%{cpu_percent: 45.0; memory_mb: 512},0,12000,3,5,20,civ_adapt_gen100,0,100.0,0.05
1,2026-06-30T11:39:25.981000Z,7,200,10,10,6,0,10.0,0.8919090398575531,20,0,20,0.0,0.006,0.994,1.0,0.0,1.3e3,1.0,0.7533356111177513,0.305,%{cpu_percent: 45.0; memory_mb: 512},998000,2000,3,6,20,civ_adapt_gen1,0,100.0,0.05
2,2026-06-30T11:39:26.006000Z,9,200,10,10,6,0,10.0,0.8052923984521559,20,0,20,0.0,0.0069,0.993,1.0,0.0,1.3e3,1.0,0.7809254887924725,0.31,%{cpu_percent: 45.0; memory_mb: 512},996000,2000,3,5,20,civ_adapt_gen2,0,100.0,0.05
3,2026-06-30T11:39:26.029000Z,2,200,10,10,6,0,10.0,0.8585295707480856,20,0,20,0.0,0.0071,0.993,1.0,0.0,1.3e3,1.0,0.7428939068086328,0.315,%{cpu_percent: 45.0; memory_mb: 512},994000,2000,3,8,20,civ_adapt_gen3,0,100.0,0.05
4,2026-06-30T11:39:26.045000Z,6,200,10,10,6,0,10.0,0.9402857787153369,20,0,20,0.0,0.007,0.993,1.0,0.0,1.3e3,1.0,0.8098737622627259,0.32,%{cpu_percent: 45.0; memory_mb: 512},992000,2000,3,4,20,civ_adapt_gen4,0,100.0,0.05
5,2026-06-30T11:39:26.064000Z,3,200,10,10,6,0,10.0,0.9112057725327414,20,0,20,0.0,0.0079,0.992,1.0,0.0,1.3e3,1.0,0.7766607783038297,0.325,%{cpu_percent: 45.0; memory_mb: 512},990000,2000,3,5,20,civ_adapt_gen5,0,100.0,0.05
6,2026-06-30T11:39:26.101000Z,22,200,10,10,6,0,10.0,0.8848642287040592,20,0,20,0.0,0.0088,0.991,1.0,0.0,1.3e3,1.0,0.8720085849129631,0.33,%{cpu_percent: 45.0; memory_mb: 512},988000,2000,3,5,20,civ_adapt_gen6,0,100.0,0.05
7,2026-06-30T11:39:26.115000Z,3,200,10,10,6,0,10.0,0.9494179059882052,20,0,20,0.0,0.0084,0.992,1.0,0.0,1.3e3,1.0,0.8712493487290637,0.335,%{cpu_percent: 45.0; memory_mb: 512},986000,2000,3,5,20,civ_adapt_gen7,0,100.0,0.05
8,2026-06-30T11:39:26.140000Z,4,200,10,10,6,0,10.0,0.8056628301836096,20,0,20,0.0,0.0078,0.992,1.0,0.0,1.3e3,1.0,0.7389559857537313,0.34,%{cpu_percent: 45.0; memory_mb: 512},984000,2000,3,8,20,civ_adapt_gen8,0,100.0,0.05
9,2026-06-30T11:39:26.163000Z,2,200,10,10,6,0,10.0,0.8804229473422097,20,0,20,0.0,0.0087,0.991,1.0,0.0,1.3e3,1.0,0.8138552327028638,0.345,%{cpu_percent: 45.0; memory_mb: 512},982000,2000,3,6,20,civ_adapt_gen9,0,100.0,0.05
10,2026-06-30T11:39:26.185000Z,3,200,10,10,6,0,10.0,0.845468200622563,20,0,20,0.0,0.008,0.992,1.0,0.0,1.3e3,1.0,0.8398294737044901,0.35,%{cpu_percent: 45.0; memory_mb: 512},980000,2000,3,8,20,civ_adapt_gen10,0,100.0,0.05
11,2026-06-30T11:39:26.234000Z,2,200,10,10,6,0,10.0,0.9448574438166646,20,1,19,0.05,0.0076,0.992,1.0,0.22,1.5e3,1.0,0.873307677292845,0.355,%{cpu_percent: 45.0; memory_mb: 512},977500,2500,3,4,20,civ_adapt_gen11,0,100.0,0.05
12,2026-06-30T11:39:26.246000Z,2,200,10,10,6,0,10.0,0.8974656191636181,20,3,17,0.15,0.0074,0.993,1.0,1.96,1.9e3,1.0,0.8303403309840671,0.36,%{cpu_percent: 45.0; memory_mb: 512},974000,3500,3,7,20,civ_adapt_gen12,0,100.0,0.05
13,2026-06-30T11:39:26.272000Z,7,200,10,10,6,0,10.0,0.8549249908102158,20,11,9,0.55,0.0081,0.992,1.0,25.69,3.5e3,1.0,0.7881432246232354,0.365,%{cpu_percent: 45.0; memory_mb: 512},966500,7500,3,5,20,civ_adapt_gen13,0,100.0,0.05
14,2026-06-30T11:39:26.286000Z,3,200,10,10,6,0,10.0,0.860274359216813,20,8,12,0.4,0.0082,0.992,1.0,14.1,2.9e3,1.0,0.854984762235554,0.37,%{cpu_percent: 45.0; memory_mb: 512},960500,6000,3,3,20,civ_adapt_gen14,0,100.0,0.05
15,2026-06-30T11:39:26.308000Z,3,200,10,10,6,0,10.0,0.8527435500194145,20,14,6,0.7,0.0059,0.994,1.0,44.14,4.1e3,1.0,0.8964723138654835,0.375,%{cpu_percent: 45.0; memory_mb: 512},951500,9000,3,6,20,civ_adapt_gen15,0,100.0,0.05
16,2026-06-30T11:39:26.341000Z,8,200,10,10,6,0,10.0,0.8923963543044934,20,13,7,0.65,0.0083,0.992,1.0,36.44,3.9e3,1.0,0.8157028532760269,0.38,%{cpu_percent: 45.0; memory_mb: 512},943000,8500,3,7,20,civ_adapt_gen16,0,100.0,0.05
17,2026-06-30T11:39:26.364000Z,9,200,10,10,6,0,10.0,0.8284395412690708,20,13,7,0.65,0.0082,0.992,1.0,37.66,3.9e3,1.0,0.8763361052741431,0.385,%{cpu_percent: 45.0; memory_mb: 512},934500,8500,3,5,20,civ_adapt_gen17,0,100.0,0.05
18,2026-06-30T11:39:26.390000Z,7,200,10,10,6,0,10.0,0.9243246104562514,20,17,3,0.85,0.0076,0.992,1.0,61.92,4.7e3,1.0,0.8041268921495222,0.39,%{cpu_percent: 45.0; memory_mb: 512},924000,10500,3,7,20,civ_adapt_gen18,0,100.0,0.05
19,2026-06-30T11:39:26.411000Z,5,200,10,10,6,0,10.0,0.818307639742123,20,16,4,0.8,0.0093,0.991,1.0,54.8,4.5e3,1.0,0.8027116157489282,0.395,%{cpu_percent: 45.0; memory_mb: 512},914000,10000,3,5,20,civ_adapt_gen19,0,100.0,0.05
20,2026-06-30T11:39:26.450000Z,5,200,10,10,6,0,10.0,0.8294044433540319,20,20,0,1.0,0.0064,0.994,1.0,85.01,5.3e3,1.0,0.7897421848555828,0.4,%{cpu_percent: 45.0; memory_mb: 512},902000,12000,3,4,20,civ_adapt_gen20,0,100.0,0.05
21,2026-06-30T11:39:26.494000Z,3,200,10,10,6,0,10.0,0.8503784771697509,20,20,0,1.0,0.0082,0.992,1.0,87.96,5.3e3,1.0,0.8517162276334482,0.405,%{cpu_percent: 45.0; memory_mb: 512},890000,12000,3,7,20,civ_adapt_gen21,0,100.0,0.05
22,2026-06-30T11:39:26.514000Z,7,200,10,10,6,0,10.0,0.807307062695944,20,20,0,1.0,0.0063,0.994,1.0,81.03,5.3e3,1.0,0.7059598221190536,0.41,%{cpu_percent: 45.0; memory_mb: 512},878000,12000,3,5,20,civ_adapt_gen22,0,100.0,0.05
23,2026-06-30T11:39:26.548000Z,11,200,10,10,6,0,10.0,0.9232915339265194,20,20,0,1.0,0.0061,0.994,1.0,87.19,5.3e3,1.0,0.8356132932809344,0.415,%{cpu_percent: 45.0; memory_mb: 512},866000,12000,3,7,20,civ_adapt_gen23,0,100.0,0.05
24,2026-06-30T11:39:26.596000Z,31,200,10,10,6,0,10.0,0.9020471581838927,20,20,0,1.0,0.0091,0.991,1.0,81.65,5.3e3,1.0,0.718994226995321,0.42,%{cpu_percent: 45.0; memory_mb: 512},854000,12000,3,3,20,civ_adapt_gen24,0,100.0,0.05
25,2026-06-30T11:39:26.631000Z,9,200,10,10,6,0,10.0,0.8860530553272647,20,20,0,1.0,0.009,0.991,1.0,89.19,5.3e3,1.0,0.8776511437099312,0.425,%{cpu_percent: 45.0; memory_mb: 512},842000,12000,3,4,20,civ_adapt_gen25,0,100.0,0.05
26,2026-06-30T11:39:26.647000Z,4,200,10,10,6,0,10.0,0.8828979580634889,20,20,0,1.0,0.0076,0.992,1.0,85.13,5.3e3,1.0,0.7923091080667863,0.43,%{cpu_percent: 45.0; memory_mb: 512},830000,12000,3,8,20,civ_adapt_gen26,0,100.0,0.05
27,2026-06-30T11:39:26.693000Z,12,200,10,10,6,0,10.0,0.8531525505209969,20,20,0,1.0,0.0069,0.993,1.0,89.58,5.3e3,1.0,0.8858167756469353,0.435,%{cpu_percent: 45.0; memory_mb: 512},818000,12000,3,7,20,civ_adapt_gen27,0,100.0,0.05
28,2026-06-30T11:39:26.721000Z,7,200,10,10,6,0,10.0,0.9449253352037412,20,20,0,1.0,0.0091,0.991,1.0,82.9,5.3e3,1.0,0.7453313133516009,0.44,%{cpu_percent: 45.0; memory_mb: 512},806000,12000,3,4,20,civ_adapt_gen28,0,100.0,0.05
29,2026-06-30T11:39:26.765000Z,21,200,10,10,6,0,10.0,0.9039128504770491,20,20,0,1.0,0.0061,0.994,1.0,88.73,5.3e3,1.0,0.8680267539385733,0.445,%{cpu_percent: 45.0; memory_mb: 512},794000,12000,3,4,20,civ_adapt_gen29,0,100.0,0.05
30,2026-06-30T11:39:26.804000Z,18,200,10,10,6,0,10.0,0.8629374117956032,20,20,0,1.0,0.0074,0.993,1.0,81.02,5.3e3,1.0,0.7056172822046098,0.45,%{cpu_percent: 45.0; memory_mb: 512},782000,12000,3,4,20,civ_adapt_gen30,0,100.0,0.05
31,2026-06-30T11:39:26.869000Z,16,200,10,10,6,0,10.0,0.807932256230415,20,20,0,1.0,0.0074,0.993,1.0,82.93,5.3e3,1.0,0.7458470465725844,0.455,%{cpu_percent: 45.0; memory_mb: 512},770000,12000,3,4,20,civ_adapt_gen31,0,100.0,0.05
32,2026-06-30T11:39:26.884000Z,3,200,10,10,6,0,10.0,0.9088287764622254,20,20,0,1.0,0.009,0.991,1.0,81.16,5.3e3,1.0,0.7085839593171069,0.46,%{cpu_percent: 45.0; memory_mb: 512},758000,12000,3,5,20,civ_adapt_gen32,0,100.0,0.05
33,2026-06-30T11:39:26.914000Z,8,200,10,10,6,0,10.0,0.905635425312685,20,20,0,1.0,0.0078,0.992,1.0,81.37,5.3e3,1.0,0.7131301390890387,0.465,%{cpu_percent: 45.0; memory_mb: 512},746000,12000,3,8,20,civ_adapt_gen33,0,100.0,0.05
34,2026-06-30T11:39:26.932000Z,2,200,10,10,6,0,10.0,0.887331254886446,20,20,0,1.0,0.0083,0.992,1.0,85.33,5.3e3,1.0,0.7963538545673399,0.47,%{cpu_percent: 45.0; memory_mb: 512},734000,12000,3,4,20,civ_adapt_gen34,0,100.0,0.05
35,2026-06-30T11:39:26.953000Z,3,200,10,10,6,0,10.0,0.8998110155626379,20,20,0,1.0,0.0074,0.993,1.0,82.92,5.3e3,1.0,0.7455821092054123,0.475,%{cpu_percent: 45.0; memory_mb: 512},722000,12000,3,8,20,civ_adapt_gen35,0,100.0,0.05
36,2026-06-30T11:39:26.978000Z,2,200,10,10,6,0,10.0,0.8364031066633468,20,20,0,1.0,0.0088,0.991,1.0,84.18,5.3e3,1.0,0.7721112505098534,0.48,%{cpu_percent: 45.0; memory_mb: 512},710000,12000,3,4,20,civ_adapt_gen36,0,100.0,0.05
37,2026-06-30T11:39:27.005000Z,10,200,10,10,6,0,10.0,0.8639425689767781,20,20,0,1.0,0.0078,0.992,1.0,88.63,5.3e3,1.0,0.8659727246792147,0.485,%{cpu_percent: 45.0; memory_mb: 512},698000,12000,3,4,20,civ_adapt_gen37,0,100.0,0.05
38,2026-06-30T11:39:27.032000Z,7,200,10,10,6,0,10.0,0.9403319996190398,20,20,0,1.0,0.0072,0.993,1.0,86.78,5.3e3,1.0,0.8269353125769929,0.49,%{cpu_percent: 45.0; memory_mb: 512},686000,12000,3,3,20,civ_adapt_gen38,0,100.0,0.05
39,2026-06-30T11:39:27.050000Z,3,200,10,10,6,0,10.0,0.8103964402009093,20,20,0,1.0,0.0076,0.992,1.0,87.25,5.3e3,1.0,0.836943575273739,0.495,%{cpu_percent: 45.0; memory_mb: 512},674000,12000,3,4,20,civ_adapt_gen39,0,100.0,0.05
40,2026-06-30T11:39:27.070000Z,3,200,10,10,6,0,10.0,0.8565811004244579,20,20,0,1.0,0.0081,0.992,1.0,86.71,5.3e3,1.0,0.8255346802695125,0.5,%{cpu_percent: 45.0; memory_mb: 512},662000,12000,3,5,20,civ_adapt_gen40,0,100.0,0.05
41,2026-06-30T11:39:27.131000Z,19,200,10,10,6,0,10.0,0.8455743716476951,20,20,0,1.0,0.0094,0.991,1.0,81.07,5.3e3,1.0,0.706785206126623,0.505,%{cpu_percent: 45.0; memory_mb: 512},650000,12000,3,3,20,civ_adapt_gen41,0,100.0,0.05
42,2026-06-30T11:39:27.150000Z,6,200,10,10,6,0,10.0,0.8334490180741569,20,20,0,1.0,0.0091,0.991,1.0,89.65,5.3e3,1.0,0.8873420757725803,0.51,%{cpu_percent: 45.0; memory_mb: 512},638000,12000,3,3,20,civ_adapt_gen42,0,100.0,0.05
43,2026-06-30T11:39:27.171000Z,8,200,10,10,6,0,10.0,0.8970899747574935,20,20,0,1.0,0.0068,0.993,1.0,81.04,5.3e3,1.0,0.7061807165971733,0.515,%{cpu_percent: 45.0; memory_mb: 512},626000,12000,3,5,20,civ_adapt_gen43,0,100.0,0.05
44,2026-06-30T11:39:27.194000Z,10,200,10,10,6,0,10.0,0.8904603565042897,20,20,0,1.0,0.008,0.992,1.0,82.48,5.3e3,1.0,0.7364875327446276,0.52,%{cpu_percent: 45.0; memory_mb: 512},614000,12000,3,8,20,civ_adapt_gen44,0,100.0,0.05
45,2026-06-30T11:39:27.213000Z,7,200,10,10,6,0,10.0,0.8019665373046638,20,20,0,1.0,0.0071,0.993,1.0,89.69,5.3e3,1.0,0.8881396244128668,0.525,%{cpu_percent: 45.0; memory_mb: 512},602000,12000,3,8,20,civ_adapt_gen45,0,100.0,0.05
46,2026-06-30T11:39:27.234000Z,3,200,10,10,6,0,10.0,0.9119791928890695,20,20,0,1.0,0.0063,0.994,1.0,89.69,5.3e3,1.0,0.888153557526743,0.53,%{cpu_percent: 45.0; memory_mb: 512},590000,12000,3,8,20,civ_adapt_gen46,0,100.0,0.05
47,2026-06-30T11:39:27.256000Z,8,200,10,10,6,0,10.0,0.8621596181135908,20,20,0,1.0,0.007,0.993,1.0,81.16,5.3e3,1.0,0.7086821308292276,0.535,%{cpu_percent: 45.0; memory_mb: 512},578000,12000,3,6,20,civ_adapt_gen47,0,100.0,0.05
48,2026-06-30T11:39:27.276000Z,3,200,10,10,6,0,10.0,0.8895098363782121,20,20,0,1.0,0.0079,0.992,1.0,82.51,5.3e3,1.0,0.7370679079091232,0.54,%{cpu_percent: 45.0; memory_mb: 512},566000,12000,3,7,20,civ_adapt_gen48,0,100.0,0.05
49,2026-06-30T11:39:27.300000Z,3,200,10,10,6,0,10.0,0.8527041597029877,20,20,0,1.0,0.0075,0.993,1.0,88.83,5.3e3,1.0,0.8701101426840916,0.545,%{cpu_percent: 45.0; memory_mb: 512},554000,12000,3,5,20,civ_adapt_gen49,0,100.0,0.05
50,2026-06-30T11:39:27.319000Z,4,200,10,10,6,0,10.0,0.8198370608666014,20,20,0,1.0,0.0074,0.993,1.0,85.92,5.3e3,1.0,0.8088388607808646,0.55,%{cpu_percent: 45.0; memory_mb: 512},542000,12000,3,8,20,civ_adapt_gen50,0,100.0,0.05
51,2026-06-30T11:39:27.353000Z,10,200,10,10,6,0,10.0,0.8962306020312487,20,20,0,1.0,0.0084,0.992,1.0,84.59,5.3e3,1.0,0.7808529642037316,0.555,%{cpu_percent: 45.0; memory_mb: 512},530000,12000,3,8,20,civ_adapt_gen51,0,100.0,0.05
52,2026-06-30T11:39:27.365000Z,2,200,10,10,6,0,10.0,0.913215529622266,20,20,0,1.0,0.0079,0.992,1.0,85.17,5.3e3,1.0,0.7930960479951126,0.56,%{cpu_percent: 45.0; memory_mb: 512},518000,12000,3,7,20,civ_adapt_gen52,0,100.0,0.05
53,2026-06-30T11:39:27.389000Z,3,200,10,10,6,0,10.0,0.9041684677114309,20,20,0,1.0,0.0071,0.993,1.0,87.07,5.3e3,1.0,0.8330202938227771,0.565,%{cpu_percent: 45.0; memory_mb: 512},506000,12000,3,3,20,civ_adapt_gen53,0,100.0,0.05
54,2026-06-30T11:39:27.409000Z,4,200,10,10,6,0,10.0,0.8944039000482618,20,20,0,1.0,0.0079,0.992,1.0,88.62,5.3e3,1.0,0.8657227913748066,0.57,%{cpu_percent: 45.0; memory_mb: 512},494000,12000,3,8,20,civ_adapt_gen54,0,100.0,0.05
55,2026-06-30T11:39:27.432000Z,2,200,10,10,6,0,10.0,0.9246295141700832,20,20,0,1.0,0.0069,0.993,1.0,88.96,5.3e3,1.0,0.8728637232129017,0.575,%{cpu_percent: 45.0; memory_mb: 512},482000,12000,3,6,20,civ_adapt_gen55,0,100.0,0.05
56,2026-06-30T11:39:27.452000Z,3,200,10,10,6,0,10.0,0.8516207980488861,20,20,0,1.0,0.008,0.992,1.0,81.99,5.3e3,1.0,0.7261409841709953,0.58,%{cpu_percent: 45.0; memory_mb: 512},470000,12000,3,8,20,civ_adapt_gen56,0,100.0,0.05
57,2026-06-30T11:39:27.478000Z,3,200,10,10,6,0,10.0,0.8755674433796959,20,20,0,1.0,0.0075,0.993,1.0,81.48,5.3e3,1.0,0.7154534051806974,0.585,%{cpu_percent: 45.0; memory_mb: 512},458000,12000,3,4,20,civ_adapt_gen57,0,100.0,0.05
58,2026-06-30T11:39:27.496000Z,2,200,10,10,6,0,10.0,0.8558594118717524,20,20,0,1.0,0.0067,0.993,1.0,84.25,5.3e3,1.0,0.7737811179572703,0.59,%{cpu_percent: 45.0; memory_mb: 512},446000,12000,3,7,20,civ_adapt_gen58,0,100.0,0.05
59,2026-06-30T11:39:27.520000Z,4,200,10,10,6,0,10.0,0.8575853607848314,20,20,0,1.0,0.0068,0.993,1.0,88.29,5.3e3,1.0,0.858735525487746,0.595,%{cpu_percent: 45.0; memory_mb: 512},434000,12000,3,8,20,civ_adapt_gen59,0,100.0,0.05
60,2026-06-30T11:39:27.536000Z,3,200,10,10,6,0,10.0,0.8736769739721422,20,20,0,1.0,0.007,0.993,1.0,81.66,5.3e3,1.0,0.7190571794144289,0.6,%{cpu_percent: 45.0; memory_mb: 512},422000,12000,3,3,20,civ_adapt_gen60,0,100.0,0.05
61,2026-06-30T11:39:27.567000Z,6,200,10,10,6,0,10.0,0.8647474454017843,20,20,0,1.0,0.0082,0.992,1.0,86.47,5.3e3,1.0,0.8205052973339308,0.605,%{cpu_percent: 45.0; memory_mb: 512},410000,12000,3,4,20,civ_adapt_gen61,0,100.0,0.05
62,2026-06-30T11:39:27.607000Z,27,200,10,10,6,0,10.0,0.9202230996407742,20,20,0,1.0,0.0088,0.991,1.0,87.49,5.3e3,1.0,0.841871073699676,0.61,%{cpu_percent: 45.0; memory_mb: 512},398000,12000,3,7,20,civ_adapt_gen62,0,100.0,0.05
63,2026-06-30T11:39:27.615000Z,2,200,10,10,6,0,10.0,0.8654163804552434,20,20,0,1.0,0.0081,0.992,1.0,85.35,5.3e3,1.0,0.7967675744379714,0.615,%{cpu_percent: 45.0; memory_mb: 512},386000,12000,3,3,20,civ_adapt_gen63,0,100.0,0.05
64,2026-06-30T11:39:27.641000Z,4,200,10,10,6,0,10.0,0.8080161840335831,20,20,0,1.0,0.0066,0.993,1.0,81.45,5.3e3,1.0,0.71477461960666,0.62,%{cpu_percent: 45.0; memory_mb: 512},374000,12000,3,3,20,civ_adapt_gen64,0,100.0,0.05
65,2026-06-30T11:39:27.657000Z,2,200,10,10,6,0,10.0,0.9483033855621934,20,20,0,1.0,0.0066,0.993,1.0,88.22,5.3e3,1.0,0.857352185256891,0.625,%{cpu_percent: 45.0; memory_mb: 512},362000,12000,3,6,20,civ_adapt_gen65,0,100.0,0.05
66,2026-06-30T11:39:27.681000Z,4,200,10,10,6,0,10.0,0.8480635896822011,20,20,0,1.0,0.007,0.993,1.0,88.6,5.3e3,1.0,0.8653146654189285,0.63,%{cpu_percent: 45.0; memory_mb: 512},350000,12000,3,8,20,civ_adapt_gen66,0,100.0,0.05
67,2026-06-30T11:39:27.723000Z,2,200,10,10,6,0,10.0,0.8068309788104544,20,20,0,1.0,0.0076,0.992,1.0,80.98,5.3e3,1.0,0.7049365256445415,0.635,%{cpu_percent: 45.0; memory_mb: 512},338000,12000,3,7,20,civ_adapt_gen67,0,100.0,0.05
68,2026-06-30T11:39:27.748000Z,2,200,10,10,6,0,10.0,0.86592059932035,20,20,0,1.0,0.0068,0.993,1.0,87.53,5.3e3,1.0,0.8427183068841749,0.64,%{cpu_percent: 45.0; memory_mb: 512},326000,12000,3,5,20,civ_adapt_gen68,0,100.0,0.05
69,2026-06-30T11:39:27.775000Z,4,200,10,10,6,0,10.0,0.8254973307959916,20,20,0,1.0,0.0057,0.994,1.0,81.28,5.3e3,1.0,0.7112471870522318,0.645,%{cpu_percent: 45.0; memory_mb: 512},314000,12000,3,3,20,civ_adapt_gen69,0,100.0,0.05
70,2026-06-30T11:39:27.796000Z,6,200,10,10,6,0,10.0,0.8111959588200903,20,20,0,1.0,0.0062,0.994,1.0,81.66,5.3e3,1.0,0.7191726508349413,0.65,%{cpu_percent: 45.0; memory_mb: 512},302000,12000,3,8,20,civ_adapt_gen70,0,100.0,0.05
71,2026-06-30T11:39:27.820000Z,5,200,10,10,6,0,10.0,0.9167375647887419,20,20,0,1.0,0.0055,0.995,1.0,88.68,5.3e3,1.0,0.8668595722140494,0.655,%{cpu_percent: 45.0; memory_mb: 512},290000,12000,3,3,20,civ_adapt_gen71,0,100.0,0.05
72,2026-06-30T11:39:27.842000Z,10,200,10,10,6,0,10.0,0.8101146138444281,20,20,0,1.0,0.0068,0.993,1.0,86.12,5.3e3,1.0,0.8131282992714456,0.66,%{cpu_percent: 45.0; memory_mb: 512},278000,12000,3,5,20,civ_adapt_gen72,0,100.0,0.05
73,2026-06-30T11:39:27.856000Z,3,200,10,10,6,0,10.0,0.9081505425833207,20,20,0,1.0,0.0067,0.993,1.0,85.35,5.3e3,1.0,0.7968154526181845,0.665,%{cpu_percent: 45.0; memory_mb: 512},266000,12000,3,3,20,civ_adapt_gen73,0,100.0,0.05
74,2026-06-30T11:39:27.879000Z,7,200,10,10,6,0,10.0,0.8614263103869169,20,20,0,1.0,0.0076,0.992,1.0,83.47,5.3e3,1.0,0.7571968247362408,0.67,%{cpu_percent: 45.0; memory_mb: 512},254000,12000,3,6,20,civ_adapt_gen74,0,100.0,0.05
75,2026-06-30T11:39:27.897000Z,2,200,10,10,6,0,10.0,0.931080418558299,20,20,0,1.0,0.0088,0.991,1.0,85.28,5.3e3,1.0,0.7953153047589645,0.675,%{cpu_percent: 45.0; memory_mb: 512},242000,12000,3,4,20,civ_adapt_gen75,0,100.0,0.05
76,2026-06-30T11:39:27.914000Z,2,200,10,10,6,0,10.0,0.8558493879066477,20,20,0,1.0,0.0085,0.992,1.0,80.87,5.3e3,1.0,0.7025161129777721,0.68,%{cpu_percent: 45.0; memory_mb: 512},230000,12000,3,6,20,civ_adapt_gen76,0,100.0,0.05
77,2026-06-30T11:39:27.937000Z,2,200,10,10,6,0,10.0,0.8176510225347465,20,20,0,1.0,0.0077,0.992,1.0,84.14,5.3e3,1.0,0.7712694997001069,0.685,%{cpu_percent: 45.0; memory_mb: 512},218000,12000,3,7,20,civ_adapt_gen77,0,100.0,0.05
78,2026-06-30T11:39:27.963000Z,7,200,10,10,6,0,10.0,0.8538223402121948,20,20,0,1.0,0.0072,0.993,1.0,84.18,5.3e3,1.0,0.7722313292941345,0.69,%{cpu_percent: 45.0; memory_mb: 512},206000,12000,3,3,20,civ_adapt_gen78,0,100.0,0.05
79,2026-06-30T11:39:27.986000Z,5,200,10,10,6,0,10.0,0.8126028236582024,20,20,0,1.0,0.0072,0.993,1.0,87.81,5.3e3,1.0,0.84858358964942,0.695,%{cpu_percent: 45.0; memory_mb: 512},194000,12000,3,4,20,civ_adapt_gen79,0,100.0,0.05
80,2026-06-30T11:39:28.009000Z,3,200,10,10,6,0,10.0,0.827680892556576,20,20,0,1.0,0.0075,0.993,1.0,83.83,5.3e3,1.0,0.7647784700932226,0.7,%{cpu_percent: 45.0; memory_mb: 512},182000,12000,3,6,20,civ_adapt_gen80,0,100.0,0.05
81,2026-06-30T11:39:28.040000Z,3,200,10,10,6,0,10.0,0.9033346832543299,20,20,0,1.0,0.0072,0.993,1.0,85.74,5.3e3,1.0,0.8049771601832085,0.705,%{cpu_percent: 45.0; memory_mb: 512},170000,12000,3,7,20,civ_adapt_gen81,0,100.0,0.05
82,2026-06-30T11:39:28.070000Z,5,200,10,10,6,0,10.0,0.8443507187458281,20,20,0,1.0,0.0051,0.995,1.0,87.52,5.3e3,1.0,0.8424659981345952,0.71,%{cpu_percent: 45.0; memory_mb: 512},158000,12000,3,4,20,civ_adapt_gen82,0,100.0,0.05
83,2026-06-30T11:39:28.099000Z,3,200,10,10,6,0,10.0,0.8585685527378633,20,20,0,1.0,0.0064,0.994,1.0,89.42,5.3e3,1.0,0.8825686105387958,0.715,%{cpu_percent: 45.0; memory_mb: 512},146000,12000,3,7,20,civ_adapt_gen83,0,100.0,0.05
84,2026-06-30T11:39:28.116000Z,2,200,10,10,6,0,10.0,0.8707962440057387,20,20,0,1.0,0.0062,0.994,1.0,86.37,5.3e3,1.0,0.8182615478090944,0.72,%{cpu_percent: 45.0; memory_mb: 512},134000,12000,3,7,20,civ_adapt_gen84,0,100.0,0.05
85,2026-06-30T11:39:28.142000Z,5,200,10,10,6,0,10.0,0.8589293891923968,20,20,0,1.0,0.0081,0.992,1.0,87.48,5.3e3,1.0,0.8416250001049967,0.725,%{cpu_percent: 45.0; memory_mb: 512},122000,12000,3,7,20,civ_adapt_gen85,0,100.0,0.05
86,2026-06-30T11:39:28.162000Z,2,200,10,10,6,0,10.0,0.8256683378145538,20,20,0,1.0,0.0079,0.992,1.0,86.3,5.3e3,1.0,0.8169303489749808,0.73,%{cpu_percent: 45.0; memory_mb: 512},110000,12000,3,4,20,civ_adapt_gen86,0,100.0,0.05
87,2026-06-30T11:39:28.192000Z,11,200,10,10,6,0,10.0,0.901002480506734,20,20,0,1.0,0.0082,0.992,1.0,83.35,5.3e3,1.0,0.7547342581914543,0.735,%{cpu_percent: 45.0; memory_mb: 512},98000,12000,3,7,20,civ_adapt_gen87,0,100.0,0.05
88,2026-06-30T11:39:28.206000Z,3,200,10,10,6,0,10.0,0.8839422321318274,20,20,0,1.0,0.0093,0.991,1.0,82.63,5.3e3,1.0,0.7396119061660895,0.74,%{cpu_percent: 45.0; memory_mb: 512},86000,12000,3,8,20,civ_adapt_gen88,0,100.0,0.05
89,2026-06-30T11:39:28.233000Z,2,200,10,10,6,0,10.0,0.8570579930848826,20,20,0,1.0,0.0084,0.992,1.0,85.85,5.3e3,1.0,0.8073750500520098,0.745,%{cpu_percent: 45.0; memory_mb: 512},74000,12000,3,3,20,civ_adapt_gen89,0,100.0,0.05
90,2026-06-30T11:39:28.260000Z,3,200,10,10,6,0,10.0,0.9483376596782555,20,20,0,1.0,0.0077,0.992,1.0,85.71,5.3e3,1.0,0.8044821186149823,0.75,%{cpu_percent: 45.0; memory_mb: 512},62000,12000,3,6,20,civ_adapt_gen90,0,100.0,0.05
91,2026-06-30T11:39:28.286000Z,12,200,10,10,6,0,10.0,0.8772686631288745,20,20,0,1.0,0.0077,0.992,1.0,82.44,5.3e3,1.0,0.7354754935452061,0.755,%{cpu_percent: 45.0; memory_mb: 512},50000,12000,3,8,20,civ_adapt_gen91,0,100.0,0.05
92,2026-06-30T11:39:28.318000Z,4,200,10,10,6,0,10.0,0.8978027728991881,20,20,0,1.0,0.0043,0.996,1.0,83.82,5.3e3,1.0,0.7646948129542244,0.76,%{cpu_percent: 45.0; memory_mb: 512},38000,12000,3,8,20,civ_adapt_gen92,0,100.0,0.05
93,2026-06-30T11:39:28.342000Z,7,200,10,10,6,0,10.0,0.8332926738664204,20,20,0,1.0,0.0058,0.994,1.0,84.38,5.3e3,1.0,0.7764347673276327,0.765,%{cpu_percent: 45.0; memory_mb: 512},26000,12000,3,4,20,civ_adapt_gen93,0,100.0,0.05
94,2026-06-30T11:39:28.361000Z,3,200,10,10,6,0,10.0,0.9195583499767931,20,20,0,1.0,0.0073,0.993,1.0,82.93,5.3e3,1.0,0.7458611030696339,0.77,%{cpu_percent: 45.0; memory_mb: 512},14000,12000,3,5,20,civ_adapt_gen94,0,100.0,0.05
95,2026-06-30T11:39:28.390000Z,3,200,10,10,6,0,10.0,0.8969338072837434,20,20,0,1.0,0.0073,0.993,1.0,88.97,5.3e3,1.0,0.8730369280412711,0.775,%{cpu_percent: 45.0; memory_mb: 512},2000,12000,3,3,20,civ_adapt_gen95,0,100.0,0.05
96,2026-06-30T11:39:28.410000Z,4,200,10,10,6,0,10.0,0.8321108887951394,20,20,0,1.0,0.0088,0.991,1.0,87.46,5.3e3,1.0,0.8411951387689132,0.78,%{cpu_percent: 45.0; memory_mb: 512},0,12000,3,6,20,civ_adapt_gen96,0,100.0,0.05
97,2026-06-30T11:39:28.433000Z,3,200,10,10,6,0,10.0,0.8745619909825247,20,20,0,1.0,0.0062,0.994,1.0,81.76,5.3e3,1.0,0.7212154834260367,0.785,%{cpu_percent: 45.0; memory_mb: 512},0,12000,3,5,20,civ_adapt_gen97,0,100.0,0.05
98,2026-06-30T11:39:28.453000Z,3,200,10,10,6,0,10.0,0.8816654146154891,20,20,0,1.0,0.008,0.992,1.0,87.01,5.3e3,1.0,0.8318438820955059,0.79,%{cpu_percent: 45.0; memory_mb: 512},0,12000,3,7,20,civ_adapt_gen98,0,100.0,0.05
99,2026-06-30T11:39:28.474000Z,2,200,10,10,6,0,10.0,0.8753280703945896,20,20,0,1.0,0.008,0.992,1.0,82.3,5.3e3,1.0,0.7326872805347932,0.795,%{cpu_percent: 45.0; memory_mb: 512},0,12000,3,4,20,civ_adapt_gen99,0,100.0,0.05
100,2026-06-30T11:39:28.492000Z,3,200,10,10,6,0,10.0,0.9122147902788822,20,20,0,1.0,0.0089,0.991,1.0,82.38,5.3e3,1.0,0.7342673265541209,0.8,%{cpu_percent: 45.0; memory_mb: 512},0,12000,3,4,20,civ_adapt_gen100,0,100.0,0.05
