generation_number,timestamp,execution_duration_ms,episodes_created,discoveries_made,theories_formed,unknowns_resolved,research_debt,research_velocity,replication_success_rate,adaptations_evaluated,adaptations_adopted,adaptations_rejected,adaptation_success_rate,prediction_accuracy,prediction_calibration,prediction_reliability,civilization_adaptation_index,scientific_capital,institution_diversity,method_diversity,collaboration_density,resource_utilization,budget_remaining,credits_spent,canonical_transaction_count,stage3_results_count,stage4_results_count,stage5_result_id,constitutional_violations,lifecycle_completeness_pct,rollback_frequency
1,2026-06-30T10:42:48.509000Z,17,200,10,10,6,0,10.0,0.8115223526666027,20,0,20,0.0,0.0083,0.992,1.0,0.0,1.3e3,1.0,0.870389088789974,0.305,%{cpu_percent: 45.0; memory_mb: 512},998000,2000,3,6,20,civ_adapt_gen1,0,100.0,0.05
2,2026-06-30T10:42:48.537000Z,7,200,10,10,6,0,10.0,0.9168500096137291,20,0,20,0.0,0.007,0.993,1.0,0.0,1.3e3,1.0,0.7814599564486725,0.31,%{cpu_percent: 45.0; memory_mb: 512},996000,2000,3,7,20,civ_adapt_gen2,0,100.0,0.05
3,2026-06-30T10:42:48.557000Z,4,200,10,10,6,0,10.0,0.9034722016184666,20,0,20,0.0,0.008,0.992,1.0,0.0,1.3e3,1.0,0.8014248234199042,0.315,%{cpu_percent: 45.0; memory_mb: 512},994000,2000,3,8,20,civ_adapt_gen3,0,100.0,0.05
4,2026-06-30T10:42:48.572000Z,2,200,10,10,6,0,10.0,0.8041611704443619,20,0,20,0.0,0.0067,0.993,1.0,0.0,1.3e3,1.0,0.7591912894291698,0.32,%{cpu_percent: 45.0; memory_mb: 512},992000,2000,3,4,20,civ_adapt_gen4,0,100.0,0.05
5,2026-06-30T10:42:48.597000Z,2,200,10,10,6,0,10.0,0.9346980282158809,20,0,20,0.0,0.0078,0.992,1.0,0.0,1.3e3,1.0,0.7098278692963512,0.325,%{cpu_percent: 45.0; memory_mb: 512},990000,2000,3,7,20,civ_adapt_gen5,0,100.0,0.05
6,2026-06-30T10:42:48.627000Z,16,200,10,10,6,0,10.0,0.852693967175648,20,0,20,0.0,0.0069,0.993,1.0,0.0,1.3e3,1.0,0.7866415407024965,0.33,%{cpu_percent: 45.0; memory_mb: 512},988000,2000,3,7,20,civ_adapt_gen6,0,100.0,0.05
7,2026-06-30T10:42:48.645000Z,16,200,10,10,6,0,10.0,0.8571313233670868,20,0,20,0.0,0.0081,0.992,1.0,0.0,1.3e3,1.0,0.8676562806193696,0.335,%{cpu_percent: 45.0; memory_mb: 512},986000,2000,3,5,20,civ_adapt_gen7,0,100.0,0.05
8,2026-06-30T10:42:48.658000Z,2,200,10,10,6,0,10.0,0.8082179128106132,20,0,20,0.0,0.0083,0.992,1.0,0.0,1.3e3,1.0,0.8200964113003424,0.34,%{cpu_percent: 45.0; memory_mb: 512},984000,2000,3,6,20,civ_adapt_gen8,0,100.0,0.05
9,2026-06-30T10:42:48.674000Z,4,200,10,10,6,0,10.0,0.8965016381997196,20,0,20,0.0,0.0073,0.993,1.0,0.0,1.3e3,1.0,0.866948570050621,0.345,%{cpu_percent: 45.0; memory_mb: 512},982000,2000,3,8,20,civ_adapt_gen9,0,100.0,0.05
10,2026-06-30T10:42:48.704000Z,8,200,10,10,6,0,10.0,0.8155498363731827,20,0,20,0.0,0.0086,0.991,1.0,0.0,1.3e3,1.0,0.8722979483963805,0.35,%{cpu_percent: 45.0; memory_mb: 512},980000,2000,3,7,20,civ_adapt_gen10,0,100.0,0.05
11,2026-06-30T10:42:48.754000Z,2,200,10,10,6,0,10.0,0.8806041288534855,20,2,18,0.1,0.0097,0.99,1.0,0.9,1.7e3,1.0,0.8861280367772978,0.355,%{cpu_percent: 45.0; memory_mb: 512},977000,3000,3,5,20,civ_adapt_gen11,0,100.0,0.05
12,2026-06-30T10:42:48.778000Z,3,200,10,10,6,0,10.0,0.9188755473024262,20,6,14,0.3,0.0074,0.993,1.0,7.67,2.5e3,1.0,0.7951672520703865,0.36,%{cpu_percent: 45.0; memory_mb: 512},972000,5000,3,5,20,civ_adapt_gen12,0,100.0,0.05
13,2026-06-30T10:42:48.789000Z,2,200,10,10,6,0,10.0,0.8934868480118309,20,6,14,0.3,0.0073,0.993,1.0,7.45,2.5e3,1.0,0.743026264476612,0.365,%{cpu_percent: 45.0; memory_mb: 512},967000,5000,3,4,20,civ_adapt_gen13,0,100.0,0.05
14,2026-06-30T10:42:48.809000Z,2,200,10,10,6,0,10.0,0.8002209750727127,20,7,13,0.35,0.0078,0.992,1.0,10.13,2.7e3,1.0,0.7405097488254373,0.37,%{cpu_percent: 45.0; memory_mb: 512},961500,5500,3,5,20,civ_adapt_gen14,0,100.0,0.05
15,2026-06-30T10:42:48.878000Z,2,200,10,10,6,0,10.0,0.9015585146494391,20,7,13,0.35,0.0095,0.991,1.0,10.2,2.7e3,1.0,0.7528888241028995,0.375,%{cpu_percent: 45.0; memory_mb: 512},956000,5500,3,3,20,civ_adapt_gen15,0,100.0,0.05
16,2026-06-30T10:42:48.904000Z,12,200,10,10,6,0,10.0,0.8772029900384223,20,15,5,0.75,0.0074,0.993,1.0,50.44,4.3e3,1.0,0.8879774333545785,0.38,%{cpu_percent: 45.0; memory_mb: 512},946500,9500,3,4,20,civ_adapt_gen16,0,100.0,0.05
17,2026-06-30T10:42:48.919000Z,10,200,10,10,6,0,10.0,0.8055840092827479,20,18,2,0.9,0.0082,0.992,1.0,66.36,4.9e3,1.0,0.7247168072038099,0.385,%{cpu_percent: 45.0; memory_mb: 512},935500,11000,3,6,20,civ_adapt_gen17,0,100.0,0.05
18,2026-06-30T10:42:48.929000Z,2,200,10,10,6,0,10.0,0.9188564340883663,20,14,6,0.7,0.0066,0.993,1.0,41.5,4.1e3,1.0,0.7829594108522245,0.39,%{cpu_percent: 45.0; memory_mb: 512},926500,9000,3,6,20,civ_adapt_gen18,0,100.0,0.05
19,2026-06-30T10:42:48.951000Z,2,200,10,10,6,0,10.0,0.939640304352224,20,19,1,0.95,0.0074,0.993,1.0,74.27,5.1e3,1.0,0.7323934875367458,0.395,%{cpu_percent: 45.0; memory_mb: 512},915000,11500,3,7,20,civ_adapt_gen19,0,100.0,0.05
20,2026-06-30T10:42:48.975000Z,14,200,10,10,6,0,10.0,0.8508648502757676,20,20,0,1.0,0.0078,0.992,1.0,83.34,5.3e3,1.0,0.7544670910939859,0.4,%{cpu_percent: 45.0; memory_mb: 512},903000,12000,3,7,20,civ_adapt_gen20,0,100.0,0.05
21,2026-06-30T10:42:49.006000Z,11,200,10,10,6,0,10.0,0.9365527586134434,20,20,0,1.0,0.0066,0.993,1.0,80.76,5.3e3,1.0,0.7002318355074446,0.405,%{cpu_percent: 45.0; memory_mb: 512},891000,12000,3,8,20,civ_adapt_gen21,0,100.0,0.05
22,2026-06-30T10:42:49.023000Z,5,200,10,10,6,0,10.0,0.8123661614917524,20,20,0,1.0,0.0061,0.994,1.0,88.74,5.3e3,1.0,0.8681081573780907,0.41,%{cpu_percent: 45.0; memory_mb: 512},879000,12000,3,4,20,civ_adapt_gen22,0,100.0,0.05
23,2026-06-30T10:42:49.038000Z,2,200,10,10,6,0,10.0,0.8473208509257492,20,20,0,1.0,0.0072,0.993,1.0,84.28,5.3e3,1.0,0.7742428712133511,0.415,%{cpu_percent: 45.0; memory_mb: 512},867000,12000,3,3,20,civ_adapt_gen23,0,100.0,0.05
24,2026-06-30T10:42:49.059000Z,2,200,10,10,6,0,10.0,0.9059693924132725,20,20,0,1.0,0.0069,0.993,1.0,83.97,5.3e3,1.0,0.7678612405959819,0.42,%{cpu_percent: 45.0; memory_mb: 512},855000,12000,3,6,20,civ_adapt_gen24,0,100.0,0.05
25,2026-06-30T10:42:49.080000Z,5,200,10,10,6,0,10.0,0.8151298861071846,20,20,0,1.0,0.008,0.992,1.0,85.69,5.3e3,1.0,0.8040476390613335,0.425,%{cpu_percent: 45.0; memory_mb: 512},843000,12000,3,3,20,civ_adapt_gen25,0,100.0,0.05
26,2026-06-30T10:42:49.094000Z,6,200,10,10,6,0,10.0,0.9304275850886374,20,20,0,1.0,0.0064,0.994,1.0,84.41,5.3e3,1.0,0.7770685899376969,0.43,%{cpu_percent: 45.0; memory_mb: 512},831000,12000,3,5,20,civ_adapt_gen26,0,100.0,0.05
27,2026-06-30T10:42:49.122000Z,4,200,10,10,6,0,10.0,0.8054272911060505,20,20,0,1.0,0.0072,0.993,1.0,87.6,5.3e3,1.0,0.8442590021899071,0.435,%{cpu_percent: 45.0; memory_mb: 512},819000,12000,3,4,20,civ_adapt_gen27,0,100.0,0.05
28,2026-06-30T10:42:49.158000Z,14,200,10,10,6,0,10.0,0.8643132859462024,20,20,0,1.0,0.008,0.992,1.0,88.46,5.3e3,1.0,0.8622612352159273,0.44,%{cpu_percent: 45.0; memory_mb: 512},807000,12000,3,7,20,civ_adapt_gen28,0,100.0,0.05
29,2026-06-30T10:42:49.163000Z,2,200,10,10,6,0,10.0,0.8211983522468863,20,20,0,1.0,0.0076,0.992,1.0,85.22,5.3e3,1.0,0.7940126708904327,0.445,%{cpu_percent: 45.0; memory_mb: 512},795000,12000,3,6,20,civ_adapt_gen29,0,100.0,0.05
30,2026-06-30T10:42:49.187000Z,2,200,10,10,6,0,10.0,0.940412421861013,20,20,0,1.0,0.0066,0.993,1.0,89.73,5.3e3,1.0,0.8889532177568231,0.45,%{cpu_percent: 45.0; memory_mb: 512},783000,12000,3,7,20,civ_adapt_gen30,0,100.0,0.05
31,2026-06-30T10:42:49.209000Z,6,200,10,10,6,0,10.0,0.9439378633543443,20,20,0,1.0,0.0079,0.992,1.0,89.31,5.3e3,1.0,0.8802236478874395,0.455,%{cpu_percent: 45.0; memory_mb: 512},771000,12000,3,4,20,civ_adapt_gen31,0,100.0,0.05
32,2026-06-30T10:42:49.237000Z,14,200,10,10,6,0,10.0,0.8754419763153116,20,20,0,1.0,0.0067,0.993,1.0,87.42,5.3e3,1.0,0.8403533987074784,0.46,%{cpu_percent: 45.0; memory_mb: 512},759000,12000,3,7,20,civ_adapt_gen32,0,100.0,0.05
33,2026-06-30T10:42:49.241000Z,2,200,10,10,6,0,10.0,0.815773059189677,20,20,0,1.0,0.0082,0.992,1.0,83.13,5.3e3,1.0,0.7501483214179634,0.465,%{cpu_percent: 45.0; memory_mb: 512},747000,12000,3,8,20,civ_adapt_gen33,0,100.0,0.05
34,2026-06-30T10:42:49.258000Z,4,200,10,10,6,0,10.0,0.8396186505762678,20,20,0,1.0,0.0085,0.992,1.0,87.81,5.3e3,1.0,0.8487251305944059,0.47,%{cpu_percent: 45.0; memory_mb: 512},735000,12000,3,6,20,civ_adapt_gen34,0,100.0,0.05
35,2026-06-30T10:42:49.285000Z,11,200,10,10,6,0,10.0,0.8101261636512644,20,20,0,1.0,0.0084,0.992,1.0,87.53,5.3e3,1.0,0.8426783328692349,0.475,%{cpu_percent: 45.0; memory_mb: 512},723000,12000,3,8,20,civ_adapt_gen35,0,100.0,0.05
36,2026-06-30T10:42:49.293000Z,2,200,10,10,6,0,10.0,0.8477128514261462,20,20,0,1.0,0.0063,0.994,1.0,88.31,5.3e3,1.0,0.8590864378766276,0.48,%{cpu_percent: 45.0; memory_mb: 512},711000,12000,3,7,20,civ_adapt_gen36,0,100.0,0.05
37,2026-06-30T10:42:49.313000Z,7,200,10,10,6,0,10.0,0.8950177454797891,20,20,0,1.0,0.005,0.995,1.0,85.32,5.3e3,1.0,0.7961875914592244,0.485,%{cpu_percent: 45.0; memory_mb: 512},699000,12000,3,6,20,civ_adapt_gen37,0,100.0,0.05
38,2026-06-30T10:42:49.326000Z,3,200,10,10,6,0,10.0,0.9488058639809822,20,20,0,1.0,0.0078,0.992,1.0,90.21,5.3e3,1.0,0.8991438964444962,0.49,%{cpu_percent: 45.0; memory_mb: 512},687000,12000,3,6,20,civ_adapt_gen38,0,100.0,0.05
39,2026-06-30T10:42:49.347000Z,7,200,10,10,6,0,10.0,0.8656846731879504,20,20,0,1.0,0.009,0.991,1.0,85.73,5.3e3,1.0,0.8049292584252132,0.495,%{cpu_percent: 45.0; memory_mb: 512},675000,12000,3,3,20,civ_adapt_gen39,0,100.0,0.05
40,2026-06-30T10:42:49.364000Z,4,200,10,10,6,0,10.0,0.848771112527254,20,20,0,1.0,0.0087,0.991,1.0,89.08,5.3e3,1.0,0.8753495471033146,0.5,%{cpu_percent: 45.0; memory_mb: 512},663000,12000,3,3,20,civ_adapt_gen40,0,100.0,0.05
41,2026-06-30T10:42:49.396000Z,17,200,10,10,6,0,10.0,0.914218326063136,20,20,0,1.0,0.0075,0.993,1.0,81.07,5.3e3,1.0,0.7066467895102156,0.505,%{cpu_percent: 45.0; memory_mb: 512},651000,12000,3,3,20,civ_adapt_gen41,0,100.0,0.05
42,2026-06-30T10:42:49.423000Z,10,200,10,10,6,0,10.0,0.9139912589848155,20,20,0,1.0,0.0085,0.992,1.0,83.34,5.3e3,1.0,0.7544687913181438,0.51,%{cpu_percent: 45.0; memory_mb: 512},639000,12000,3,8,20,civ_adapt_gen42,0,100.0,0.05
43,2026-06-30T10:42:49.446000Z,9,200,10,10,6,0,10.0,0.8168664575850839,20,20,0,1.0,0.0079,0.992,1.0,83.54,5.3e3,1.0,0.7587314083919208,0.515,%{cpu_percent: 45.0; memory_mb: 512},627000,12000,3,7,20,civ_adapt_gen43,0,100.0,0.05
44,2026-06-30T10:42:49.457000Z,2,200,10,10,6,0,10.0,0.9267539596097589,20,20,0,1.0,0.0085,0.992,1.0,86.84,5.3e3,1.0,0.8282622134992346,0.52,%{cpu_percent: 45.0; memory_mb: 512},615000,12000,3,8,20,civ_adapt_gen44,0,100.0,0.05
45,2026-06-30T10:42:49.493000Z,5,200,10,10,6,0,10.0,0.8495382194028863,20,20,0,1.0,0.0074,0.993,1.0,88.65,5.3e3,1.0,0.8663190990588477,0.525,%{cpu_percent: 45.0; memory_mb: 512},603000,12000,3,8,20,civ_adapt_gen45,0,100.0,0.05
46,2026-06-30T10:42:49.520000Z,3,200,10,10,6,0,10.0,0.8618393799974347,20,20,0,1.0,0.0074,0.993,1.0,88.42,5.3e3,1.0,0.8614355965645636,0.53,%{cpu_percent: 45.0; memory_mb: 512},591000,12000,3,4,20,civ_adapt_gen46,0,100.0,0.05
47,2026-06-30T10:42:49.535000Z,3,200,10,10,6,0,10.0,0.9446757926729944,20,20,0,1.0,0.008,0.992,1.0,87.28,5.3e3,1.0,0.8373792195434511,0.535,%{cpu_percent: 45.0; memory_mb: 512},579000,12000,3,5,20,civ_adapt_gen47,0,100.0,0.05
48,2026-06-30T10:42:49.554000Z,4,200,10,10,6,0,10.0,0.8356294256721293,20,20,0,1.0,0.0079,0.992,1.0,87.3,5.3e3,1.0,0.8379799493737834,0.54,%{cpu_percent: 45.0; memory_mb: 512},567000,12000,3,3,20,civ_adapt_gen48,0,100.0,0.05
49,2026-06-30T10:42:49.575000Z,3,200,10,10,6,0,10.0,0.9134089660633788,20,20,0,1.0,0.0079,0.992,1.0,89.44,5.3e3,1.0,0.8829233761384216,0.545,%{cpu_percent: 45.0; memory_mb: 512},555000,12000,3,6,20,civ_adapt_gen49,0,100.0,0.05
50,2026-06-30T10:42:49.609000Z,11,200,10,10,6,0,10.0,0.9465518851182152,20,20,0,1.0,0.0063,0.994,1.0,90.13,5.3e3,1.0,0.8975022009028596,0.55,%{cpu_percent: 45.0; memory_mb: 512},543000,12000,3,6,20,civ_adapt_gen50,0,100.0,0.05
51,2026-06-30T10:42:49.636000Z,16,200,10,10,6,0,10.0,0.9246948810681426,20,20,0,1.0,0.008,0.992,1.0,83.18,5.3e3,1.0,0.751170667270173,0.555,%{cpu_percent: 45.0; memory_mb: 512},531000,12000,3,6,20,civ_adapt_gen51,0,100.0,0.05
52,2026-06-30T10:42:49.642000Z,3,200,10,10,6,0,10.0,0.8065914529524629,20,20,0,1.0,0.0082,0.992,1.0,82.9,5.3e3,1.0,0.7453660460145228,0.56,%{cpu_percent: 45.0; memory_mb: 512},519000,12000,3,5,20,civ_adapt_gen52,0,100.0,0.05
53,2026-06-30T10:42:49.661000Z,3,200,10,10,6,0,10.0,0.9053901109026699,20,20,0,1.0,0.0075,0.993,1.0,88.52,5.3e3,1.0,0.8635781912066939,0.565,%{cpu_percent: 45.0; memory_mb: 512},507000,12000,3,5,20,civ_adapt_gen53,0,100.0,0.05
54,2026-06-30T10:42:49.697000Z,18,200,10,10,6,0,10.0,0.8432974692330844,20,20,0,1.0,0.0066,0.993,1.0,86.97,5.3e3,1.0,0.8308914377572237,0.57,%{cpu_percent: 45.0; memory_mb: 512},495000,12000,3,8,20,civ_adapt_gen54,0,100.0,0.05
55,2026-06-30T10:42:49.722000Z,2,200,10,10,6,0,10.0,0.9117207040026255,20,20,0,1.0,0.0073,0.993,1.0,81.06,5.3e3,1.0,0.7065554281424314,0.575,%{cpu_percent: 45.0; memory_mb: 512},483000,12000,3,7,20,civ_adapt_gen55,0,100.0,0.05
56,2026-06-30T10:42:49.727000Z,2,200,10,10,6,0,10.0,0.8789375672280404,20,20,0,1.0,0.0083,0.992,1.0,88.92,5.3e3,1.0,0.8720263886827386,0.58,%{cpu_percent: 45.0; memory_mb: 512},471000,12000,3,3,20,civ_adapt_gen56,0,100.0,0.05
57,2026-06-30T10:42:49.744000Z,3,200,10,10,6,0,10.0,0.8057479340329031,20,20,0,1.0,0.0088,0.991,1.0,88.53,5.3e3,1.0,0.8638515808231534,0.585,%{cpu_percent: 45.0; memory_mb: 512},459000,12000,3,5,20,civ_adapt_gen57,0,100.0,0.05
58,2026-06-30T10:42:49.760000Z,4,200,10,10,6,0,10.0,0.8204696798294521,20,20,0,1.0,0.0083,0.992,1.0,88.02,5.3e3,1.0,0.853134184176222,0.59,%{cpu_percent: 45.0; memory_mb: 512},447000,12000,3,6,20,civ_adapt_gen58,0,100.0,0.05
59,2026-06-30T10:42:49.792000Z,2,200,10,10,6,0,10.0,0.8530488151294741,20,20,0,1.0,0.0074,0.993,1.0,83.6,5.3e3,1.0,0.7600061325205508,0.595,%{cpu_percent: 45.0; memory_mb: 512},435000,12000,3,8,20,civ_adapt_gen59,0,100.0,0.05
60,2026-06-30T10:42:49.809000Z,15,200,10,10,6,0,10.0,0.8721086378851756,20,20,0,1.0,0.0068,0.993,1.0,82.8,5.3e3,1.0,0.743073424524318,0.6,%{cpu_percent: 45.0; memory_mb: 512},423000,12000,3,6,20,civ_adapt_gen60,0,100.0,0.05
61,2026-06-30T10:42:49.831000Z,4,200,10,10,6,0,10.0,0.9495390516443304,20,20,0,1.0,0.0066,0.993,1.0,85.4,5.3e3,1.0,0.7979040085329628,0.605,%{cpu_percent: 45.0; memory_mb: 512},411000,12000,3,6,20,civ_adapt_gen61,0,100.0,0.05
62,2026-06-30T10:42:49.855000Z,4,200,10,10,6,0,10.0,0.9153776349916846,20,20,0,1.0,0.009,0.991,1.0,88.75,5.3e3,1.0,0.8684417220699986,0.61,%{cpu_percent: 45.0; memory_mb: 512},399000,12000,3,4,20,civ_adapt_gen62,0,100.0,0.05
63,2026-06-30T10:42:49.869000Z,1,200,10,10,6,0,10.0,0.8581937878403576,20,20,0,1.0,0.0076,0.992,1.0,87.2,5.3e3,1.0,0.8357007775571369,0.615,%{cpu_percent: 45.0; memory_mb: 512},387000,12000,3,3,20,civ_adapt_gen63,0,100.0,0.05
64,2026-06-30T10:42:49.887000Z,7,200,10,10,6,0,10.0,0.9202452599932701,20,20,0,1.0,0.0078,0.992,1.0,90.18,5.3e3,1.0,0.8985567182813401,0.62,%{cpu_percent: 45.0; memory_mb: 512},375000,12000,3,5,20,civ_adapt_gen64,0,100.0,0.05
65,2026-06-30T10:42:49.916000Z,6,200,10,10,6,0,10.0,0.9259189673996617,20,20,0,1.0,0.0065,0.994,1.0,88.33,5.3e3,1.0,0.8595793798670965,0.625,%{cpu_percent: 45.0; memory_mb: 512},363000,12000,3,8,20,civ_adapt_gen65,0,100.0,0.05
66,2026-06-30T10:42:49.944000Z,4,200,10,10,6,0,10.0,0.8654847657905155,20,20,0,1.0,0.0077,0.992,1.0,84.95,5.3e3,1.0,0.7884213438057398,0.63,%{cpu_percent: 45.0; memory_mb: 512},351000,12000,3,4,20,civ_adapt_gen66,0,100.0,0.05
67,2026-06-30T10:42:49.955000Z,4,200,10,10,6,0,10.0,0.8810114167505374,20,20,0,1.0,0.0069,0.993,1.0,88.69,5.3e3,1.0,0.867216371374229,0.635,%{cpu_percent: 45.0; memory_mb: 512},339000,12000,3,7,20,civ_adapt_gen67,0,100.0,0.05
68,2026-06-30T10:42:49.975000Z,2,200,10,10,6,0,10.0,0.9147008002186254,20,20,0,1.0,0.0065,0.994,1.0,83.22,5.3e3,1.0,0.7519558248001782,0.64,%{cpu_percent: 45.0; memory_mb: 512},327000,12000,3,8,20,civ_adapt_gen68,0,100.0,0.05
69,2026-06-30T10:42:49.991000Z,2,200,10,10,6,0,10.0,0.8216849681229548,20,20,0,1.0,0.0086,0.991,1.0,87.12,5.3e3,1.0,0.8340837226315062,0.645,%{cpu_percent: 45.0; memory_mb: 512},315000,12000,3,8,20,civ_adapt_gen69,0,100.0,0.05
70,2026-06-30T10:42:50.018000Z,9,200,10,10,6,0,10.0,0.9466169152033852,20,20,0,1.0,0.0069,0.993,1.0,88.98,5.3e3,1.0,0.8732586739858805,0.65,%{cpu_percent: 45.0; memory_mb: 512},303000,12000,3,6,20,civ_adapt_gen70,0,100.0,0.05
71,2026-06-30T10:42:50.045000Z,5,200,10,10,6,0,10.0,0.8044331069400062,20,20,0,1.0,0.0067,0.993,1.0,86.9,5.3e3,1.0,0.8293900190807801,0.655,%{cpu_percent: 45.0; memory_mb: 512},291000,12000,3,6,20,civ_adapt_gen71,0,100.0,0.05
72,2026-06-30T10:42:50.071000Z,10,200,10,10,6,0,10.0,0.8756282088516991,20,20,0,1.0,0.0073,0.993,1.0,83.63,5.3e3,1.0,0.760630719786655,0.66,%{cpu_percent: 45.0; memory_mb: 512},279000,12000,3,4,20,civ_adapt_gen72,0,100.0,0.05
73,2026-06-30T10:42:50.076000Z,2,200,10,10,6,0,10.0,0.9192101829334143,20,20,0,1.0,0.0068,0.993,1.0,83.86,5.3e3,1.0,0.7655680039094056,0.665,%{cpu_percent: 45.0; memory_mb: 512},267000,12000,3,4,20,civ_adapt_gen73,0,100.0,0.05
74,2026-06-30T10:42:50.113000Z,4,200,10,10,6,0,10.0,0.8430357195046627,20,20,0,1.0,0.0067,0.993,1.0,89.4,5.3e3,1.0,0.882061037858732,0.67,%{cpu_percent: 45.0; memory_mb: 512},255000,12000,3,7,20,civ_adapt_gen74,0,100.0,0.05
75,2026-06-30T10:42:50.138000Z,12,200,10,10,6,0,10.0,0.8751291553570608,20,20,0,1.0,0.0074,0.993,1.0,89.16,5.3e3,1.0,0.8769533146377474,0.675,%{cpu_percent: 45.0; memory_mb: 512},243000,12000,3,3,20,civ_adapt_gen75,0,100.0,0.05
76,2026-06-30T10:42:50.187000Z,26,200,10,10,6,0,10.0,0.8369687158165021,20,20,0,1.0,0.0047,0.995,1.0,82.9,5.3e3,1.0,0.7453035864759224,0.68,%{cpu_percent: 45.0; memory_mb: 512},231000,12000,3,4,20,civ_adapt_gen76,0,100.0,0.05
77,2026-06-30T10:42:50.194000Z,3,200,10,10,6,0,10.0,0.8290224063573202,20,20,0,1.0,0.0063,0.994,1.0,84.79,5.3e3,1.0,0.785037825364129,0.685,%{cpu_percent: 45.0; memory_mb: 512},219000,12000,3,4,20,civ_adapt_gen77,0,100.0,0.05
78,2026-06-30T10:42:50.213000Z,3,200,10,10,6,0,10.0,0.9121351475460369,20,20,0,1.0,0.0065,0.994,1.0,85.13,5.3e3,1.0,0.7922709308527774,0.69,%{cpu_percent: 45.0; memory_mb: 512},207000,12000,3,8,20,civ_adapt_gen78,0,100.0,0.05
79,2026-06-30T10:42:50.238000Z,2,200,10,10,6,0,10.0,0.8516813951489502,20,20,0,1.0,0.0065,0.994,1.0,84.66,5.3e3,1.0,0.7823343743859088,0.695,%{cpu_percent: 45.0; memory_mb: 512},195000,12000,3,4,20,civ_adapt_gen79,0,100.0,0.05
80,2026-06-30T10:42:50.255000Z,3,200,10,10,6,0,10.0,0.8321242100760159,20,20,0,1.0,0.0069,0.993,1.0,82.63,5.3e3,1.0,0.7396824384757676,0.7,%{cpu_percent: 45.0; memory_mb: 512},183000,12000,3,8,20,civ_adapt_gen80,0,100.0,0.05
81,2026-06-30T10:42:50.288000Z,7,200,10,10,6,0,10.0,0.9369768461972015,20,20,0,1.0,0.0062,0.994,1.0,81.68,5.3e3,1.0,0.7196524964903301,0.705,%{cpu_percent: 45.0; memory_mb: 512},171000,12000,3,7,20,civ_adapt_gen81,0,100.0,0.05
82,2026-06-30T10:42:50.296000Z,4,200,10,10,6,0,10.0,0.9304040897390949,20,20,0,1.0,0.0065,0.994,1.0,82.31,5.3e3,1.0,0.7327591360220576,0.71,%{cpu_percent: 45.0; memory_mb: 512},159000,12000,3,3,20,civ_adapt_gen82,0,100.0,0.05
83,2026-06-30T10:42:50.319000Z,2,200,10,10,6,0,10.0,0.9167914997725751,20,20,0,1.0,0.0069,0.993,1.0,83.88,5.3e3,1.0,0.7658588072365521,0.715,%{cpu_percent: 45.0; memory_mb: 512},147000,12000,3,4,20,civ_adapt_gen83,0,100.0,0.05
84,2026-06-30T10:42:50.331000Z,3,200,10,10,6,0,10.0,0.9436240372818658,20,20,0,1.0,0.0078,0.992,1.0,89.93,5.3e3,1.0,0.8931609098190892,0.72,%{cpu_percent: 45.0; memory_mb: 512},135000,12000,3,4,20,civ_adapt_gen84,0,100.0,0.05
85,2026-06-30T10:42:50.353000Z,2,200,10,10,6,0,10.0,0.807318115797206,20,20,0,1.0,0.0068,0.993,1.0,88.25,5.3e3,1.0,0.8579612939318022,0.725,%{cpu_percent: 45.0; memory_mb: 512},123000,12000,3,8,20,civ_adapt_gen85,0,100.0,0.05
86,2026-06-30T10:42:50.365000Z,2,200,10,10,6,0,10.0,0.8781781475593623,20,20,0,1.0,0.0063,0.994,1.0,82.99,5.3e3,1.0,0.7471226883541339,0.73,%{cpu_percent: 45.0; memory_mb: 512},111000,12000,3,8,20,civ_adapt_gen86,0,100.0,0.05
87,2026-06-30T10:42:50.388000Z,10,200,10,10,6,0,10.0,0.81772144406527,20,20,0,1.0,0.0066,0.993,1.0,90.12,5.3e3,1.0,0.897337538134506,0.735,%{cpu_percent: 45.0; memory_mb: 512},99000,12000,3,7,20,civ_adapt_gen87,0,100.0,0.05
88,2026-06-30T10:42:50.410000Z,2,200,10,10,6,0,10.0,0.8492104716945824,20,20,0,1.0,0.0096,0.99,1.0,88.71,5.3e3,1.0,0.8675565242675214,0.74,%{cpu_percent: 45.0; memory_mb: 512},87000,12000,3,4,20,civ_adapt_gen88,0,100.0,0.05
89,2026-06-30T10:42:50.419000Z,2,200,10,10,6,0,10.0,0.870747529369225,20,20,0,1.0,0.0083,0.992,1.0,82.02,5.3e3,1.0,0.7267525075577587,0.745,%{cpu_percent: 45.0; memory_mb: 512},75000,12000,3,5,20,civ_adapt_gen89,0,100.0,0.05
90,2026-06-30T10:42:50.440000Z,3,200,10,10,6,0,10.0,0.8973433502841717,20,20,0,1.0,0.0081,0.992,1.0,87.39,5.3e3,1.0,0.8398172728160278,0.75,%{cpu_percent: 45.0; memory_mb: 512},63000,12000,3,8,20,civ_adapt_gen90,0,100.0,0.05
91,2026-06-30T10:42:50.477000Z,16,200,10,10,6,0,10.0,0.8648022311872617,20,20,0,1.0,0.0083,0.992,1.0,81.14,5.3e3,1.0,0.7082184841858927,0.755,%{cpu_percent: 45.0; memory_mb: 512},51000,12000,3,6,20,civ_adapt_gen91,0,100.0,0.05
92,2026-06-30T10:42:50.487000Z,2,200,10,10,6,0,10.0,0.8161048057301221,20,20,0,1.0,0.0069,0.993,1.0,87.21,5.3e3,1.0,0.8359944507518292,0.76,%{cpu_percent: 45.0; memory_mb: 512},39000,12000,3,7,20,civ_adapt_gen92,0,100.0,0.05
93,2026-06-30T10:42:50.507000Z,2,200,10,10,6,0,10.0,0.9456665585590127,20,20,0,1.0,0.0081,0.992,1.0,89.74,5.3e3,1.0,0.8891901830055431,0.765,%{cpu_percent: 45.0; memory_mb: 512},27000,12000,3,5,20,civ_adapt_gen93,0,100.0,0.05
94,2026-06-30T10:42:50.543000Z,15,200,10,10,6,0,10.0,0.8989651067070964,20,20,0,1.0,0.0078,0.992,1.0,87.39,5.3e3,1.0,0.8398590755353589,0.77,%{cpu_percent: 45.0; memory_mb: 512},15000,12000,3,8,20,civ_adapt_gen94,0,100.0,0.05
95,2026-06-30T10:42:50.546000Z,2,200,10,10,6,0,10.0,0.9211314037770106,20,20,0,1.0,0.0077,0.992,1.0,87.42,5.3e3,1.0,0.8404397534065489,0.775,%{cpu_percent: 45.0; memory_mb: 512},3000,12000,3,6,20,civ_adapt_gen95,0,100.0,0.05
96,2026-06-30T10:42:50.570000Z,2,200,10,10,6,0,10.0,0.8445041432122654,20,20,0,1.0,0.0068,0.993,1.0,85.83,5.3e3,1.0,0.8068901592724262,0.78,%{cpu_percent: 45.0; memory_mb: 512},0,12000,3,6,20,civ_adapt_gen96,0,100.0,0.05
97,2026-06-30T10:42:50.585000Z,2,200,10,10,6,0,10.0,0.9382973152015726,20,20,0,1.0,0.007,0.993,1.0,84.7,5.3e3,1.0,0.7831996954407148,0.785,%{cpu_percent: 45.0; memory_mb: 512},0,12000,3,8,20,civ_adapt_gen97,0,100.0,0.05
98,2026-06-30T10:42:50.605000Z,2,200,10,10,6,0,10.0,0.9322121506583827,20,20,0,1.0,0.006,0.994,1.0,83.76,5.3e3,1.0,0.7633297944571341,0.79,%{cpu_percent: 45.0; memory_mb: 512},0,12000,3,8,20,civ_adapt_gen98,0,100.0,0.05
99,2026-06-30T10:42:50.626000Z,2,200,10,10,6,0,10.0,0.84616770234981,20,20,0,1.0,0.0077,0.992,1.0,88.64,5.3e3,1.0,0.8661226221304866,0.795,%{cpu_percent: 45.0; memory_mb: 512},0,12000,3,8,20,civ_adapt_gen99,0,100.0,0.05
100,2026-06-30T10:42:50.640000Z,2,200,10,10,6,0,10.0,0.8773212387134707,20,20,0,1.0,0.0073,0.993,1.0,86.13,5.3e3,1.0,0.81318272976019,0.8,%{cpu_percent: 45.0; memory_mb: 512},0,12000,3,5,20,civ_adapt_gen100,0,100.0,0.05
1,2026-06-30T20:46:02.538000Z,5,50,5,5,2,3,5.0,0.942604899903843,20,0,20,0.0,0.0079,0.992,1.0,0.0,750,1.0,0.7490727074620924,0.418,%{cpu_percent: 45.0; memory_mb: 512},998047,1953,3,8,20,civ_adapt_gen1,0,100.0,0.05
2,2026-06-30T20:46:02.572000Z,3,50,6,6,3,0,6.0,0.9401980919778496,20,0,20,0.0,0.0092,0.991,1.0,0.0,915,1.0,0.8595278850654153,0.29,%{cpu_percent: 45.0; memory_mb: 512},996316,1731,3,5,20,civ_adapt_gen2,0,100.0,0.05
3,2026-06-30T20:46:02.576000Z,2,50,4,4,3,2,4.0,0.8417403122964531,20,0,20,0.0,0.0073,0.993,1.0,0.0,635,1.0,0.8719417382268622,0.23,%{cpu_percent: 45.0; memory_mb: 512},993446,2870,3,6,20,civ_adapt_gen3,0,100.0,0.05
4,2026-06-30T20:46:02.588000Z,2,50,6,6,2,2,6.0,0.9298384842386054,20,0,20,0.0,0.0075,0.993,1.0,0.0,890,1.0,0.7407405010231518,0.227,%{cpu_percent: 45.0; memory_mb: 512},990907,2539,3,3,20,civ_adapt_gen4,0,100.0,0.05
5,2026-06-30T20:46:02.608000Z,2,50,4,4,1,1,4.0,0.8267421651742543,20,0,20,0.0,0.0089,0.991,1.0,0.0,585,1.0,0.6406247085912433,0.219,%{cpu_percent: 45.0; memory_mb: 512},988419,2488,3,8,20,civ_adapt_gen5,0,100.0,0.05
1,2026-06-30T20:47:42.526000Z,4,50,6,6,2,1,6.0,0.8261094794736513,20,0,20,0.0,0.0072,0.993,1.0,0.0,890,1.0,0.7457138108400985,0.235,%{cpu_percent: 45.0; memory_mb: 512},997854,2146,3,3,20,civ_adapt_gen1,0,100.0,0.05
2,2026-06-30T20:47:42.535000Z,2,50,6,6,4,0,6.0,0.8895199691514368,20,0,20,0.0,0.0073,0.993,1.0,0.0,940,1.0,0.6370659448094204,0.26,%{cpu_percent: 45.0; memory_mb: 512},996475,1379,3,4,20,civ_adapt_gen2,0,100.0,0.05
3,2026-06-30T20:47:42.552000Z,2,50,6,6,2,0,6.0,0.8252749676372683,20,0,20,0.0,0.0084,0.992,1.0,0.0,890,1.0,0.6875969122549175,0.41,%{cpu_percent: 45.0; memory_mb: 512},994178,2297,3,6,20,civ_adapt_gen3,0,100.0,0.05
4,2026-06-30T20:47:42.562000Z,2,50,5,5,2,1,5.0,0.8933681950860444,20,0,20,0.0,0.0084,0.992,1.0,0.0,750,1.0,0.8487002191307566,0.3,%{cpu_percent: 45.0; memory_mb: 512},992860,1318,3,7,20,civ_adapt_gen4,0,100.0,0.05
5,2026-06-30T20:47:42.578000Z,1,50,3,3,1,0,3.0,0.812533780395337,20,0,20,0.0,0.0073,0.993,1.0,0.0,445,1.0,0.6445700723092082,0.374,%{cpu_percent: 45.0; memory_mb: 512},991153,1707,3,5,20,civ_adapt_gen5,0,100.0,0.05
1,2026-06-30T20:47:42.586000Z,2,50,3,3,3,0,3.0,0.8438972714387548,20,0,20,0.0,0.005,0.995,1.0,0.0,495,1.0,0.7432748659306648,0.36,%{cpu_percent: 45.0; memory_mb: 512},998270,1730,3,6,20,civ_adapt_gen1,0,100.0,0.05
2,2026-06-30T20:47:42.597000Z,2,50,3,3,2,0,3.0,0.8765453211158014,20,0,20,0.0,0.0072,0.993,1.0,0.0,470,1.0,0.6412345441990446,0.355,%{cpu_percent: 45.0; memory_mb: 512},996050,2220,3,7,20,civ_adapt_gen2,0,100.0,0.05
3,2026-06-30T20:47:42.609000Z,3,50,5,5,2,0,5.0,0.864299472774821,20,0,20,0.0,0.0072,0.993,1.0,0.0,750,1.0,0.6640203777150234,0.46,%{cpu_percent: 45.0; memory_mb: 512},994366,1684,3,7,20,civ_adapt_gen3,0,100.0,0.05
4,2026-06-30T20:47:42.621000Z,2,50,5,5,1,3,5.0,0.8010232831299152,20,0,20,0.0,0.0059,0.994,1.0,0.0,725,1.0,0.8137263323309855,0.505,%{cpu_percent: 45.0; memory_mb: 512},992806,1560,3,8,20,civ_adapt_gen4,0,100.0,0.05
5,2026-06-30T20:47:42.631000Z,2,50,3,3,1,4,3.0,0.845131202171846,20,0,20,0.0,0.007,0.993,1.0,0.0,445,1.0,0.8944592353012439,0.259,%{cpu_percent: 45.0; memory_mb: 512},991220,1586,3,6,20,civ_adapt_gen5,0,100.0,0.05
1,2026-06-30T20:47:42.654000Z,2,50,3,3,1,3,3.0,0.8536729341596337,20,0,20,0.0,0.0076,0.992,1.0,0.0,445,1.0,0.8599388904421693,0.484,%{cpu_percent: 45.0; memory_mb: 512},998090,1910,3,6,20,civ_adapt_gen1,0,100.0,0.05
2,2026-06-30T20:47:42.665000Z,2,50,4,4,2,3,4.0,0.8648792309346167,20,0,20,0.0,0.0069,0.993,1.0,0.0,610,1.0,0.770133597137001,0.326,%{cpu_percent: 45.0; memory_mb: 512},995117,2973,3,6,20,civ_adapt_gen2,0,100.0,0.05
3,2026-06-30T20:47:42.676000Z,4,50,4,4,1,4,4.0,0.9175251029286683,20,0,20,0.0,0.007,0.993,1.0,0.0,585,1.0,0.6562591466970219,0.213,%{cpu_percent: 45.0; memory_mb: 512},993954,1163,3,6,20,civ_adapt_gen3,0,100.0,0.05
4,2026-06-30T20:47:42.684000Z,2,50,2,2,1,6,2.0,0.8434589431019078,20,0,20,0.0,0.0083,0.992,1.0,0.0,305,1.0,0.8460964712122784,0.284,%{cpu_percent: 45.0; memory_mb: 512},991478,2476,3,7,20,civ_adapt_gen4,0,100.0,0.05
5,2026-06-30T20:47:42.695000Z,2,50,4,4,1,10,4.0,0.8142428720116486,20,0,20,0.0,0.0078,0.992,1.0,0.0,585,1.0,0.6281694709776482,0.292,%{cpu_percent: 45.0; memory_mb: 512},989989,1489,3,6,20,civ_adapt_gen5,0,100.0,0.05
1,2026-06-30T20:47:42.716000Z,3,50,4,4,2,0,4.0,0.8642529765428947,20,0,20,0.0,0.0084,0.992,1.0,0.0,610,1.0,0.8268998442690255,0.27,%{cpu_percent: 45.0; memory_mb: 512},997949,2051,3,6,20,civ_adapt_gen1,0,100.0,0.05
2,2026-06-30T20:47:42.727000Z,8,50,5,5,1,0,5.0,0.8065101632134268,20,0,20,0.0,0.0073,0.993,1.0,0.0,725,1.0,0.7191162797925935,0.255,%{cpu_percent: 45.0; memory_mb: 512},996632,1317,3,7,20,civ_adapt_gen2,0,100.0,0.05
3,2026-06-30T20:47:42.738000Z,1,50,2,2,1,0,2.0,0.8567362024872375,20,0,20,0.0,0.0077,0.992,1.0,0.0,305,1.0,0.8692834357072181,0.255,%{cpu_percent: 45.0; memory_mb: 512},995234,1398,3,6,20,civ_adapt_gen3,0,100.0,0.05
4,2026-06-30T20:47:42.751000Z,2,50,2,2,1,4,2.0,0.8489061515501987,20,0,20,0.0,0.0058,0.994,1.0,0.0,305,1.0,0.8745899724166539,0.441,%{cpu_percent: 45.0; memory_mb: 512},992027,3207,3,7,20,civ_adapt_gen4,0,100.0,0.05
5,2026-06-30T20:47:42.764000Z,2,50,3,3,2,6,3.0,0.8029756250252224,20,0,20,0.0,0.0062,0.994,1.0,0.0,470,1.0,0.7773001765310928,0.277,%{cpu_percent: 45.0; memory_mb: 512},989965,2062,3,3,20,civ_adapt_gen5,0,100.0,0.05
1,2026-06-30T20:47:42.780000Z,2,50,5,5,1,3,5.0,0.9243442389088659,20,0,20,0.0,0.0081,0.992,1.0,0.0,725,1.0,0.6481365908075601,0.315,%{cpu_percent: 45.0; memory_mb: 512},998248,1752,3,3,20,civ_adapt_gen1,0,100.0,0.05
2,2026-06-30T20:47:42.785000Z,2,50,5,5,1,2,5.0,0.8278354426967143,20,0,20,0.0,0.0071,0.993,1.0,0.0,725,1.0,0.7613137020778161,0.308,%{cpu_percent: 45.0; memory_mb: 512},995691,2557,3,3,20,civ_adapt_gen2,0,100.0,0.05
3,2026-06-30T20:47:42.796000Z,2,50,6,6,2,4,6.0,0.9428257942428512,20,0,20,0.0,0.0075,0.993,1.0,0.0,890,1.0,0.6029386353130236,0.253,%{cpu_percent: 45.0; memory_mb: 512},993659,2032,3,7,20,civ_adapt_gen3,0,100.0,0.05
4,2026-06-30T20:47:42.810000Z,2,50,5,5,3,2,5.0,0.9406455578502939,20,0,20,0.0,0.0061,0.994,1.0,0.0,775,1.0,0.8530662275009931,0.309,%{cpu_percent: 45.0; memory_mb: 512},992392,1267,3,4,20,civ_adapt_gen4,0,100.0,0.05
5,2026-06-30T20:47:42.819000Z,1,50,3,3,3,6,3.0,0.8641254083433819,20,0,20,0.0,0.0055,0.995,1.0,0.0,495,1.0,0.6165844743813867,0.304,%{cpu_percent: 45.0; memory_mb: 512},990144,2248,3,4,20,civ_adapt_gen5,0,100.0,0.05
1,2026-06-30T20:49:22.423000Z,5,50,6,6,1,0,6.0,0.8652283776353608,20,0,20,0.0,0.0075,0.993,1.0,0.0,865,1.0,0.6765675516422155,0.393,%{cpu_percent: 45.0; memory_mb: 512},997887,2113,3,4,20,civ_adapt_gen1,0,100.0,0.05
2,2026-06-30T20:49:22.433000Z,2,50,6,6,2,0,6.0,0.8638401843074401,20,0,20,0.0,0.0093,0.991,1.0,0.0,890,1.0,0.7323091428206365,0.216,%{cpu_percent: 45.0; memory_mb: 512},996395,1492,3,3,20,civ_adapt_gen2,0,100.0,0.05
3,2026-06-30T20:49:22.451000Z,1,50,5,5,2,0,5.0,0.8777867925708048,20,0,20,0.0,0.0069,0.993,1.0,0.0,750,1.0,0.8742501552824277,0.488,%{cpu_percent: 45.0; memory_mb: 512},993433,2962,3,3,20,civ_adapt_gen3,0,100.0,0.05
4,2026-06-30T20:49:22.470000Z,2,50,3,3,1,2,3.0,0.925064419455287,20,0,20,0.0,0.0076,0.992,1.0,0.0,445,1.0,0.871846769709115,0.313,%{cpu_percent: 45.0; memory_mb: 512},990859,2574,3,3,20,civ_adapt_gen4,0,100.0,0.05
5,2026-06-30T20:49:22.473000Z,2,50,7,7,1,5,7.0,0.8313667253679466,20,0,20,0.0,0.0077,0.992,1.0,0.0,1005,1.0,0.6194639267621119,0.476,%{cpu_percent: 45.0; memory_mb: 512},987672,3187,3,3,20,civ_adapt_gen5,0,100.0,0.05
6,2026-06-30T20:49:22.485000Z,2,50,4,4,2,4,4.0,0.8374133655083685,20,0,20,0.0,0.0075,0.993,1.0,0.0,610,1.0,0.6745441586856451,0.343,%{cpu_percent: 45.0; memory_mb: 512},985306,2366,3,5,20,civ_adapt_gen6,0,100.0,0.05
7,2026-06-30T20:49:22.495000Z,2,50,4,4,2,9,4.0,0.9109640673927151,20,0,20,0.0,0.0083,0.992,1.0,0.0,610,1.0,0.8182001937861653,0.275,%{cpu_percent: 45.0; memory_mb: 512},983642,1664,3,6,20,civ_adapt_gen7,0,100.0,0.05
8,2026-06-30T20:49:22.507000Z,2,50,6,6,2,13,6.0,0.8240018680236292,20,0,20,0.0,0.0081,0.992,1.0,0.0,890,1.0,0.6683038789930755,0.382,%{cpu_percent: 45.0; memory_mb: 512},980765,2877,3,4,20,civ_adapt_gen8,0,100.0,0.05
9,2026-06-30T20:49:22.517000Z,2,50,5,5,1,27,5.0,0.8354407400454916,20,0,20,0.0,0.0066,0.993,1.0,0.0,725,1.0,0.7995042237438976,0.514,%{cpu_percent: 45.0; memory_mb: 512},978229,2536,3,5,20,civ_adapt_gen9,0,100.0,0.05
10,2026-06-30T20:49:22.530000Z,2,50,6,6,2,52,6.0,0.9364827846369507,20,0,20,0.0,0.0101,0.99,1.0,0.0,890,1.0,0.7699695852946793,0.506,%{cpu_percent: 45.0; memory_mb: 512},976514,1715,3,3,20,civ_adapt_gen10,0,100.0,0.05
1,2026-06-30T20:49:22.560000Z,2,50,4,4,4,0,4.0,0.8247392699533616,20,0,20,0.0,0.0084,0.992,1.0,0.0,660,1.0,0.7736948937941102,0.449,%{cpu_percent: 45.0; memory_mb: 512},998377,1623,3,5,20,civ_adapt_gen1,0,100.0,0.05
2,2026-06-30T20:49:22.570000Z,5,50,6,6,1,1,6.0,0.8213288861974801,20,0,20,0.0,0.0074,0.993,1.0,0.0,865,1.0,0.6841815902283963,0.277,%{cpu_percent: 45.0; memory_mb: 512},995636,2741,3,4,20,civ_adapt_gen2,0,100.0,0.05
3,2026-06-30T20:49:22.587000Z,2,50,5,5,1,0,5.0,0.843798854274915,20,0,20,0.0,0.0072,0.993,1.0,0.0,725,1.0,0.7100925988796806,0.248,%{cpu_percent: 45.0; memory_mb: 512},994227,1409,3,5,20,civ_adapt_gen3,0,100.0,0.05
4,2026-06-30T20:49:22.591000Z,2,50,5,5,2,0,5.0,0.8938851188263851,20,0,20,0.0,0.0043,0.996,1.0,0.0,750,1.0,0.6107437486807795,0.226,%{cpu_percent: 45.0; memory_mb: 512},991114,3113,3,5,20,civ_adapt_gen4,0,100.0,0.05
5,2026-06-30T20:49:22.602000Z,3,50,5,5,1,3,5.0,0.9044824173323703,20,0,20,0.0,0.0081,0.992,1.0,0.0,725,1.0,0.755490225610171,0.437,%{cpu_percent: 45.0; memory_mb: 512},988964,2150,3,4,20,civ_adapt_gen5,0,100.0,0.05
6,2026-06-30T20:49:22.613000Z,2,50,3,3,3,2,3.0,0.809563427157232,20,0,20,0.0,0.0088,0.991,1.0,0.0,495,1.0,0.6412804751427417,0.415,%{cpu_percent: 45.0; memory_mb: 512},987122,1842,3,3,20,civ_adapt_gen6,0,100.0,0.05
7,2026-06-30T20:49:22.626000Z,2,50,5,5,1,0,5.0,0.8392868740123112,20,0,20,0.0,0.0061,0.994,1.0,0.0,725,1.0,0.6274578684003744,0.32,%{cpu_percent: 45.0; memory_mb: 512},984101,3021,3,3,20,civ_adapt_gen7,0,100.0,0.05
8,2026-06-30T20:49:22.643000Z,2,50,4,4,2,1,4.0,0.8959465592206921,20,0,20,0.0,0.0082,0.992,1.0,0.0,610,1.0,0.872011311107609,0.323,%{cpu_percent: 45.0; memory_mb: 512},981095,3006,3,7,20,civ_adapt_gen8,0,100.0,0.05
9,2026-06-30T20:49:22.650000Z,2,50,6,6,1,1,6.0,0.8968279316093001,20,0,20,0.0,0.0084,0.992,1.0,0.0,865,1.0,0.6160695988823565,0.31,%{cpu_percent: 45.0; memory_mb: 512},979050,2045,3,3,20,civ_adapt_gen9,0,100.0,0.05
10,2026-06-30T20:49:22.660000Z,2,50,3,3,3,1,3.0,0.9423693185636791,20,0,20,0.0,0.007,0.993,1.0,0.0,495,1.0,0.6795819929014665,0.232,%{cpu_percent: 45.0; memory_mb: 512},977196,1854,3,7,20,civ_adapt_gen10,0,100.0,0.05
1,2026-06-30T20:49:22.679000Z,2,50,3,3,1,2,3.0,0.8673928832963299,20,0,20,0.0,0.0078,0.992,1.0,0.0,445,1.0,0.6843130834820994,0.334,%{cpu_percent: 45.0; memory_mb: 512},998326,1674,3,4,20,civ_adapt_gen1,0,100.0,0.05
2,2026-06-30T20:49:22.688000Z,1,50,4,4,4,1,4.0,0.8312749667100722,20,0,20,0.0,0.0075,0.993,1.0,0.0,660,1.0,0.6912504776706639,0.333,%{cpu_percent: 45.0; memory_mb: 512},996033,2293,3,3,20,civ_adapt_gen2,0,100.0,0.05
3,2026-06-30T20:49:22.711000Z,2,50,6,6,2,3,6.0,0.8613034745850895,20,0,20,0.0,0.0085,0.992,1.0,0.0,890,1.0,0.863320507954838,0.325,%{cpu_percent: 45.0; memory_mb: 512},992911,3122,3,5,20,civ_adapt_gen3,0,100.0,0.05
4,2026-06-30T20:49:22.716000Z,2,50,5,5,4,2,5.0,0.917151605730024,20,0,20,0.0,0.0067,0.993,1.0,0.0,800,1.0,0.6279116015000705,0.367,%{cpu_percent: 45.0; memory_mb: 512},990161,2750,3,4,20,civ_adapt_gen4,0,100.0,0.05
5,2026-06-30T20:49:22.729000Z,2,50,3,3,2,2,3.0,0.9317168288646522,20,0,20,0.0,0.008,0.992,1.0,0.0,470,1.0,0.7542862907691718,0.275,%{cpu_percent: 45.0; memory_mb: 512},988809,1352,3,7,20,civ_adapt_gen5,0,100.0,0.05
6,2026-06-30T20:49:22.746000Z,3,50,3,3,2,3,3.0,0.9342442353303693,20,0,20,0.0,0.0083,0.992,1.0,0.0,470,1.0,0.6851969250204288,0.467,%{cpu_percent: 45.0; memory_mb: 512},985666,3143,3,6,20,civ_adapt_gen6,0,100.0,0.05
7,2026-06-30T20:49:22.764000Z,2,50,4,4,2,0,4.0,0.841576237134693,20,0,20,0.0,0.0091,0.991,1.0,0.0,610,1.0,0.758736940165091,0.519,%{cpu_percent: 45.0; memory_mb: 512},984082,1584,3,7,20,civ_adapt_gen7,0,100.0,0.05
8,2026-06-30T20:49:22.777000Z,3,50,5,5,2,1,5.0,0.8451003663291511,20,0,20,0.0,0.0071,0.993,1.0,0.0,750,1.0,0.7552854352608458,0.23,%{cpu_percent: 45.0; memory_mb: 512},982508,1574,3,4,20,civ_adapt_gen8,0,100.0,0.05
9,2026-06-30T20:49:22.782000Z,3,50,6,6,2,0,6.0,0.8566858018181222,20,0,20,0.0,0.0067,0.993,1.0,0.0,890,1.0,0.7257919053482709,0.486,%{cpu_percent: 45.0; memory_mb: 512},980692,1816,3,8,20,civ_adapt_gen9,0,100.0,0.05
10,2026-06-30T20:49:22.794000Z,2,50,3,3,2,0,3.0,0.8590435034842937,20,0,20,0.0,0.0089,0.991,1.0,0.0,470,1.0,0.8106736816629366,0.352,%{cpu_percent: 45.0; memory_mb: 512},979078,1614,3,7,20,civ_adapt_gen10,0,100.0,0.05
1,2026-06-30T20:49:22.826000Z,1,50,4,4,2,3,4.0,0.8287690220373384,20,0,20,0.0,0.0083,0.992,1.0,0.0,610,1.0,0.6040590003320633,0.4,%{cpu_percent: 45.0; memory_mb: 512},997007,2993,3,4,20,civ_adapt_gen1,0,100.0,0.05
2,2026-06-30T20:49:22.834000Z,2,50,6,6,2,4,6.0,0.893458477467852,20,0,20,0.0,0.0074,0.993,1.0,0.0,890,1.0,0.789546723576555,0.361,%{cpu_percent: 45.0; memory_mb: 512},995596,1411,3,8,20,civ_adapt_gen2,0,100.0,0.05
3,2026-06-30T20:49:22.841000Z,2,50,4,4,3,1,4.0,0.9106412204709217,20,0,20,0.0,0.0095,0.991,1.0,0.0,635,1.0,0.7304927010534521,0.488,%{cpu_percent: 45.0; memory_mb: 512},992823,2773,3,5,20,civ_adapt_gen3,0,100.0,0.05
4,2026-06-30T20:49:22.851000Z,2,50,4,4,2,2,4.0,0.8832152764689981,20,0,20,0.0,0.008,0.992,1.0,0.0,610,1.0,0.8782002646363268,0.409,%{cpu_percent: 45.0; memory_mb: 512},990598,2225,3,6,20,civ_adapt_gen4,0,100.0,0.05
5,2026-06-30T20:49:22.872000Z,2,50,5,5,2,4,5.0,0.8300775879842146,20,0,20,0.0,0.0063,0.994,1.0,0.0,750,1.0,0.8110229409656818,0.359,%{cpu_percent: 45.0; memory_mb: 512},987926,2672,3,3,20,civ_adapt_gen5,0,100.0,0.05
6,2026-06-30T20:49:22.884000Z,2,50,6,6,3,0,6.0,0.8614626701946669,20,0,20,0.0,0.007,0.993,1.0,0.0,915,1.0,0.6788144547779869,0.236,%{cpu_percent: 45.0; memory_mb: 512},985375,2551,3,3,20,civ_adapt_gen6,0,100.0,0.05
7,2026-06-30T20:49:22.889000Z,2,50,4,4,1,2,4.0,0.8142279416116733,20,0,20,0.0,0.0093,0.991,1.0,0.0,585,1.0,0.7447677810154347,0.338,%{cpu_percent: 45.0; memory_mb: 512},982493,2882,3,7,20,civ_adapt_gen7,0,100.0,0.05
8,2026-06-30T20:49:22.906000Z,2,50,6,6,2,2,6.0,0.886904542164334,20,0,20,0.0,0.0075,0.993,1.0,0.0,890,1.0,0.850601045492494,0.495,%{cpu_percent: 45.0; memory_mb: 512},981022,1471,3,3,20,civ_adapt_gen8,0,100.0,0.05
9,2026-06-30T20:49:22.921000Z,2,50,5,5,3,1,5.0,0.8753213599737335,20,0,20,0.0,0.0082,0.992,1.0,0.0,775,1.0,0.7922605763716309,0.302,%{cpu_percent: 45.0; memory_mb: 512},978287,2735,3,6,20,civ_adapt_gen9,0,100.0,0.05
10,2026-06-30T20:49:22.934000Z,2,50,4,4,2,2,4.0,0.9274647866059637,20,0,20,0.0,0.0091,0.991,1.0,0.0,610,1.0,0.8183768162925431,0.316,%{cpu_percent: 45.0; memory_mb: 512},976422,1865,3,4,20,civ_adapt_gen10,0,100.0,0.05
1,2026-06-30T20:49:22.955000Z,2,50,3,3,2,3,3.0,0.9490433323179326,20,0,20,0.0,0.0071,0.993,1.0,0.0,470,1.0,0.6570042715374632,0.304,%{cpu_percent: 45.0; memory_mb: 512},996923,3077,3,5,20,civ_adapt_gen1,0,100.0,0.05
2,2026-06-30T20:49:22.959000Z,2,50,3,3,1,3,3.0,0.8574612497062896,20,0,20,0.0,0.0066,0.993,1.0,0.0,445,1.0,0.7813303122421676,0.3,%{cpu_percent: 45.0; memory_mb: 512},994738,2185,3,8,20,civ_adapt_gen2,0,100.0,0.05
3,2026-06-30T20:49:22.970000Z,2,50,4,4,2,1,4.0,0.8385401489395533,20,0,20,0.0,0.007,0.993,1.0,0.0,610,1.0,0.8525450459079498,0.408,%{cpu_percent: 45.0; memory_mb: 512},993422,1316,3,4,20,civ_adapt_gen3,0,100.0,0.05
4,2026-06-30T20:49:22.985000Z,2,50,5,5,2,5,5.0,0.8215314679643848,20,0,20,0.0,0.0078,0.992,1.0,0.0,750,1.0,0.7011782502959678,0.303,%{cpu_percent: 45.0; memory_mb: 512},990227,3195,3,7,20,civ_adapt_gen4,0,100.0,0.05
5,2026-06-30T20:49:23.001000Z,2,50,5,5,1,7,5.0,0.8669895163478784,20,0,20,0.0,0.0074,0.993,1.0,0.0,725,1.0,0.8689730411436857,0.294,%{cpu_percent: 45.0; memory_mb: 512},988676,1551,3,6,20,civ_adapt_gen5,0,100.0,0.05
6,2026-06-30T20:49:23.004000Z,2,50,4,4,1,11,4.0,0.9130625528530051,20,0,20,0.0,0.0082,0.992,1.0,0.0,585,1.0,0.7443465262377051,0.287,%{cpu_percent: 45.0; memory_mb: 512},987313,1363,3,4,20,civ_adapt_gen6,0,100.0,0.05
7,2026-06-30T20:49:23.016000Z,3,50,6,6,1,25,6.0,0.8644579986370353,20,0,20,0.0,0.0081,0.992,1.0,0.0,865,1.0,0.7249156573895816,0.492,%{cpu_percent: 45.0; memory_mb: 512},984318,2995,3,6,20,civ_adapt_gen7,0,100.0,0.05
8,2026-06-30T20:49:23.028000Z,2,50,6,6,2,47,6.0,0.8222579972155339,20,0,20,0.0,0.0079,0.992,1.0,0.0,890,1.0,0.6724271805588032,0.421,%{cpu_percent: 45.0; memory_mb: 512},983293,1025,3,6,20,civ_adapt_gen8,0,100.0,0.05
9,2026-06-30T20:49:23.049000Z,2,50,5,5,1,92,5.0,0.8844472146865794,20,0,20,0.0,0.007,0.993,1.0,0.0,725,1.0,0.755156294443678,0.307,%{cpu_percent: 45.0; memory_mb: 512},981558,1735,3,7,20,civ_adapt_gen9,0,100.0,0.05
10,2026-06-30T20:49:23.052000Z,2,50,6,6,3,181,6.0,0.8257129052817894,20,0,20,0.0,0.0066,0.993,1.0,0.0,915,1.0,0.863566240073695,0.252,%{cpu_percent: 45.0; memory_mb: 512},980364,1194,3,4,20,civ_adapt_gen10,0,100.0,0.05
1,2026-06-30T20:49:23.082000Z,2,50,3,3,1,3,3.0,0.8345563537861516,20,0,20,0.0,0.0076,0.992,1.0,0.0,445,1.0,0.6689680283324773,0.449,%{cpu_percent: 45.0; memory_mb: 512},996925,3075,3,6,20,civ_adapt_gen1,0,100.0,0.05
2,2026-06-30T20:49:23.087000Z,3,50,3,3,2,2,3.0,0.945742026133322,20,0,20,0.0,0.0086,0.991,1.0,0.0,470,1.0,0.8290787204596388,0.223,%{cpu_percent: 45.0; memory_mb: 512},995407,1518,3,6,20,civ_adapt_gen2,0,100.0,0.05
3,2026-06-30T20:49:23.098000Z,2,50,5,5,1,2,5.0,0.8103628330428334,20,0,20,0.0,0.0054,0.995,1.0,0.0,725,1.0,0.8782737475212845,0.457,%{cpu_percent: 45.0; memory_mb: 512},993480,1927,3,7,20,civ_adapt_gen3,0,100.0,0.05
4,2026-06-30T20:49:23.108000Z,2,50,6,6,2,6,6.0,0.892572075225352,20,0,20,0.0,0.0069,0.993,1.0,0.0,890,1.0,0.6374375059890678,0.231,%{cpu_percent: 45.0; memory_mb: 512},990444,3036,3,6,20,civ_adapt_gen4,0,100.0,0.05
5,2026-06-30T20:49:23.128000Z,2,50,5,5,2,7,5.0,0.9069501611507159,20,0,20,0.0,0.0063,0.994,1.0,0.0,750,1.0,0.8770012215646952,0.261,%{cpu_percent: 45.0; memory_mb: 512},987816,2628,3,6,20,civ_adapt_gen5,0,100.0,0.05
6,2026-06-30T20:49:23.139000Z,10,50,3,3,3,13,3.0,0.879734181031547,20,0,20,0.0,0.0059,0.994,1.0,0.0,495,1.0,0.6815180608481267,0.435,%{cpu_percent: 45.0; memory_mb: 512},986387,1429,3,7,20,civ_adapt_gen6,0,100.0,0.05
7,2026-06-30T20:49:23.152000Z,2,50,4,4,3,22,4.0,0.8832213745000396,20,0,20,0.0,0.007,0.993,1.0,0.0,635,1.0,0.783249747366377,0.408,%{cpu_percent: 45.0; memory_mb: 512},984351,2036,3,3,20,civ_adapt_gen7,0,100.0,0.05
8,2026-06-30T20:49:23.155000Z,1,50,4,4,1,42,4.0,0.9279279029517806,20,0,20,0.0,0.0055,0.995,1.0,0.0,585,1.0,0.6903523211091478,0.309,%{cpu_percent: 45.0; memory_mb: 512},982547,1804,3,6,20,civ_adapt_gen8,0,100.0,0.05
9,2026-06-30T20:49:23.167000Z,2,50,4,4,2,83,4.0,0.8581418077256173,20,0,20,0.0,0.007,0.993,1.0,0.0,610,1.0,0.7998331193011434,0.369,%{cpu_percent: 45.0; memory_mb: 512},980074,2473,3,8,20,civ_adapt_gen9,0,100.0,0.05
10,2026-06-30T20:49:23.186000Z,1,50,4,4,3,161,4.0,0.8052255462728245,20,0,20,0.0,0.007,0.993,1.0,0.0,635,1.0,0.6428542288381105,0.315,%{cpu_percent: 45.0; memory_mb: 512},978652,1422,3,7,20,civ_adapt_gen10,0,100.0,0.05
1,2026-06-30T20:50:55.033000Z,4,50,4,4,3,0,4.0,0.91091376161538,20,0,20,0.0,0.0085,0.992,1.0,0.0,635,1.0,0.8278566951253898,0.255,%{cpu_percent: 45.0; memory_mb: 512},997030,2970,3,4,20,civ_adapt_gen1,0,100.0,0.05
2,2026-06-30T20:50:55.052000Z,2,50,3,3,3,0,3.0,0.9443500992993223,20,0,20,0.0,0.0076,0.992,1.0,0.0,495,1.0,0.6503252154010591,0.261,%{cpu_percent: 45.0; memory_mb: 512},994648,2382,3,6,20,civ_adapt_gen2,0,100.0,0.05
3,2026-06-30T20:50:55.056000Z,2,50,3,3,1,0,3.0,0.8547228840221391,20,0,20,0.0,0.0084,0.992,1.0,0.0,445,1.0,0.6953663928645568,0.482,%{cpu_percent: 45.0; memory_mb: 512},991701,2947,3,4,20,civ_adapt_gen3,0,100.0,0.05
4,2026-06-30T20:50:55.076000Z,2,50,6,6,2,1,6.0,0.8938379565565104,20,0,20,0.0,0.0074,0.993,1.0,0.0,890,1.0,0.6992930076493679,0.501,%{cpu_percent: 45.0; memory_mb: 512},989352,2349,3,8,20,civ_adapt_gen4,0,100.0,0.05
5,2026-06-30T20:50:55.083000Z,2,50,2,2,2,1,2.0,0.8602048899579452,20,0,20,0.0,0.0078,0.992,1.0,0.0,330,1.0,0.7864486058551569,0.338,%{cpu_percent: 45.0; memory_mb: 512},986176,3176,3,8,20,civ_adapt_gen5,0,100.0,0.05
6,2026-06-30T20:50:55.094000Z,1,50,5,5,2,1,5.0,0.9052392276723283,20,0,20,0.0,0.0062,0.994,1.0,0.0,750,1.0,0.7343762040185163,0.267,%{cpu_percent: 45.0; memory_mb: 512},984848,1328,3,5,20,civ_adapt_gen6,0,100.0,0.05
7,2026-06-30T20:50:55.105000Z,2,50,3,3,3,0,3.0,0.835428657528042,20,0,20,0.0,0.007,0.993,1.0,0.0,495,1.0,0.731671629982861,0.252,%{cpu_percent: 45.0; memory_mb: 512},982372,2476,3,3,20,civ_adapt_gen7,0,100.0,0.05
8,2026-06-30T20:50:55.115000Z,2,50,6,6,2,2,6.0,0.928356525712434,20,0,20,0.0,0.0085,0.992,1.0,0.0,890,1.0,0.8517636867706389,0.24,%{cpu_percent: 45.0; memory_mb: 512},979415,2957,3,6,20,civ_adapt_gen8,0,100.0,0.05
9,2026-06-30T20:50:55.126000Z,2,50,3,3,2,0,3.0,0.9471180068005313,20,0,20,0.0,0.0061,0.994,1.0,0.0,470,1.0,0.7181681018693892,0.455,%{cpu_percent: 45.0; memory_mb: 512},976937,2478,3,5,20,civ_adapt_gen9,0,100.0,0.05
10,2026-06-30T20:50:55.138000Z,2,50,5,5,2,0,5.0,0.8037373062844467,20,0,20,0.0,0.0073,0.993,1.0,0.0,750,1.0,0.8821747950929273,0.413,%{cpu_percent: 45.0; memory_mb: 512},975595,1342,3,7,20,civ_adapt_gen10,0,100.0,0.05
1,2026-06-30T20:50:55.166000Z,2,50,6,6,2,2,6.0,0.814836385900041,20,0,20,0.0,0.0086,0.991,1.0,0.0,890,1.0,0.7131010112860235,0.368,%{cpu_percent: 45.0; memory_mb: 512},998439,1561,3,3,20,civ_adapt_gen1,0,100.0,0.05
2,2026-06-30T20:50:55.177000Z,2,50,5,5,2,0,5.0,0.9119227854246796,20,0,20,0.0,0.008,0.992,1.0,0.0,750,1.0,0.6147456052740691,0.435,%{cpu_percent: 45.0; memory_mb: 512},995485,2954,3,6,20,civ_adapt_gen2,0,100.0,0.05
3,2026-06-30T20:50:55.193000Z,2,50,3,3,1,2,3.0,0.845365285051833,20,0,20,0.0,0.0071,0.993,1.0,0.0,445,1.0,0.7587177567167528,0.215,%{cpu_percent: 45.0; memory_mb: 512},994027,1458,3,8,20,civ_adapt_gen3,0,100.0,0.05
4,2026-06-30T20:50:55.201000Z,2,50,5,5,1,1,5.0,0.8208802417449992,20,0,20,0.0,0.0091,0.991,1.0,0.0,725,1.0,0.8647521986983686,0.331,%{cpu_percent: 45.0; memory_mb: 512},991936,2091,3,5,20,civ_adapt_gen4,0,100.0,0.05
5,2026-06-30T20:50:55.208000Z,2,50,5,5,3,2,5.0,0.8185175076124357,20,0,20,0.0,0.0062,0.994,1.0,0.0,775,1.0,0.766542311517199,0.303,%{cpu_percent: 45.0; memory_mb: 512},989803,2133,3,7,20,civ_adapt_gen5,0,100.0,0.05
6,2026-06-30T20:50:55.225000Z,2,50,4,4,2,3,4.0,0.8151773201309063,20,0,20,0.0,0.0069,0.993,1.0,0.0,610,1.0,0.7876604517058667,0.403,%{cpu_percent: 45.0; memory_mb: 512},986903,2900,3,7,20,civ_adapt_gen6,0,100.0,0.05
7,2026-06-30T20:50:55.230000Z,2,50,5,5,1,4,5.0,0.8866672874080681,20,0,20,0.0,0.007,0.993,1.0,0.0,725,1.0,0.7676069728685129,0.274,%{cpu_percent: 45.0; memory_mb: 512},984154,2749,3,5,20,civ_adapt_gen7,0,100.0,0.05
8,2026-06-30T20:50:55.241000Z,2,50,3,3,1,7,3.0,0.80342691940227,20,0,20,0.0,0.0066,0.993,1.0,0.0,445,1.0,0.8416059824232637,0.257,%{cpu_percent: 45.0; memory_mb: 512},981667,2487,3,5,20,civ_adapt_gen8,0,100.0,0.05
9,2026-06-30T20:50:55.251000Z,2,50,2,2,3,10,2.0,0.9301114067633716,20,0,20,0.0,0.0081,0.992,1.0,0.0,355,1.0,0.7875583128994639,0.239,%{cpu_percent: 45.0; memory_mb: 512},978548,3119,3,4,20,civ_adapt_gen9,0,100.0,0.05
10,2026-06-30T20:50:55.272000Z,2,50,5,5,4,15,5.0,0.8943388849594398,20,0,20,0.0,0.0069,0.993,1.0,0.0,800,1.0,0.6206528919493006,0.287,%{cpu_percent: 45.0; memory_mb: 512},976890,1658,3,3,20,civ_adapt_gen10,0,100.0,0.05
1,2026-06-30T20:50:55.289000Z,2,50,6,6,2,0,6.0,0.862225561735559,20,0,20,0.0,0.0068,0.993,1.0,0.0,890,1.0,0.8839680265409816,0.328,%{cpu_percent: 45.0; memory_mb: 512},997131,2869,3,6,20,civ_adapt_gen1,0,100.0,0.05
2,2026-06-30T20:50:55.304000Z,2,50,6,6,3,0,6.0,0.943160325171078,20,0,20,0.0,0.0077,0.992,1.0,0.0,915,1.0,0.823035035595486,0.487,%{cpu_percent: 45.0; memory_mb: 512},994299,2832,3,7,20,civ_adapt_gen2,0,100.0,0.05
3,2026-06-30T20:50:55.307000Z,2,50,4,4,3,0,4.0,0.8692768144730862,20,0,20,0.0,0.0073,0.993,1.0,0.0,635,1.0,0.8221672516323015,0.407,%{cpu_percent: 45.0; memory_mb: 512},992943,1356,3,3,20,civ_adapt_gen3,0,100.0,0.05
4,2026-06-30T20:50:55.318000Z,2,50,4,4,2,2,4.0,0.8848370166213024,20,0,20,0.0,0.0081,0.992,1.0,0.0,610,1.0,0.6140601056464656,0.42,%{cpu_percent: 45.0; memory_mb: 512},989990,2953,3,7,20,civ_adapt_gen4,0,100.0,0.05
5,2026-06-30T20:50:55.329000Z,2,50,4,4,1,2,4.0,0.8198286525635738,20,0,20,0.0,0.0076,0.992,1.0,0.0,585,1.0,0.8009747320344816,0.365,%{cpu_percent: 45.0; memory_mb: 512},988234,1756,3,7,20,civ_adapt_gen5,0,100.0,0.05
6,2026-06-30T20:50:55.340000Z,2,50,2,2,3,0,2.0,0.8983327658057583,20,0,20,0.0,0.0065,0.994,1.0,0.0,355,1.0,0.6455933954793666,0.32,%{cpu_percent: 45.0; memory_mb: 512},986265,1969,3,4,20,civ_adapt_gen6,0,100.0,0.05
7,2026-06-30T20:50:55.353000Z,1,50,3,3,3,0,3.0,0.8489146170114733,20,0,20,0.0,0.0082,0.992,1.0,0.0,495,1.0,0.8173318120677671,0.342,%{cpu_percent: 45.0; memory_mb: 512},984978,1287,3,3,20,civ_adapt_gen7,0,100.0,0.05
8,2026-06-30T20:50:55.363000Z,1,50,4,4,1,0,4.0,0.8272428954342963,20,0,20,0.0,0.008,0.992,1.0,0.0,585,1.0,0.8990987254014182,0.41,%{cpu_percent: 45.0; memory_mb: 512},982886,2092,3,4,20,civ_adapt_gen8,0,100.0,0.05
9,2026-06-30T20:50:55.374000Z,1,50,2,2,1,0,2.0,0.8548675028828674,20,0,20,0.0,0.0078,0.992,1.0,0.0,305,1.0,0.8517631452795238,0.331,%{cpu_percent: 45.0; memory_mb: 512},980338,2548,3,3,20,civ_adapt_gen9,0,100.0,0.05
10,2026-06-30T20:50:55.385000Z,1,50,5,5,3,0,5.0,0.8343706589388808,20,0,20,0.0,0.0084,0.992,1.0,0.0,775,1.0,0.6883969510769026,0.477,%{cpu_percent: 45.0; memory_mb: 512},977556,2782,3,5,20,civ_adapt_gen10,0,100.0,0.05
1,2026-06-30T20:50:55.416000Z,2,50,4,4,1,4,4.0,0.8653787198252355,20,0,20,0.0,0.0058,0.994,1.0,0.0,585,1.0,0.6441848929425658,0.306,%{cpu_percent: 45.0; memory_mb: 512},997778,2222,3,6,20,civ_adapt_gen1,0,100.0,0.05
2,2026-06-30T20:50:55.419000Z,1,50,3,3,2,1,3.0,0.9087780895746849,20,0,20,0.0,0.0076,0.992,1.0,0.0,470,1.0,0.6727875031530377,0.275,%{cpu_percent: 45.0; memory_mb: 512},994881,2897,3,3,20,civ_adapt_gen2,0,100.0,0.05
3,2026-06-30T20:50:55.439000Z,2,50,4,4,1,2,4.0,0.8951409555999262,20,0,20,0.0,0.0087,0.991,1.0,0.0,585,1.0,0.7432294164702561,0.391,%{cpu_percent: 45.0; memory_mb: 512},992708,2173,3,7,20,civ_adapt_gen3,0,100.0,0.05
4,2026-06-30T20:50:55.452000Z,2,50,4,4,4,3,4.0,0.8113591425888673,20,0,20,0.0,0.007,0.993,1.0,0.0,660,1.0,0.7417928253418651,0.34,%{cpu_percent: 45.0; memory_mb: 512},990671,2037,3,7,20,civ_adapt_gen4,0,100.0,0.05
5,2026-06-30T20:50:55.465000Z,2,50,6,6,2,5,6.0,0.9432840929249744,20,0,20,0.0,0.0074,0.993,1.0,0.0,890,1.0,0.695340020049871,0.505,%{cpu_percent: 45.0; memory_mb: 512},987664,3007,3,8,20,civ_adapt_gen5,0,100.0,0.05
6,2026-06-30T20:50:55.468000Z,2,50,3,3,3,6,3.0,0.9287324536214534,20,0,20,0.0,0.0059,0.994,1.0,0.0,495,1.0,0.8010350166204753,0.222,%{cpu_percent: 45.0; memory_mb: 512},986332,1332,3,7,20,civ_adapt_gen6,0,100.0,0.05
7,2026-06-30T20:50:55.479000Z,2,50,3,3,2,10,3.0,0.8204518246058339,20,0,20,0.0,0.0091,0.991,1.0,0.0,470,1.0,0.7245806778344174,0.285,%{cpu_percent: 45.0; memory_mb: 512},983669,2663,3,6,20,civ_adapt_gen7,0,100.0,0.05
8,2026-06-30T20:50:55.495000Z,1,50,3,3,4,16,3.0,0.937464962175617,20,0,20,0.0,0.0065,0.994,1.0,0.0,520,1.0,0.7073504973329424,0.257,%{cpu_percent: 45.0; memory_mb: 512},981953,1716,3,8,20,civ_adapt_gen8,0,100.0,0.05
9,2026-06-30T20:50:55.514000Z,2,50,4,4,2,29,4.0,0.9280148197566351,20,0,20,0.0,0.0075,0.993,1.0,0.0,610,1.0,0.8093545775600297,0.303,%{cpu_percent: 45.0; memory_mb: 512},980399,1554,3,3,20,civ_adapt_gen9,0,100.0,0.05
10,2026-06-30T20:50:55.518000Z,2,50,4,4,1,57,4.0,0.9138301286534514,20,0,20,0.0,0.0077,0.992,1.0,0.0,585,1.0,0.6819835917963786,0.286,%{cpu_percent: 45.0; memory_mb: 512},977215,3184,3,3,20,civ_adapt_gen10,0,100.0,0.05
1,2026-06-30T20:50:55.543000Z,1,50,5,5,2,0,5.0,0.917472307436931,20,0,20,0.0,0.007,0.993,1.0,0.0,750,1.0,0.8346659930741662,0.235,%{cpu_percent: 45.0; memory_mb: 512},997963,2037,3,8,20,civ_adapt_gen1,0,100.0,0.05
2,2026-06-30T20:50:55.548000Z,3,50,5,5,3,0,5.0,0.8315863873463956,20,0,20,0.0,0.0074,0.993,1.0,0.0,775,1.0,0.8822984775065086,0.468,%{cpu_percent: 45.0; memory_mb: 512},996398,1565,3,6,20,civ_adapt_gen2,0,100.0,0.05
3,2026-06-30T20:50:55.558000Z,2,50,5,5,2,0,5.0,0.8804857551973966,20,0,20,0.0,0.0084,0.992,1.0,0.0,750,1.0,0.6532127093773804,0.239,%{cpu_percent: 45.0; memory_mb: 512},994293,2105,3,5,20,civ_adapt_gen3,0,100.0,0.05
4,2026-06-30T20:50:55.569000Z,2,50,5,5,3,0,5.0,0.861951160651869,20,0,20,0.0,0.0104,0.99,1.0,0.0,775,1.0,0.7746919099248535,0.369,%{cpu_percent: 45.0; memory_mb: 512},991742,2551,3,8,20,civ_adapt_gen4,0,100.0,0.05
5,2026-06-30T20:50:55.582000Z,2,50,6,6,2,3,6.0,0.9119842872436579,20,0,20,0.0,0.0074,0.993,1.0,0.0,890,1.0,0.8936370581135147,0.385,%{cpu_percent: 45.0; memory_mb: 512},988686,3056,3,3,20,civ_adapt_gen5,0,100.0,0.05
6,2026-06-30T20:50:55.602000Z,2,50,5,5,3,2,5.0,0.9254899346977707,20,0,20,0.0,0.0078,0.992,1.0,0.0,775,1.0,0.7660595745463268,0.504,%{cpu_percent: 45.0; memory_mb: 512},987193,1493,3,8,20,civ_adapt_gen6,0,100.0,0.05
7,2026-06-30T20:50:55.605000Z,2,50,4,4,2,2,4.0,0.8801233485750354,20,0,20,0.0,0.0079,0.992,1.0,0.0,610,1.0,0.6295898743373103,0.452,%{cpu_percent: 45.0; memory_mb: 512},985475,1718,3,3,20,civ_adapt_gen7,0,100.0,0.05
8,2026-06-30T20:50:55.616000Z,2,50,2,2,3,2,2.0,0.9183490581422338,20,0,20,0.0,0.0068,0.993,1.0,0.0,355,1.0,0.6492626598277951,0.334,%{cpu_percent: 45.0; memory_mb: 512},982875,2600,3,8,20,civ_adapt_gen8,0,100.0,0.05
9,2026-06-30T20:50:55.637000Z,1,50,3,3,2,1,3.0,0.8102425085570326,20,0,20,0.0,0.0084,0.992,1.0,0.0,470,1.0,0.6094321588143622,0.236,%{cpu_percent: 45.0; memory_mb: 512},981414,1461,3,8,20,civ_adapt_gen9,0,100.0,0.05
10,2026-06-30T20:50:55.640000Z,1,50,4,4,2,2,4.0,0.8544058519084301,20,0,20,0.0,0.0098,0.99,1.0,0.0,610,1.0,0.832975032360848,0.372,%{cpu_percent: 45.0; memory_mb: 512},978885,2529,3,5,20,civ_adapt_gen10,0,100.0,0.05
1,2026-06-30T20:51:54.899000Z,4,50,6,6,3,0,6.0,0.8823872714713232,20,0,20,0.0,0.0081,0.992,1.0,0.0,915,1.0,0.7605362455428198,0.338,%{cpu_percent: 45.0; memory_mb: 512},998622,1378,3,7,20,civ_adapt_gen1,0,100.0,0.05
2,2026-06-30T20:51:54.912000Z,2,50,6,6,3,0,6.0,0.9146135984103246,20,0,20,0.0,0.0081,0.992,1.0,0.0,915,1.0,0.7009808520570834,0.384,%{cpu_percent: 45.0; memory_mb: 512},997278,1344,3,3,20,civ_adapt_gen2,0,100.0,0.05
3,2026-06-30T20:51:54.928000Z,2,50,4,4,2,0,4.0,0.8903225147343296,20,0,20,0.0,0.0069,0.993,1.0,0.0,610,1.0,0.8527786801901414,0.238,%{cpu_percent: 45.0; memory_mb: 512},995032,2246,3,8,20,civ_adapt_gen3,0,100.0,0.05
4,2026-06-30T20:51:54.941000Z,2,50,3,3,2,0,3.0,0.8641099671856972,20,0,20,0.0,0.0074,0.993,1.0,0.0,470,1.0,0.6267144691270458,0.49,%{cpu_percent: 45.0; memory_mb: 512},993335,1697,3,7,20,civ_adapt_gen4,0,100.0,0.05
5,2026-06-30T20:51:54.955000Z,2,50,5,5,2,2,5.0,0.8605456988294026,20,0,20,0.0,0.0073,0.993,1.0,0.0,750,1.0,0.7345119024076912,0.322,%{cpu_percent: 45.0; memory_mb: 512},990057,3278,3,3,20,civ_adapt_gen5,0,100.0,0.05
6,2026-06-30T20:51:54.965000Z,2,50,5,5,2,2,5.0,0.878631853437532,20,0,20,0.0,0.0082,0.992,1.0,0.0,750,1.0,0.6872321511526737,0.234,%{cpu_percent: 45.0; memory_mb: 512},987905,2152,3,6,20,civ_adapt_gen6,0,100.0,0.05
7,2026-06-30T20:51:54.978000Z,2,50,4,4,3,0,4.0,0.8609432292458441,20,0,20,0.0,0.0078,0.992,1.0,0.0,635,1.0,0.8592102020884281,0.345,%{cpu_percent: 45.0; memory_mb: 512},985852,2053,3,6,20,civ_adapt_gen7,0,100.0,0.05
8,2026-06-30T20:51:54.992000Z,3,50,5,5,2,0,5.0,0.9305789745229217,20,0,20,0.0,0.0069,0.993,1.0,0.0,750,1.0,0.868897426862359,0.318,%{cpu_percent: 45.0; memory_mb: 512},983109,2743,3,8,20,civ_adapt_gen8,0,100.0,0.05
9,2026-06-30T20:51:55.007000Z,2,50,3,3,3,0,3.0,0.9260614313556517,20,0,20,0.0,0.0072,0.993,1.0,0.0,495,1.0,0.7913966700554178,0.289,%{cpu_percent: 45.0; memory_mb: 512},980268,2841,3,8,20,civ_adapt_gen9,0,100.0,0.05
10,2026-06-30T20:51:55.021000Z,1,50,6,6,1,0,6.0,0.9167067206211844,20,0,20,0.0,0.008,0.992,1.0,0.0,865,1.0,0.6850028982206284,0.395,%{cpu_percent: 45.0; memory_mb: 512},977379,2889,3,8,20,civ_adapt_gen10,0,100.0,0.05
1,2026-06-30T20:51:55.050000Z,3,50,5,5,2,0,5.0,0.8187222536578299,20,0,20,0.0,0.0072,0.993,1.0,0.0,750,1.0,0.7591053248876287,0.33,%{cpu_percent: 45.0; memory_mb: 512},997021,2979,3,4,20,civ_adapt_gen1,0,100.0,0.05
2,2026-06-30T20:51:55.058000Z,3,50,3,3,4,0,3.0,0.8072575297656197,20,0,20,0.0,0.0072,0.993,1.0,0.0,520,1.0,0.8309101543491957,0.208,%{cpu_percent: 45.0; memory_mb: 512},994365,2656,3,4,20,civ_adapt_gen2,0,100.0,0.05
3,2026-06-30T20:51:55.075000Z,2,50,3,3,2,0,3.0,0.8621636499946277,20,0,20,0.0,0.0057,0.994,1.0,0.0,470,1.0,0.8311801089678909,0.26,%{cpu_percent: 45.0; memory_mb: 512},991199,3166,3,6,20,civ_adapt_gen3,0,100.0,0.05
4,2026-06-30T20:51:55.088000Z,2,50,3,3,2,0,3.0,0.9332834003072419,20,0,20,0.0,0.0071,0.993,1.0,0.0,470,1.0,0.686960698877901,0.491,%{cpu_percent: 45.0; memory_mb: 512},989967,1232,3,3,20,civ_adapt_gen4,0,100.0,0.05
5,2026-06-30T20:51:55.105000Z,2,50,3,3,3,0,3.0,0.9242978018334617,20,0,20,0.0,0.0083,0.992,1.0,0.0,495,1.0,0.8903761286659883,0.394,%{cpu_percent: 45.0; memory_mb: 512},986856,3111,3,5,20,civ_adapt_gen5,0,100.0,0.05
6,2026-06-30T20:51:55.121000Z,2,50,3,3,1,2,3.0,0.8168682415517814,20,0,20,0.0,0.0087,0.991,1.0,0.0,445,1.0,0.7179755031195528,0.312,%{cpu_percent: 45.0; memory_mb: 512},984814,2042,3,4,20,civ_adapt_gen6,0,100.0,0.05
7,2026-06-30T20:51:55.124000Z,2,50,6,6,1,1,6.0,0.885078176330236,20,0,20,0.0,0.0079,0.992,1.0,0.0,865,1.0,0.77694982330231,0.343,%{cpu_percent: 45.0; memory_mb: 512},982175,2639,3,8,20,civ_adapt_gen7,0,100.0,0.05
8,2026-06-30T20:51:55.139000Z,3,50,3,3,3,2,3.0,0.9314505723384122,20,0,20,0.0,0.0066,0.993,1.0,0.0,495,1.0,0.8949515903991239,0.376,%{cpu_percent: 45.0; memory_mb: 512},980931,1244,3,6,20,civ_adapt_gen8,0,100.0,0.05
9,2026-06-30T20:51:55.149000Z,2,50,3,3,2,1,3.0,0.8796970387501396,20,0,20,0.0,0.0076,0.992,1.0,0.0,470,1.0,0.8411387180795581,0.387,%{cpu_percent: 45.0; memory_mb: 512},978805,2126,3,4,20,civ_adapt_gen9,0,100.0,0.05
10,2026-06-30T20:51:55.163000Z,1,50,3,3,2,0,3.0,0.8687288905228799,20,0,20,0.0,0.0069,0.993,1.0,0.0,470,1.0,0.8652343144729795,0.389,%{cpu_percent: 45.0; memory_mb: 512},976328,2477,3,4,20,civ_adapt_gen10,0,100.0,0.05
1,2026-06-30T20:51:55.193000Z,2,50,4,4,4,1,4.0,0.8722938449362119,20,0,20,0.0,0.0074,0.993,1.0,0.0,660,1.0,0.8822732839674629,0.443,%{cpu_percent: 45.0; memory_mb: 512},997558,2442,3,8,20,civ_adapt_gen1,0,100.0,0.05
2,2026-06-30T20:51:55.212000Z,16,50,5,5,2,0,5.0,0.8794895456288384,20,0,20,0.0,0.0082,0.992,1.0,0.0,750,1.0,0.7588736634340819,0.241,%{cpu_percent: 45.0; memory_mb: 512},994677,2881,3,7,20,civ_adapt_gen2,0,100.0,0.05
3,2026-06-30T20:51:55.216000Z,2,50,4,4,4,1,4.0,0.87726719284758,20,0,20,0.0,0.0068,0.993,1.0,0.0,660,1.0,0.8791659697101735,0.261,%{cpu_percent: 45.0; memory_mb: 512},992930,1747,3,5,20,civ_adapt_gen3,0,100.0,0.05
4,2026-06-30T20:51:55.238000Z,2,50,6,6,2,0,6.0,0.8427799080465872,20,0,20,0.0,0.0076,0.992,1.0,0.0,890,1.0,0.7083156207371,0.305,%{cpu_percent: 45.0; memory_mb: 512},990235,2695,3,5,20,civ_adapt_gen4,0,100.0,0.05
5,2026-06-30T20:51:55.251000Z,2,50,3,3,2,0,3.0,0.9215328515481295,20,0,20,0.0,0.0071,0.993,1.0,0.0,470,1.0,0.8861358600409543,0.236,%{cpu_percent: 45.0; memory_mb: 512},987564,2671,3,8,20,civ_adapt_gen5,0,100.0,0.05
6,2026-06-30T20:51:55.256000Z,2,50,4,4,2,3,4.0,0.9253466440328959,20,0,20,0.0,0.0068,0.993,1.0,0.0,610,1.0,0.8179658525887541,0.46,%{cpu_percent: 45.0; memory_mb: 512},985289,2275,3,7,20,civ_adapt_gen6,0,100.0,0.05
7,2026-06-30T20:51:55.271000Z,4,50,4,4,1,2,4.0,0.9469149346465828,20,0,20,0.0,0.0087,0.991,1.0,0.0,585,1.0,0.8535143706418692,0.379,%{cpu_percent: 45.0; memory_mb: 512},983722,1567,3,5,20,civ_adapt_gen7,0,100.0,0.05
8,2026-06-30T20:51:55.294000Z,2,50,6,6,2,4,6.0,0.9437349365698733,20,0,20,0.0,0.0085,0.992,1.0,0.0,890,1.0,0.6390067415675159,0.497,%{cpu_percent: 45.0; memory_mb: 512},981607,2115,3,5,20,civ_adapt_gen8,0,100.0,0.05
9,2026-06-30T20:51:55.297000Z,2,50,2,2,1,8,2.0,0.9137083078742844,20,0,20,0.0,0.0075,0.993,1.0,0.0,305,1.0,0.6284687724888666,0.436,%{cpu_percent: 45.0; memory_mb: 512},980312,1295,3,5,20,civ_adapt_gen9,0,100.0,0.05
10,2026-06-30T20:51:55.310000Z,2,50,3,3,2,10,3.0,0.8795865497115095,20,0,20,0.0,0.0073,0.993,1.0,0.0,470,1.0,0.6873206062945123,0.364,%{cpu_percent: 45.0; memory_mb: 512},978513,1799,3,3,20,civ_adapt_gen10,0,100.0,0.05
1,2026-06-30T20:51:55.340000Z,2,50,3,3,3,2,3.0,0.8293576266896617,20,0,20,0.0,0.0058,0.994,1.0,0.0,495,1.0,0.7894329895692701,0.502,%{cpu_percent: 45.0; memory_mb: 512},998635,1365,3,8,20,civ_adapt_gen1,0,100.0,0.05
2,2026-06-30T20:51:55.346000Z,1,50,5,5,2,3,5.0,0.8337233624509527,20,0,20,0.0,0.0084,0.992,1.0,0.0,750,1.0,0.8672370881601057,0.358,%{cpu_percent: 45.0; memory_mb: 512},996785,1850,3,4,20,civ_adapt_gen2,0,100.0,0.05
3,2026-06-30T20:51:55.369000Z,3,50,4,4,1,1,4.0,0.808447280525954,20,0,20,0.0,0.0081,0.992,1.0,0.0,585,1.0,0.7948611999400642,0.335,%{cpu_percent: 45.0; memory_mb: 512},995509,1276,3,8,20,civ_adapt_gen3,0,100.0,0.05
4,2026-06-30T20:51:55.373000Z,2,50,3,3,2,2,3.0,0.8793209806866635,20,0,20,0.0,0.0082,0.992,1.0,0.0,470,1.0,0.6647352283994042,0.273,%{cpu_percent: 45.0; memory_mb: 512},992274,3235,3,4,20,civ_adapt_gen4,0,100.0,0.05
5,2026-06-30T20:51:55.388000Z,2,50,4,4,1,0,4.0,0.9436600182898036,20,0,20,0.0,0.0071,0.993,1.0,0.0,585,1.0,0.8338489363125534,0.371,%{cpu_percent: 45.0; memory_mb: 512},990313,1961,3,5,20,civ_adapt_gen5,0,100.0,0.05
6,2026-06-30T20:51:55.409000Z,2,50,3,3,3,0,3.0,0.9461989430427362,20,0,20,0.0,0.0094,0.991,1.0,0.0,495,1.0,0.7066132233029385,0.479,%{cpu_percent: 45.0; memory_mb: 512},988022,2291,3,8,20,civ_adapt_gen6,0,100.0,0.05
7,2026-06-30T20:51:55.423000Z,2,50,5,5,1,1,5.0,0.9054833424324932,20,0,20,0.0,0.0072,0.993,1.0,0.0,725,1.0,0.8993902699094163,0.224,%{cpu_percent: 45.0; memory_mb: 512},985105,2917,3,3,20,civ_adapt_gen7,0,100.0,0.05
8,2026-06-30T20:51:55.426000Z,2,50,5,5,4,1,5.0,0.8235320213152445,20,0,20,0.0,0.0066,0.993,1.0,0.0,800,1.0,0.677502151253692,0.353,%{cpu_percent: 45.0; memory_mb: 512},983435,1670,3,5,20,civ_adapt_gen8,0,100.0,0.05
9,2026-06-30T20:51:55.439000Z,2,50,3,3,1,2,3.0,0.9142547818721286,20,0,20,0.0,0.0076,0.992,1.0,0.0,445,1.0,0.6979709424407391,0.42,%{cpu_percent: 45.0; memory_mb: 512},980474,2961,3,6,20,civ_adapt_gen9,0,100.0,0.05
10,2026-06-30T20:51:55.456000Z,3,50,3,3,2,0,3.0,0.9123587803071928,20,0,20,0.0,0.0071,0.993,1.0,0.0,470,1.0,0.826306536558562,0.242,%{cpu_percent: 45.0; memory_mb: 512},978370,2104,3,7,20,civ_adapt_gen10,0,100.0,0.05
1,2026-06-30T20:51:55.488000Z,7,50,4,4,2,0,4.0,0.8454460888603167,20,0,20,0.0,0.0073,0.993,1.0,0.0,610,1.0,0.7323926652901154,0.41,%{cpu_percent: 45.0; memory_mb: 512},997822,2178,3,3,20,civ_adapt_gen1,0,100.0,0.05
2,2026-06-30T20:51:55.493000Z,3,50,4,4,1,1,4.0,0.8023113500519611,20,0,20,0.0,0.0071,0.993,1.0,0.0,585,1.0,0.7236521735744772,0.212,%{cpu_percent: 45.0; memory_mb: 512},996323,1499,3,6,20,civ_adapt_gen2,0,100.0,0.05
3,2026-06-30T20:51:55.509000Z,2,50,4,4,1,4,4.0,0.8297092655324108,20,0,20,0.0,0.0071,0.993,1.0,0.0,585,1.0,0.7272964840842867,0.413,%{cpu_percent: 45.0; memory_mb: 512},994829,1494,3,6,20,civ_adapt_gen3,0,100.0,0.05
4,2026-06-30T20:51:55.524000Z,3,50,6,6,3,3,6.0,0.893265187899634,20,0,20,0.0,0.0095,0.991,1.0,0.0,915,1.0,0.7187329504021566,0.311,%{cpu_percent: 45.0; memory_mb: 512},993639,1190,3,3,20,civ_adapt_gen4,0,100.0,0.05
5,2026-06-30T20:51:55.552000Z,4,50,4,4,2,4,4.0,0.9214664360320775,20,0,20,0.0,0.0091,0.991,1.0,0.0,610,1.0,0.8842288358221887,0.504,%{cpu_percent: 45.0; memory_mb: 512},990473,3166,3,8,20,civ_adapt_gen5,0,100.0,0.05
6,2026-06-30T20:51:55.557000Z,2,50,6,6,2,5,6.0,0.9251269070707431,20,0,20,0.0,0.0084,0.992,1.0,0.0,890,1.0,0.8892812007071329,0.278,%{cpu_percent: 45.0; memory_mb: 512},988518,1955,3,8,20,civ_adapt_gen6,0,100.0,0.05
7,2026-06-30T20:51:55.574000Z,2,50,3,3,4,5,3.0,0.8341798816735179,20,0,20,0.0,0.0085,0.992,1.0,0.0,520,1.0,0.7599552152034397,0.283,%{cpu_percent: 45.0; memory_mb: 512},986975,1543,3,5,20,civ_adapt_gen7,0,100.0,0.05
8,2026-06-30T20:51:55.598000Z,2,50,3,3,2,11,3.0,0.8477715951858943,20,0,20,0.0,0.0096,0.99,1.0,0.0,470,1.0,0.8107265585017653,0.505,%{cpu_percent: 45.0; memory_mb: 512},984181,2794,3,6,20,civ_adapt_gen8,0,100.0,0.05
9,2026-06-30T20:51:55.614000Z,2,50,2,2,3,18,2.0,0.8629224631176406,20,0,20,0.0,0.0072,0.993,1.0,0.0,355,1.0,0.724050647530178,0.293,%{cpu_percent: 45.0; memory_mb: 512},982155,2026,3,6,20,civ_adapt_gen9,0,100.0,0.05
10,2026-06-30T20:51:55.628000Z,2,50,2,2,2,31,2.0,0.8028192587742351,20,0,20,0.0,0.0061,0.994,1.0,0.0,330,1.0,0.6469281052671623,0.529,%{cpu_percent: 45.0; memory_mb: 512},980130,2025,3,6,20,civ_adapt_gen10,0,100.0,0.05
1,2026-06-30T20:51:55.662000Z,2,50,3,3,3,2,3.0,0.9418048331980164,20,0,20,0.0,0.007,0.993,1.0,0.0,495,1.0,0.7492182057766725,0.314,%{cpu_percent: 45.0; memory_mb: 512},998404,1596,3,7,20,civ_adapt_gen1,0,100.0,0.05
2,2026-06-30T20:51:55.666000Z,2,50,4,4,2,1,4.0,0.9341385062440493,20,0,20,0.0,0.0082,0.992,1.0,0.0,610,1.0,0.8704074158125853,0.352,%{cpu_percent: 45.0; memory_mb: 512},996575,1829,3,6,20,civ_adapt_gen2,0,100.0,0.05
3,2026-06-30T20:51:55.687000Z,4,50,5,5,1,3,5.0,0.8272224854846506,20,0,20,0.0,0.0069,0.993,1.0,0.0,725,1.0,0.8903920037527233,0.442,%{cpu_percent: 45.0; memory_mb: 512},994923,1652,3,5,20,civ_adapt_gen3,0,100.0,0.05
4,2026-06-30T20:51:55.705000Z,6,50,6,6,1,6,6.0,0.8375922998268408,20,0,20,0.0,0.0082,0.992,1.0,0.0,865,1.0,0.7916097577912369,0.288,%{cpu_percent: 45.0; memory_mb: 512},992848,2075,3,3,20,civ_adapt_gen4,0,100.0,0.05
5,2026-06-30T20:51:55.715000Z,2,50,5,5,2,7,5.0,0.8537949482607585,20,0,20,0.0,0.0083,0.992,1.0,0.0,750,1.0,0.7168715066625297,0.407,%{cpu_percent: 45.0; memory_mb: 512},991075,1773,3,8,20,civ_adapt_gen5,0,100.0,0.05
6,2026-06-30T20:51:55.741000Z,11,50,2,2,2,15,2.0,0.8797624022214738,20,0,20,0.0,0.0056,0.994,1.0,0.0,330,1.0,0.6537906994159381,0.25,%{cpu_percent: 45.0; memory_mb: 512},987949,3126,3,8,20,civ_adapt_gen6,0,100.0,0.05
7,2026-06-30T20:51:55.744000Z,2,50,6,6,2,27,6.0,0.9427983112363865,20,0,20,0.0,0.0088,0.991,1.0,0.0,890,1.0,0.7190562846713767,0.312,%{cpu_percent: 45.0; memory_mb: 512},986384,1565,3,8,20,civ_adapt_gen7,0,100.0,0.05
8,2026-06-30T20:51:55.763000Z,2,50,5,5,2,49,5.0,0.8489437073140804,20,0,20,0.0,0.0076,0.992,1.0,0.0,750,1.0,0.8902168434197961,0.436,%{cpu_percent: 45.0; memory_mb: 512},983966,2418,3,6,20,civ_adapt_gen8,0,100.0,0.05
9,2026-06-30T20:51:55.781000Z,10,50,6,6,1,96,6.0,0.9442579790447753,20,0,20,0.0,0.0071,0.993,1.0,0.0,865,1.0,0.6836925494466564,0.314,%{cpu_percent: 45.0; memory_mb: 512},982248,1718,3,8,20,civ_adapt_gen9,0,100.0,0.05
10,2026-06-30T20:51:55.799000Z,9,50,5,5,3,191,5.0,0.9472105070009648,20,0,20,0.0,0.0084,0.992,1.0,0.0,775,1.0,0.7233041598754784,0.497,%{cpu_percent: 45.0; memory_mb: 512},980716,1532,3,6,20,civ_adapt_gen10,0,100.0,0.05
1,2026-06-30T20:53:17.505000Z,5,50,3,3,3,0,3.0,0.9357862274517402,20,0,20,0.0,0.0073,0.993,1.0,0.0,495,1.0,0.8110330089727136,0.263,%{cpu_percent: 45.0; memory_mb: 512},997924,2076,3,8,20,civ_adapt_gen1,0,100.0,0.05
2,2026-06-30T20:53:17.523000Z,4,50,4,4,1,3,4.0,0.9117792194125837,20,0,20,0.0,0.0076,0.992,1.0,0.0,585,1.0,0.7969867138976496,0.424,%{cpu_percent: 45.0; memory_mb: 512},995669,2255,3,5,20,civ_adapt_gen2,0,100.0,0.05
3,2026-06-30T20:53:17.541000Z,3,50,6,6,2,4,6.0,0.9036059538618159,20,0,20,0.0,0.0058,0.994,1.0,0.0,890,1.0,0.8575461448710296,0.433,%{cpu_percent: 45.0; memory_mb: 512},992378,3291,3,8,20,civ_adapt_gen3,0,100.0,0.05
4,2026-06-30T20:53:17.561000Z,4,50,4,4,2,5,4.0,0.8931530649554131,20,0,20,0.0,0.0066,0.993,1.0,0.0,610,1.0,0.6693566333539114,0.219,%{cpu_percent: 45.0; memory_mb: 512},990136,2242,3,7,20,civ_adapt_gen4,0,100.0,0.05
5,2026-06-30T20:53:17.586000Z,11,50,4,4,2,5,4.0,0.890129337480623,20,0,20,0.0,0.0082,0.992,1.0,0.0,610,1.0,0.8131451772500001,0.429,%{cpu_percent: 45.0; memory_mb: 512},987806,2330,3,3,20,civ_adapt_gen5,0,100.0,0.05
6,2026-06-30T20:53:17.597000Z,4,50,4,4,1,11,4.0,0.8983724602329282,20,0,20,0.0,0.0079,0.992,1.0,0.0,585,1.0,0.7802692088252796,0.387,%{cpu_percent: 45.0; memory_mb: 512},986252,1554,3,5,20,civ_adapt_gen6,0,100.0,0.05
7,2026-06-30T20:53:17.625000Z,3,50,6,6,1,21,6.0,0.8969965813163114,20,0,20,0.0,0.0071,0.993,1.0,0.0,865,1.0,0.6712430394593285,0.395,%{cpu_percent: 45.0; memory_mb: 512},984734,1518,3,8,20,civ_adapt_gen7,0,100.0,0.05
8,2026-06-30T20:53:17.639000Z,2,50,5,5,3,42,5.0,0.9165981772314908,20,0,20,0.0,0.0061,0.994,1.0,0.0,775,1.0,0.8721007884857183,0.331,%{cpu_percent: 45.0; memory_mb: 512},982587,2147,3,8,20,civ_adapt_gen8,0,100.0,0.05
9,2026-06-30T20:53:17.657000Z,3,50,5,5,2,80,5.0,0.9148548144708992,20,0,20,0.0,0.0072,0.993,1.0,0.0,750,1.0,0.7383685765701565,0.478,%{cpu_percent: 45.0; memory_mb: 512},981004,1583,3,5,20,civ_adapt_gen9,0,100.0,0.05
10,2026-06-30T20:53:17.693000Z,9,50,6,6,1,160,6.0,0.8584708446649205,20,0,20,0.0,0.0078,0.992,1.0,0.0,865,1.0,0.8083285364801842,0.286,%{cpu_percent: 45.0; memory_mb: 512},978785,2219,3,4,20,civ_adapt_gen10,0,100.0,0.05
1,2026-06-30T20:53:17.725000Z,1,50,4,4,1,1,4.0,0.8547662429028912,20,0,20,0.0,0.0066,0.993,1.0,0.0,585,1.0,0.7848104522310323,0.404,%{cpu_percent: 45.0; memory_mb: 512},998327,1673,3,8,20,civ_adapt_gen1,0,100.0,0.05
2,2026-06-30T20:53:17.732000Z,4,50,5,5,1,2,5.0,0.8126510737121317,20,0,20,0.0,0.0073,0.993,1.0,0.0,725,1.0,0.8385458957582687,0.213,%{cpu_percent: 45.0; memory_mb: 512},996503,1824,3,5,20,civ_adapt_gen2,0,100.0,0.05
3,2026-06-30T20:53:17.743000Z,2,50,2,2,3,2,2.0,0.8744713774924633,20,0,20,0.0,0.0075,0.993,1.0,0.0,355,1.0,0.6287077192090514,0.326,%{cpu_percent: 45.0; memory_mb: 512},994747,1756,3,8,20,civ_adapt_gen3,0,100.0,0.05
4,2026-06-30T20:53:17.768000Z,1,50,5,5,3,1,5.0,0.904460329864228,20,0,20,0.0,0.0077,0.992,1.0,0.0,775,1.0,0.7914646983878603,0.252,%{cpu_percent: 45.0; memory_mb: 512},991571,3176,3,5,20,civ_adapt_gen4,0,100.0,0.05
5,2026-06-30T20:53:17.774000Z,2,50,5,5,2,0,5.0,0.8140953852075125,20,0,20,0.0,0.0087,0.991,1.0,0.0,750,1.0,0.6002217905259645,0.218,%{cpu_percent: 45.0; memory_mb: 512},989513,2058,3,3,20,civ_adapt_gen5,0,100.0,0.05
6,2026-06-30T20:53:17.787000Z,2,50,5,5,1,1,5.0,0.949427881046182,20,0,20,0.0,0.0058,0.994,1.0,0.0,725,1.0,0.7934208980745968,0.241,%{cpu_percent: 45.0; memory_mb: 512},987991,1522,3,8,20,civ_adapt_gen6,0,100.0,0.05
7,2026-06-30T20:53:17.799000Z,1,50,6,6,1,4,6.0,0.8159338835142799,20,0,20,0.0,0.0091,0.991,1.0,0.0,865,1.0,0.7645961260291794,0.313,%{cpu_percent: 45.0; memory_mb: 512},986010,1981,3,4,20,civ_adapt_gen7,0,100.0,0.05
8,2026-06-30T20:53:17.810000Z,2,50,5,5,3,0,5.0,0.9302750797407597,20,0,20,0.0,0.0074,0.993,1.0,0.0,775,1.0,0.6556933110300235,0.312,%{cpu_percent: 45.0; memory_mb: 512},983846,2164,3,8,20,civ_adapt_gen8,0,100.0,0.05
9,2026-06-30T20:53:17.823000Z,2,50,3,3,2,2,3.0,0.8848854107951298,20,0,20,0.0,0.0067,0.993,1.0,0.0,470,1.0,0.6034962436746696,0.412,%{cpu_percent: 45.0; memory_mb: 512},981293,2553,3,8,20,civ_adapt_gen9,0,100.0,0.05
10,2026-06-30T20:53:17.837000Z,2,50,5,5,2,0,5.0,0.8880696113860607,20,0,20,0.0,0.0059,0.994,1.0,0.0,750,1.0,0.7382043341347497,0.365,%{cpu_percent: 45.0; memory_mb: 512},979194,2099,3,8,20,civ_adapt_gen10,0,100.0,0.05
1,2026-06-30T20:53:17.868000Z,2,50,3,3,2,2,3.0,0.9266831924394349,20,0,20,0.0,0.0066,0.993,1.0,0.0,470,1.0,0.8328604744282105,0.425,%{cpu_percent: 45.0; memory_mb: 512},998195,1805,3,6,20,civ_adapt_gen1,0,100.0,0.05
2,2026-06-30T20:53:17.880000Z,10,50,4,4,2,0,4.0,0.8059576076943787,20,0,20,0.0,0.0079,0.992,1.0,0.0,610,1.0,0.6359862045267057,0.43,%{cpu_percent: 45.0; memory_mb: 512},996816,1379,3,4,20,civ_adapt_gen2,0,100.0,0.05
3,2026-06-30T20:53:17.893000Z,2,50,3,3,1,1,3.0,0.8391746511054867,20,0,20,0.0,0.0088,0.991,1.0,0.0,445,1.0,0.6508055900928335,0.342,%{cpu_percent: 45.0; memory_mb: 512},994309,2507,3,8,20,civ_adapt_gen3,0,100.0,0.05
4,2026-06-30T20:53:17.903000Z,3,50,3,3,2,0,3.0,0.9160672898849211,20,0,20,0.0,0.0073,0.993,1.0,0.0,470,1.0,0.8486018284124037,0.269,%{cpu_percent: 45.0; memory_mb: 512},992861,1448,3,6,20,civ_adapt_gen4,0,100.0,0.05
5,2026-06-30T20:53:17.917000Z,2,50,2,2,3,0,2.0,0.8612552130279388,20,0,20,0.0,0.0074,0.993,1.0,0.0,355,1.0,0.7763683921419362,0.508,%{cpu_percent: 45.0; memory_mb: 512},991385,1476,3,6,20,civ_adapt_gen5,0,100.0,0.05
6,2026-06-30T20:53:17.940000Z,11,50,6,6,2,0,6.0,0.9022574968093853,20,0,20,0.0,0.0076,0.992,1.0,0.0,890,1.0,0.8154417404615213,0.408,%{cpu_percent: 45.0; memory_mb: 512},989330,2055,3,3,20,civ_adapt_gen6,0,100.0,0.05
7,2026-06-30T20:53:17.948000Z,4,50,6,6,1,1,6.0,0.8849679167309182,20,0,20,0.0,0.0065,0.994,1.0,0.0,865,1.0,0.7634274856421471,0.442,%{cpu_percent: 45.0; memory_mb: 512},986214,3116,3,4,20,civ_adapt_gen7,0,100.0,0.05
8,2026-06-30T20:53:17.959000Z,4,50,4,4,3,2,4.0,0.8708870627432646,20,0,20,0.0,0.0055,0.995,1.0,0.0,635,1.0,0.7561382479475847,0.267,%{cpu_percent: 45.0; memory_mb: 512},983793,2421,3,5,20,civ_adapt_gen8,0,100.0,0.05
9,2026-06-30T20:53:17.975000Z,2,50,5,5,2,3,5.0,0.9116188346333175,20,0,20,0.0,0.0064,0.994,1.0,0.0,750,1.0,0.6068985822244222,0.432,%{cpu_percent: 45.0; memory_mb: 512},981399,2394,3,6,20,civ_adapt_gen9,0,100.0,0.05
10,2026-06-30T20:53:17.991000Z,5,50,3,3,1,1,3.0,0.9002290911194396,20,0,20,0.0,0.0058,0.994,1.0,0.0,445,1.0,0.7569428745307089,0.299,%{cpu_percent: 45.0; memory_mb: 512},979100,2299,3,3,20,civ_adapt_gen10,0,100.0,0.05
1,2026-06-30T20:53:18.026000Z,2,50,6,6,2,1,6.0,0.8745877882070454,20,0,20,0.0,0.0089,0.991,1.0,0.0,890,1.0,0.8879950545776162,0.373,%{cpu_percent: 45.0; memory_mb: 512},997469,2531,3,5,20,civ_adapt_gen1,0,100.0,0.05
2,2026-06-30T20:53:18.037000Z,1,50,4,4,4,1,4.0,0.8616819229430916,20,0,20,0.0,0.0065,0.994,1.0,0.0,660,1.0,0.6107763736691965,0.426,%{cpu_percent: 45.0; memory_mb: 512},995426,2043,3,5,20,civ_adapt_gen2,0,100.0,0.05
3,2026-06-30T20:53:18.048000Z,3,50,4,4,2,0,4.0,0.8593457814632907,20,0,20,0.0,0.0082,0.992,1.0,0.0,610,1.0,0.8868486274080876,0.287,%{cpu_percent: 45.0; memory_mb: 512},993903,1523,3,5,20,civ_adapt_gen3,0,100.0,0.05
4,2026-06-30T20:53:18.069000Z,2,50,6,6,1,0,6.0,0.8720488264816032,20,0,20,0.0,0.0081,0.992,1.0,0.0,865,1.0,0.6150500007939568,0.304,%{cpu_percent: 45.0; memory_mb: 512},990735,3168,3,4,20,civ_adapt_gen4,0,100.0,0.05
5,2026-06-30T20:53:18.081000Z,2,50,3,3,2,1,3.0,0.9446871038788054,20,0,20,0.0,0.0075,0.993,1.0,0.0,470,1.0,0.62300789046238,0.425,%{cpu_percent: 45.0; memory_mb: 512},989133,1602,3,6,20,civ_adapt_gen5,0,100.0,0.05
6,2026-06-30T20:53:18.086000Z,2,50,5,5,1,3,5.0,0.835515668370078,20,0,20,0.0,0.0085,0.992,1.0,0.0,725,1.0,0.6017477265242253,0.252,%{cpu_percent: 45.0; memory_mb: 512},986749,2384,3,6,20,civ_adapt_gen6,0,100.0,0.05
7,2026-06-30T20:53:18.110000Z,11,50,5,5,3,0,5.0,0.8763963865525225,20,0,20,0.0,0.0076,0.992,1.0,0.0,775,1.0,0.6096206927293302,0.309,%{cpu_percent: 45.0; memory_mb: 512},983569,3180,3,3,20,civ_adapt_gen7,0,100.0,0.05
8,2026-06-30T20:53:18.116000Z,2,50,4,4,2,0,4.0,0.827639958399575,20,0,20,0.0,0.0079,0.992,1.0,0.0,610,1.0,0.8257977578323095,0.512,%{cpu_percent: 45.0; memory_mb: 512},981443,2126,3,8,20,civ_adapt_gen8,0,100.0,0.05
9,2026-06-30T20:53:18.134000Z,1,50,4,4,3,0,4.0,0.8058968759693425,20,0,20,0.0,0.008,0.992,1.0,0.0,635,1.0,0.7274408852516882,0.349,%{cpu_percent: 45.0; memory_mb: 512},979692,1751,3,8,20,civ_adapt_gen9,0,100.0,0.05
10,2026-06-30T20:53:18.143000Z,2,50,4,4,2,2,4.0,0.9172223085747353,20,0,20,0.0,0.0071,0.993,1.0,0.0,610,1.0,0.635772008909562,0.481,%{cpu_percent: 45.0; memory_mb: 512},977777,1915,3,8,20,civ_adapt_gen10,0,100.0,0.05
1,2026-06-30T20:53:18.181000Z,2,50,2,2,1,3,2.0,0.942275485482074,20,0,20,0.0,0.0081,0.992,1.0,0.0,305,1.0,0.8070628109174935,0.214,%{cpu_percent: 45.0; memory_mb: 512},998308,1692,3,6,20,civ_adapt_gen1,0,100.0,0.05
2,2026-06-30T20:53:18.196000Z,3,50,5,5,2,2,5.0,0.840059776222118,20,0,20,0.0,0.0071,0.993,1.0,0.0,750,1.0,0.8527618497834775,0.252,%{cpu_percent: 45.0; memory_mb: 512},997142,1166,3,5,20,civ_adapt_gen2,0,100.0,0.05
3,2026-06-30T20:53:18.203000Z,3,50,6,6,1,2,6.0,0.8175167421764994,20,0,20,0.0,0.0065,0.994,1.0,0.0,865,1.0,0.8116700300770041,0.463,%{cpu_percent: 45.0; memory_mb: 512},995820,1322,3,5,20,civ_adapt_gen3,0,100.0,0.05
4,2026-06-30T20:53:18.215000Z,1,50,2,2,2,4,2.0,0.8876953152670747,20,0,20,0.0,0.0081,0.992,1.0,0.0,330,1.0,0.7909462573089222,0.294,%{cpu_percent: 45.0; memory_mb: 512},992823,2997,3,6,20,civ_adapt_gen4,0,100.0,0.05
5,2026-06-30T20:53:18.226000Z,2,50,3,3,2,4,3.0,0.8251105809383431,20,0,20,0.0,0.007,0.993,1.0,0.0,470,1.0,0.8140924540440527,0.31,%{cpu_percent: 45.0; memory_mb: 512},989482,3341,3,7,20,civ_adapt_gen5,0,100.0,0.05
6,2026-06-30T20:53:18.239000Z,2,50,2,2,1,7,2.0,0.909507703304771,20,0,20,0.0,0.0068,0.993,1.0,0.0,305,1.0,0.8202659027668963,0.298,%{cpu_percent: 45.0; memory_mb: 512},987451,2031,3,7,20,civ_adapt_gen6,0,100.0,0.05
7,2026-06-30T20:53:18.253000Z,2,50,5,5,2,15,5.0,0.9073852606783473,20,0,20,0.0,0.0064,0.994,1.0,0.0,750,1.0,0.6494388053676727,0.469,%{cpu_percent: 45.0; memory_mb: 512},985073,2378,3,5,20,civ_adapt_gen7,0,100.0,0.05
8,2026-06-30T20:53:18.265000Z,2,50,3,3,1,27,3.0,0.8194014652609602,20,0,20,0.0,0.0058,0.994,1.0,0.0,445,1.0,0.7945477273208789,0.401,%{cpu_percent: 45.0; memory_mb: 512},983314,1759,3,4,20,civ_adapt_gen8,0,100.0,0.05
9,2026-06-30T20:53:18.277000Z,3,50,2,2,2,55,2.0,0.8084022721418058,20,0,20,0.0,0.007,0.993,1.0,0.0,330,1.0,0.6886494716493579,0.464,%{cpu_percent: 45.0; memory_mb: 512},980370,2944,3,8,20,civ_adapt_gen9,0,100.0,0.05
10,2026-06-30T20:53:18.290000Z,3,50,6,6,2,106,6.0,0.8572355340467542,20,0,20,0.0,0.0088,0.991,1.0,0.0,890,1.0,0.7455354929290039,0.343,%{cpu_percent: 45.0; memory_mb: 512},978112,2258,3,7,20,civ_adapt_gen10,0,100.0,0.05
1,2026-06-30T20:53:18.326000Z,2,50,5,5,4,0,5.0,0.829634011012401,20,0,20,0.0,0.0069,0.993,1.0,0.0,800,1.0,0.6351612838661354,0.464,%{cpu_percent: 45.0; memory_mb: 512},998007,1993,3,4,20,civ_adapt_gen1,0,100.0,0.05
2,2026-06-30T20:53:18.340000Z,9,50,5,5,2,1,5.0,0.8885765110464044,20,0,20,0.0,0.0079,0.992,1.0,0.0,750,1.0,0.7284260219094845,0.287,%{cpu_percent: 45.0; memory_mb: 512},995998,2009,3,8,20,civ_adapt_gen2,0,100.0,0.05
3,2026-06-30T20:53:18.347000Z,3,50,4,4,1,1,4.0,0.8234655022477765,20,0,20,0.0,0.009,0.991,1.0,0.0,585,1.0,0.7746011437631725,0.372,%{cpu_percent: 45.0; memory_mb: 512},994703,1295,3,7,20,civ_adapt_gen3,0,100.0,0.05
4,2026-06-30T20:53:18.357000Z,2,50,6,6,3,0,6.0,0.9306487374984108,20,0,20,0.0,0.0075,0.993,1.0,0.0,915,1.0,0.6213172595886685,0.332,%{cpu_percent: 45.0; memory_mb: 512},991893,2810,3,6,20,civ_adapt_gen4,0,100.0,0.05
5,2026-06-30T20:53:18.370000Z,2,50,6,6,2,0,6.0,0.9430548550919884,20,0,20,0.0,0.0081,0.992,1.0,0.0,890,1.0,0.7078703404371386,0.299,%{cpu_percent: 45.0; memory_mb: 512},989742,2151,3,4,20,civ_adapt_gen5,0,100.0,0.05
6,2026-06-30T20:53:18.386000Z,2,50,5,5,2,1,5.0,0.8991136951457671,20,0,20,0.0,0.0077,0.992,1.0,0.0,750,1.0,0.7038702624220909,0.331,%{cpu_percent: 45.0; memory_mb: 512},988116,1626,3,3,20,civ_adapt_gen6,0,100.0,0.05
7,2026-06-30T20:53:18.398000Z,2,50,6,6,2,0,6.0,0.9043648574296435,20,0,20,0.0,0.0057,0.994,1.0,0.0,890,1.0,0.654742382896538,0.388,%{cpu_percent: 45.0; memory_mb: 512},986041,2075,3,8,20,civ_adapt_gen7,0,100.0,0.05
8,2026-06-30T20:53:18.417000Z,2,50,5,5,2,3,5.0,0.8260164937668155,20,0,20,0.0,0.0071,0.993,1.0,0.0,750,1.0,0.8652384437946223,0.237,%{cpu_percent: 45.0; memory_mb: 512},983573,2468,3,7,20,civ_adapt_gen8,0,100.0,0.05
9,2026-06-30T20:53:18.432000Z,3,50,4,4,3,1,4.0,0.8428604933896433,20,0,20,0.0,0.0088,0.991,1.0,0.0,635,1.0,0.7448657019906741,0.339,%{cpu_percent: 45.0; memory_mb: 512},980595,2978,3,4,20,civ_adapt_gen9,0,100.0,0.05
10,2026-06-30T20:53:18.435000Z,2,50,4,4,2,1,4.0,0.9403378311868165,20,0,20,0.0,0.0089,0.991,1.0,0.0,610,1.0,0.6651630212161476,0.271,%{cpu_percent: 45.0; memory_mb: 512},979420,1175,3,5,20,civ_adapt_gen10,0,100.0,0.05
1,2026-06-30T20:53:53.415000Z,5,50,4,4,3,0,4.0,0.8724211030848816,20,0,20,0.0,0.008,0.992,1.0,0.0,635,1.0,0.6166991526033958,0.427,%{cpu_percent: 45.0; memory_mb: 512},998033,1967,3,8,20,civ_adapt_gen1,0,100.0,0.05
2,2026-06-30T20:53:53.427000Z,1,50,4,4,1,4,4.0,0.8832477660741911,20,0,20,0.0,0.007,0.993,1.0,0.0,585,1.0,0.8891012075641944,0.436,%{cpu_percent: 45.0; memory_mb: 512},994998,3035,3,7,20,civ_adapt_gen2,0,100.0,0.05
3,2026-06-30T20:53:53.444000Z,2,50,3,3,3,1,3.0,0.8687599961101996,20,0,20,0.0,0.0075,0.993,1.0,0.0,495,1.0,0.7874230903820453,0.406,%{cpu_percent: 45.0; memory_mb: 512},991898,3100,3,4,20,civ_adapt_gen3,0,100.0,0.05
4,2026-06-30T20:53:53.458000Z,7,50,3,3,3,0,3.0,0.8442831252529899,20,0,20,0.0,0.0094,0.991,1.0,0.0,495,1.0,0.7764838366377744,0.384,%{cpu_percent: 45.0; memory_mb: 512},988848,3050,3,6,20,civ_adapt_gen4,0,100.0,0.05
5,2026-06-30T20:53:53.466000Z,1,50,6,6,1,4,6.0,0.9460219179068367,20,0,20,0.0,0.0095,0.991,1.0,0.0,865,1.0,0.6542635256298446,0.302,%{cpu_percent: 45.0; memory_mb: 512},987035,1813,3,7,20,civ_adapt_gen5,0,100.0,0.05
6,2026-06-30T20:53:53.487000Z,2,50,3,3,1,3,3.0,0.8578039462873867,20,0,20,0.0,0.0075,0.993,1.0,0.0,445,1.0,0.7348168916686246,0.321,%{cpu_percent: 45.0; memory_mb: 512},984070,2965,3,6,20,civ_adapt_gen6,0,100.0,0.05
7,2026-06-30T20:53:53.500000Z,10,50,5,5,2,4,5.0,0.8982875633090224,20,0,20,0.0,0.0069,0.993,1.0,0.0,750,1.0,0.7020194741253788,0.398,%{cpu_percent: 45.0; memory_mb: 512},981624,2446,3,8,20,civ_adapt_gen7,0,100.0,0.05
8,2026-06-30T20:53:53.504000Z,2,50,6,6,2,9,6.0,0.9235157463972739,20,0,20,0.0,0.0071,0.993,1.0,0.0,890,1.0,0.6274745407369638,0.52,%{cpu_percent: 45.0; memory_mb: 512},979257,2367,3,5,20,civ_adapt_gen8,0,100.0,0.05
9,2026-06-30T20:53:53.548000Z,13,50,5,5,1,13,5.0,0.8688416718985378,20,0,20,0.0,0.0067,0.993,1.0,0.0,725,1.0,0.7314183182289286,0.378,%{cpu_percent: 45.0; memory_mb: 512},977303,1954,3,7,20,civ_adapt_gen9,0,100.0,0.05
10,2026-06-30T20:53:53.585000Z,21,50,5,5,2,24,5.0,0.8558874760510464,20,0,20,0.0,0.0088,0.991,1.0,0.0,750,1.0,0.7154954313671056,0.316,%{cpu_percent: 45.0; memory_mb: 512},975829,1474,3,5,20,civ_adapt_gen10,0,100.0,0.05
1,2026-06-30T20:53:53.711000Z,2,50,6,6,2,0,6.0,0.8057399491367452,20,0,20,0.0,0.0069,0.993,1.0,0.0,890,1.0,0.7741082788851247,0.474,%{cpu_percent: 45.0; memory_mb: 512},998191,1809,3,7,20,civ_adapt_gen1,0,100.0,0.05
2,2026-06-30T20:53:53.717000Z,2,50,3,3,1,2,3.0,0.8015221826796677,20,0,20,0.0,0.0074,0.993,1.0,0.0,445,1.0,0.6702532197761991,0.39,%{cpu_percent: 45.0; memory_mb: 512},995513,2678,3,6,20,civ_adapt_gen2,0,100.0,0.05
3,2026-06-30T20:53:53.747000Z,2,50,2,2,2,0,2.0,0.8646261063965585,20,0,20,0.0,0.0065,0.994,1.0,0.0,330,1.0,0.8994673616031467,0.318,%{cpu_percent: 45.0; memory_mb: 512},994220,1293,3,3,20,civ_adapt_gen3,0,100.0,0.05
4,2026-06-30T20:53:53.754000Z,2,50,4,4,2,2,4.0,0.8931989258003865,20,0,20,0.0,0.0067,0.993,1.0,0.0,610,1.0,0.7355875844219824,0.242,%{cpu_percent: 45.0; memory_mb: 512},992871,1349,3,8,20,civ_adapt_gen4,0,100.0,0.05
5,2026-06-30T20:53:53.769000Z,1,50,4,4,1,0,4.0,0.8572721779769903,20,0,20,0.0,0.006,0.994,1.0,0.0,585,1.0,0.7063360558124484,0.394,%{cpu_percent: 45.0; memory_mb: 512},991561,1310,3,3,20,civ_adapt_gen5,0,100.0,0.05
6,2026-06-30T20:53:53.791000Z,5,50,5,5,3,0,5.0,0.8528526856605694,20,0,20,0.0,0.0072,0.993,1.0,0.0,775,1.0,0.7876111226686218,0.424,%{cpu_percent: 45.0; memory_mb: 512},990290,1271,3,7,20,civ_adapt_gen6,0,100.0,0.05
7,2026-06-30T20:53:53.810000Z,3,50,5,5,2,0,5.0,0.8940847698025158,20,0,20,0.0,0.0072,0.993,1.0,0.0,750,1.0,0.8733072332824648,0.358,%{cpu_percent: 45.0; memory_mb: 512},988855,1435,3,8,20,civ_adapt_gen7,0,100.0,0.05
8,2026-06-30T20:53:53.825000Z,4,50,3,3,1,0,3.0,0.9462514106476893,20,0,20,0.0,0.0056,0.994,1.0,0.0,445,1.0,0.7172670538613664,0.449,%{cpu_percent: 45.0; memory_mb: 512},986315,2540,3,7,20,civ_adapt_gen8,0,100.0,0.05
9,2026-06-30T20:53:53.837000Z,2,50,5,5,2,0,5.0,0.8967374192332934,20,0,20,0.0,0.0066,0.993,1.0,0.0,750,1.0,0.660056580755452,0.326,%{cpu_percent: 45.0; memory_mb: 512},983575,2740,3,7,20,civ_adapt_gen9,0,100.0,0.05
10,2026-06-30T20:53:53.860000Z,6,50,3,3,1,0,3.0,0.9491661551851087,20,0,20,0.0,0.0079,0.992,1.0,0.0,445,1.0,0.7248632608942989,0.522,%{cpu_percent: 45.0; memory_mb: 512},981101,2474,3,5,20,civ_adapt_gen10,0,100.0,0.05
1,2026-06-30T20:53:53.975000Z,8,50,6,6,2,1,6.0,0.8348713219867648,20,0,20,0.0,0.008,0.992,1.0,0.0,890,1.0,0.6658137609126479,0.446,%{cpu_percent: 45.0; memory_mb: 512},996948,3052,3,3,20,civ_adapt_gen1,0,100.0,0.05
2,2026-06-30T20:53:54.011000Z,2,50,3,3,1,3,3.0,0.8734338385515047,20,0,20,0.0,0.0077,0.992,1.0,0.0,445,1.0,0.8088945382220785,0.293,%{cpu_percent: 45.0; memory_mb: 512},995464,1484,3,8,20,civ_adapt_gen2,0,100.0,0.05
3,2026-06-30T20:53:54.035000Z,16,50,6,6,2,1,6.0,0.9304612856332966,20,0,20,0.0,0.0087,0.991,1.0,0.0,890,1.0,0.7451021977972857,0.307,%{cpu_percent: 45.0; memory_mb: 512},993762,1702,3,4,20,civ_adapt_gen3,0,100.0,0.05
4,2026-06-30T20:53:54.091000Z,5,50,5,5,2,3,5.0,0.9018624205366397,20,0,20,0.0,0.0064,0.994,1.0,0.0,750,1.0,0.746061452647023,0.449,%{cpu_percent: 45.0; memory_mb: 512},990774,2988,3,4,20,civ_adapt_gen4,0,100.0,0.05
5,2026-06-30T20:53:54.104000Z,3,50,3,3,1,3,3.0,0.8772955725890593,20,0,20,0.0,0.0074,0.993,1.0,0.0,445,1.0,0.6661201406691404,0.336,%{cpu_percent: 45.0; memory_mb: 512},988855,1919,3,6,20,civ_adapt_gen5,0,100.0,0.05
6,2026-06-30T20:53:54.153000Z,39,50,3,3,1,4,3.0,0.8924130860336404,20,0,20,0.0,0.0089,0.991,1.0,0.0,445,1.0,0.6866613664678245,0.313,%{cpu_percent: 45.0; memory_mb: 512},986119,2736,3,4,20,civ_adapt_gen6,0,100.0,0.05
7,2026-06-30T20:53:54.159000Z,2,50,6,6,2,6,6.0,0.937149637819256,20,0,20,0.0,0.0066,0.993,1.0,0.0,890,1.0,0.8565794966701687,0.438,%{cpu_percent: 45.0; memory_mb: 512},984861,1258,3,7,20,civ_adapt_gen7,0,100.0,0.05
8,2026-06-30T20:53:54.187000Z,2,50,3,3,1,12,3.0,0.9165569922240722,20,0,20,0.0,0.0088,0.991,1.0,0.0,445,1.0,0.6514261444732884,0.48,%{cpu_percent: 45.0; memory_mb: 512},982144,2717,3,3,20,civ_adapt_gen8,0,100.0,0.05
9,2026-06-30T20:53:54.201000Z,2,50,5,5,1,22,5.0,0.8860417886322454,20,0,20,0.0,0.0066,0.993,1.0,0.0,725,1.0,0.6089048451811198,0.426,%{cpu_percent: 45.0; memory_mb: 512},979970,2174,3,7,20,civ_adapt_gen9,0,100.0,0.05
10,2026-06-30T20:53:54.209000Z,2,50,3,3,3,40,3.0,0.8232683520455243,20,0,20,0.0,0.0074,0.993,1.0,0.0,495,1.0,0.8400412319265742,0.417,%{cpu_percent: 45.0; memory_mb: 512},978348,1622,3,7,20,civ_adapt_gen10,0,100.0,0.05
1,2026-06-30T20:53:54.239000Z,3,50,4,4,3,2,4.0,0.8997116678917759,20,0,20,0.0,0.0069,0.993,1.0,0.0,635,1.0,0.7524718119285219,0.334,%{cpu_percent: 45.0; memory_mb: 512},997310,2690,3,4,20,civ_adapt_gen1,0,100.0,0.05
2,2026-06-30T20:53:54.254000Z,2,50,5,5,2,2,5.0,0.8771252027928699,20,0,20,0.0,0.0091,0.991,1.0,0.0,750,1.0,0.7689980876248551,0.261,%{cpu_percent: 45.0; memory_mb: 512},994214,3096,3,5,20,civ_adapt_gen2,0,100.0,0.05
3,2026-06-30T20:53:54.262000Z,3,50,5,5,1,2,5.0,0.873385455818275,20,0,20,0.0,0.0057,0.994,1.0,0.0,725,1.0,0.6137883630380399,0.344,%{cpu_percent: 45.0; memory_mb: 512},991162,3052,3,3,20,civ_adapt_gen3,0,100.0,0.05
4,2026-06-30T20:53:54.276000Z,1,50,5,5,3,0,5.0,0.8646494773163653,20,0,20,0.0,0.0081,0.992,1.0,0.0,775,1.0,0.6507851776194191,0.374,%{cpu_percent: 45.0; memory_mb: 512},988090,3072,3,4,20,civ_adapt_gen4,0,100.0,0.05
5,2026-06-30T20:53:54.293000Z,3,50,6,6,2,2,6.0,0.8892266055161633,20,0,20,0.0,0.0064,0.994,1.0,0.0,890,1.0,0.6372812291870419,0.258,%{cpu_percent: 45.0; memory_mb: 512},985822,2268,3,5,20,civ_adapt_gen5,0,100.0,0.05
6,2026-06-30T20:53:54.308000Z,2,50,6,6,3,0,6.0,0.8696225402680852,20,0,20,0.0,0.0065,0.994,1.0,0.0,915,1.0,0.8078657383733426,0.445,%{cpu_percent: 45.0; memory_mb: 512},984114,1708,3,8,20,civ_adapt_gen6,0,100.0,0.05
7,2026-06-30T20:53:54.320000Z,2,50,4,4,1,0,4.0,0.9278537608689961,20,0,20,0.0,0.0072,0.993,1.0,0.0,585,1.0,0.6355516397262831,0.328,%{cpu_percent: 45.0; memory_mb: 512},982504,1610,3,5,20,civ_adapt_gen7,0,100.0,0.05
8,2026-06-30T20:53:54.328000Z,1,50,4,4,4,0,4.0,0.8663473935331215,20,0,20,0.0,0.0079,0.992,1.0,0.0,660,1.0,0.8938693047104543,0.441,%{cpu_percent: 45.0; memory_mb: 512},980666,1838,3,4,20,civ_adapt_gen8,0,100.0,0.05
9,2026-06-30T20:53:54.338000Z,1,50,5,5,2,1,5.0,0.8391745690039615,20,0,20,0.0,0.008,0.992,1.0,0.0,750,1.0,0.7706493495711046,0.51,%{cpu_percent: 45.0; memory_mb: 512},978365,2301,3,4,20,civ_adapt_gen9,0,100.0,0.05
10,2026-06-30T20:53:54.354000Z,2,50,3,3,3,1,3.0,0.9440301450973139,20,0,20,0.0,0.0071,0.993,1.0,0.0,495,1.0,0.8656702294245482,0.429,%{cpu_percent: 45.0; memory_mb: 512},976032,2333,3,5,20,civ_adapt_gen10,0,100.0,0.05
1,2026-06-30T20:53:54.378000Z,1,50,3,3,2,3,3.0,0.9093225895715741,20,0,20,0.0,0.0067,0.993,1.0,0.0,470,1.0,0.771885215355726,0.359,%{cpu_percent: 45.0; memory_mb: 512},997528,2472,3,5,20,civ_adapt_gen1,0,100.0,0.05
2,2026-06-30T20:53:54.382000Z,2,50,5,5,3,3,5.0,0.9041871850850944,20,0,20,0.0,0.0076,0.992,1.0,0.0,775,1.0,0.8366464065682622,0.347,%{cpu_percent: 45.0; memory_mb: 512},995459,2069,3,4,20,civ_adapt_gen2,0,100.0,0.05
3,2026-06-30T20:53:54.406000Z,4,50,4,4,3,0,4.0,0.9416028384544652,20,0,20,0.0,0.0059,0.994,1.0,0.0,635,1.0,0.7940039956485784,0.318,%{cpu_percent: 45.0; memory_mb: 512},992201,3258,3,8,20,civ_adapt_gen3,0,100.0,0.05
4,2026-06-30T20:53:54.410000Z,1,50,2,2,1,0,2.0,0.8615285662060501,20,0,20,0.0,0.0079,0.992,1.0,0.0,305,1.0,0.7069379272583286,0.49,%{cpu_percent: 45.0; memory_mb: 512},989809,2392,3,8,20,civ_adapt_gen4,0,100.0,0.05
5,2026-06-30T20:53:54.424000Z,4,50,6,6,2,2,6.0,0.8883680934697952,20,0,20,0.0,0.0064,0.994,1.0,0.0,890,1.0,0.8244941330507062,0.39,%{cpu_percent: 45.0; memory_mb: 512},988516,1293,3,7,20,civ_adapt_gen5,0,100.0,0.05
6,2026-06-30T20:53:54.442000Z,2,50,3,3,2,0,3.0,0.8912500087547275,20,0,20,0.0,0.0054,0.995,1.0,0.0,470,1.0,0.6358990493237668,0.492,%{cpu_percent: 45.0; memory_mb: 512},985395,3121,3,5,20,civ_adapt_gen6,0,100.0,0.05
7,2026-06-30T20:53:54.446000Z,1,50,3,3,2,0,3.0,0.8716504069267255,20,0,20,0.0,0.0071,0.993,1.0,0.0,470,1.0,0.6614483239963554,0.229,%{cpu_percent: 45.0; memory_mb: 512},983311,2084,3,4,20,civ_adapt_gen7,0,100.0,0.05
8,2026-06-30T20:53:54.460000Z,2,50,6,6,1,0,6.0,0.8416756771975408,20,0,20,0.0,0.0077,0.992,1.0,0.0,865,1.0,0.8038919193689202,0.255,%{cpu_percent: 45.0; memory_mb: 512},980093,3218,3,3,20,civ_adapt_gen8,0,100.0,0.05
9,2026-06-30T20:53:54.474000Z,4,50,3,3,1,1,3.0,0.9189712527445667,20,0,20,0.0,0.0088,0.991,1.0,0.0,445,1.0,0.8505571677843344,0.408,%{cpu_percent: 45.0; memory_mb: 512},977439,2654,3,4,20,civ_adapt_gen9,0,100.0,0.05
10,2026-06-30T20:53:54.484000Z,2,50,4,4,1,0,4.0,0.8558980050973285,20,0,20,0.0,0.0068,0.993,1.0,0.0,585,1.0,0.769371248913132,0.529,%{cpu_percent: 45.0; memory_mb: 512},974949,2490,3,5,20,civ_adapt_gen10,0,100.0,0.05
1,2026-06-30T20:53:54.515000Z,1,50,6,6,1,2,6.0,0.9463394970112209,20,0,20,0.0,0.0081,0.992,1.0,0.0,865,1.0,0.6668573650959586,0.404,%{cpu_percent: 45.0; memory_mb: 512},997138,2862,3,7,20,civ_adapt_gen1,0,100.0,0.05
2,2026-06-30T20:53:54.519000Z,1,50,4,4,3,1,4.0,0.8408159149647929,20,0,20,0.0,0.0085,0.992,1.0,0.0,635,1.0,0.8125718361047907,0.402,%{cpu_percent: 45.0; memory_mb: 512},996022,1116,3,3,20,civ_adapt_gen2,0,100.0,0.05
3,2026-06-30T20:53:54.534000Z,1,50,6,6,2,2,6.0,0.9431405805280256,20,0,20,0.0,0.008,0.992,1.0,0.0,890,1.0,0.8732961549549975,0.448,%{cpu_percent: 45.0; memory_mb: 512},992854,3168,3,4,20,civ_adapt_gen3,0,100.0,0.05
4,2026-06-30T20:53:54.548000Z,2,50,3,3,2,1,3.0,0.8581380242438722,20,0,20,0.0,0.0074,0.993,1.0,0.0,470,1.0,0.8688111494516246,0.222,%{cpu_percent: 45.0; memory_mb: 512},990301,2553,3,7,20,civ_adapt_gen4,0,100.0,0.05
5,2026-06-30T20:53:54.560000Z,2,50,5,5,1,2,5.0,0.8508160011036862,20,0,20,0.0,0.0084,0.992,1.0,0.0,725,1.0,0.7756844247190291,0.235,%{cpu_percent: 45.0; memory_mb: 512},987959,2342,3,5,20,civ_adapt_gen5,0,100.0,0.05
6,2026-06-30T20:53:54.574000Z,5,50,5,5,2,1,5.0,0.9241118221374889,20,0,20,0.0,0.0072,0.993,1.0,0.0,750,1.0,0.7895487404345252,0.496,%{cpu_percent: 45.0; memory_mb: 512},986786,1173,3,6,20,civ_adapt_gen6,0,100.0,0.05
7,2026-06-30T20:53:54.585000Z,1,50,4,4,1,1,4.0,0.9097967226356533,20,0,20,0.0,0.0067,0.993,1.0,0.0,585,1.0,0.7573599896683949,0.509,%{cpu_percent: 45.0; memory_mb: 512},983921,2865,3,7,20,civ_adapt_gen7,0,100.0,0.05
8,2026-06-30T20:53:54.599000Z,2,50,4,4,2,3,4.0,0.9493416401956398,20,0,20,0.0,0.0093,0.991,1.0,0.0,610,1.0,0.8909532870092157,0.496,%{cpu_percent: 45.0; memory_mb: 512},982484,1437,3,5,20,civ_adapt_gen8,0,100.0,0.05
9,2026-06-30T20:53:54.611000Z,2,50,5,5,2,1,5.0,0.82783939971719,20,0,20,0.0,0.0063,0.994,1.0,0.0,750,1.0,0.783531903426611,0.451,%{cpu_percent: 45.0; memory_mb: 512},979666,2818,3,4,20,civ_adapt_gen9,0,100.0,0.05
10,2026-06-30T20:53:54.629000Z,4,50,5,5,2,2,5.0,0.8663642753954722,20,0,20,0.0,0.007,0.993,1.0,0.0,750,1.0,0.769808513908949,0.454,%{cpu_percent: 45.0; memory_mb: 512},978247,1419,3,8,20,civ_adapt_gen10,0,100.0,0.05
1,2026-06-30T20:54:32.825000Z,6,50,3,3,3,2,3.0,0.8735481224763024,20,0,20,0.0,0.0074,0.993,1.0,0.0,495,1.0,0.81607872521916,0.228,%{cpu_percent: 45.0; memory_mb: 512},997268,2732,3,8,20,civ_adapt_gen1,0,100.0,0.05
2,2026-06-30T20:54:32.856000Z,2,50,6,6,2,0,6.0,0.9395842353895748,20,0,20,0.0,0.0075,0.993,1.0,0.0,890,1.0,0.6578473763214163,0.459,%{cpu_percent: 45.0; memory_mb: 512},995971,1297,3,8,20,civ_adapt_gen2,0,100.0,0.05
3,2026-06-30T20:54:32.860000Z,2,50,2,2,2,3,2.0,0.8719110087698828,20,0,20,0.0,0.0079,0.992,1.0,0.0,330,1.0,0.6193250276222464,0.412,%{cpu_percent: 45.0; memory_mb: 512},993013,2958,3,8,20,civ_adapt_gen3,0,100.0,0.05
4,2026-06-30T20:54:32.876000Z,3,50,5,5,4,0,5.0,0.9057939367385228,20,0,20,0.0,0.0071,0.993,1.0,0.0,800,1.0,0.7207894093964662,0.402,%{cpu_percent: 45.0; memory_mb: 512},990014,2999,3,4,20,civ_adapt_gen4,0,100.0,0.05
5,2026-06-30T20:54:32.891000Z,3,50,3,3,1,4,3.0,0.9189537157820246,20,0,20,0.0,0.0087,0.991,1.0,0.0,445,1.0,0.7981558868313922,0.312,%{cpu_percent: 45.0; memory_mb: 512},987134,2880,3,8,20,civ_adapt_gen5,0,100.0,0.05
6,2026-06-30T20:54:32.924000Z,6,50,6,6,2,5,6.0,0.860776913381763,20,0,20,0.0,0.0076,0.992,1.0,0.0,890,1.0,0.758252205801084,0.411,%{cpu_percent: 45.0; memory_mb: 512},983846,3288,3,3,20,civ_adapt_gen6,0,100.0,0.05
7,2026-06-30T20:54:32.943000Z,14,50,3,3,2,4,3.0,0.9305798698814458,20,0,20,0.0,0.0052,0.995,1.0,0.0,470,1.0,0.6493342549403238,0.395,%{cpu_percent: 45.0; memory_mb: 512},982511,1335,3,5,20,civ_adapt_gen7,0,100.0,0.05
8,2026-06-30T20:54:32.953000Z,2,50,6,6,1,8,6.0,0.8803466965667159,20,0,20,0.0,0.0098,0.99,1.0,0.0,865,1.0,0.7492546731753774,0.228,%{cpu_percent: 45.0; memory_mb: 512},980024,2487,3,7,20,civ_adapt_gen8,0,100.0,0.05
9,2026-06-30T20:54:32.976000Z,6,50,5,5,3,14,5.0,0.9484577981288571,20,0,20,0.0,0.0068,0.993,1.0,0.0,775,1.0,0.6900096098787042,0.249,%{cpu_percent: 45.0; memory_mb: 512},977075,2949,3,8,20,civ_adapt_gen9,0,100.0,0.05
10,2026-06-30T20:54:32.987000Z,2,50,5,5,2,25,5.0,0.8268657921840499,20,0,20,0.0,0.008,0.992,1.0,0.0,750,1.0,0.6446421545697031,0.473,%{cpu_percent: 45.0; memory_mb: 512},974308,2767,3,7,20,civ_adapt_gen10,0,100.0,0.05
1,2026-06-30T20:54:33.021000Z,2,50,5,5,2,0,5.0,0.8293115060440654,20,0,20,0.0,0.0072,0.993,1.0,0.0,750,1.0,0.7180785147566535,0.227,%{cpu_percent: 45.0; memory_mb: 512},997968,2032,3,3,20,civ_adapt_gen1,0,100.0,0.05
2,2026-06-30T20:54:33.037000Z,1,50,5,5,1,0,5.0,0.9494392765568807,20,0,20,0.0,0.0082,0.992,1.0,0.0,725,1.0,0.8945986847529873,0.506,%{cpu_percent: 45.0; memory_mb: 512},996514,1454,3,3,20,civ_adapt_gen2,0,100.0,0.05
3,2026-06-30T20:54:33.041000Z,2,50,3,3,1,3,3.0,0.9183031521048448,20,0,20,0.0,0.0072,0.993,1.0,0.0,445,1.0,0.6975937363058557,0.337,%{cpu_percent: 45.0; memory_mb: 512},993949,2565,3,4,20,civ_adapt_gen3,0,100.0,0.05
4,2026-06-30T20:54:33.056000Z,5,50,6,6,1,1,6.0,0.9406962189084171,20,0,20,0.0,0.0072,0.993,1.0,0.0,865,1.0,0.8754500464271312,0.433,%{cpu_percent: 45.0; memory_mb: 512},991691,2258,3,5,20,civ_adapt_gen4,0,100.0,0.05
5,2026-06-30T20:54:33.068000Z,2,50,4,4,2,2,4.0,0.9122035015961767,20,0,20,0.0,0.0083,0.992,1.0,0.0,610,1.0,0.8163105357160014,0.43,%{cpu_percent: 45.0; memory_mb: 512},988625,3066,3,5,20,civ_adapt_gen5,0,100.0,0.05
6,2026-06-30T20:54:33.092000Z,7,50,4,4,4,2,4.0,0.8204674511656396,20,0,20,0.0,0.0068,0.993,1.0,0.0,660,1.0,0.7180132160089424,0.469,%{cpu_percent: 45.0; memory_mb: 512},986219,2406,3,6,20,civ_adapt_gen6,0,100.0,0.05
7,2026-06-30T20:54:33.102000Z,2,50,5,5,3,0,5.0,0.9407363011611399,20,0,20,0.0,0.0075,0.993,1.0,0.0,775,1.0,0.7697750100056341,0.344,%{cpu_percent: 45.0; memory_mb: 512},983627,2592,3,4,20,civ_adapt_gen7,0,100.0,0.05
8,2026-06-30T20:54:33.111000Z,3,50,6,6,2,3,6.0,0.8358057057529147,20,0,20,0.0,0.006,0.994,1.0,0.0,890,1.0,0.8844338173217534,0.406,%{cpu_percent: 45.0; memory_mb: 512},980677,2950,3,8,20,civ_adapt_gen8,0,100.0,0.05
9,2026-06-30T20:54:33.126000Z,2,50,6,6,3,1,6.0,0.9440325846294,20,0,20,0.0,0.0078,0.992,1.0,0.0,915,1.0,0.8050440263472949,0.394,%{cpu_percent: 45.0; memory_mb: 512},978502,2175,3,6,20,civ_adapt_gen9,0,100.0,0.05
10,2026-06-30T20:54:33.140000Z,3,50,3,3,1,2,3.0,0.8017729215519986,20,0,20,0.0,0.0055,0.995,1.0,0.0,445,1.0,0.8465642465360497,0.287,%{cpu_percent: 45.0; memory_mb: 512},977136,1366,3,4,20,civ_adapt_gen10,0,100.0,0.05
1,2026-06-30T20:54:33.182000Z,3,50,3,3,2,3,3.0,0.8764918776138194,20,0,20,0.0,0.0086,0.991,1.0,0.0,470,1.0,0.7947320525910883,0.417,%{cpu_percent: 45.0; memory_mb: 512},998210,1790,3,5,20,civ_adapt_gen1,0,100.0,0.05
2,2026-06-30T20:54:33.187000Z,2,50,3,3,1,0,3.0,0.9249739533068047,20,0,20,0.0,0.0089,0.991,1.0,0.0,445,1.0,0.7923116948637091,0.23,%{cpu_percent: 45.0; memory_mb: 512},996073,2137,3,3,20,civ_adapt_gen2,0,100.0,0.05
3,2026-06-30T20:54:33.204000Z,3,50,6,6,1,1,6.0,0.9274358310329951,20,0,20,0.0,0.0078,0.992,1.0,0.0,865,1.0,0.7148348691355846,0.491,%{cpu_percent: 45.0; memory_mb: 512},993581,2492,3,7,20,civ_adapt_gen3,0,100.0,0.05
4,2026-06-30T20:54:33.228000Z,2,50,3,3,3,2,3.0,0.8067185954035092,20,0,20,0.0,0.0066,0.993,1.0,0.0,495,1.0,0.7476164554633278,0.475,%{cpu_percent: 45.0; memory_mb: 512},991965,1616,3,5,20,civ_adapt_gen4,0,100.0,0.05
5,2026-06-30T20:54:33.241000Z,12,50,5,5,3,2,5.0,0.8905700397006302,20,0,20,0.0,0.0092,0.991,1.0,0.0,775,1.0,0.7025989869627683,0.323,%{cpu_percent: 45.0; memory_mb: 512},988921,3044,3,3,20,civ_adapt_gen5,0,100.0,0.05
6,2026-06-30T20:54:33.245000Z,1,50,6,6,4,0,6.0,0.9360244847720234,20,0,20,0.0,0.007,0.993,1.0,0.0,940,1.0,0.7926217515321867,0.494,%{cpu_percent: 45.0; memory_mb: 512},987048,1873,3,8,20,civ_adapt_gen6,0,100.0,0.05
7,2026-06-30T20:54:33.258000Z,2,50,2,2,2,3,2.0,0.8707741903823343,20,0,20,0.0,0.0081,0.992,1.0,0.0,330,1.0,0.888783610423044,0.431,%{cpu_percent: 45.0; memory_mb: 512},985142,1906,3,6,20,civ_adapt_gen7,0,100.0,0.05
8,2026-06-30T20:54:33.270000Z,2,50,3,3,1,2,3.0,0.9418938166301701,20,0,20,0.0,0.0073,0.993,1.0,0.0,445,1.0,0.798264336260099,0.345,%{cpu_percent: 45.0; memory_mb: 512},982170,2972,3,5,20,civ_adapt_gen8,0,100.0,0.05
9,2026-06-30T20:54:33.284000Z,2,50,3,3,2,1,3.0,0.9229854532769827,20,0,20,0.0,0.0062,0.994,1.0,0.0,470,1.0,0.7863849542140708,0.297,%{cpu_percent: 45.0; memory_mb: 512},980310,1860,3,3,20,civ_adapt_gen9,0,100.0,0.05
10,2026-06-30T20:54:33.295000Z,2,50,5,5,2,4,5.0,0.8737274227006583,20,0,20,0.0,0.0065,0.994,1.0,0.0,750,1.0,0.7572065376578622,0.365,%{cpu_percent: 45.0; memory_mb: 512},978052,2258,3,5,20,civ_adapt_gen10,0,100.0,0.05
1,2026-06-30T20:54:33.326000Z,1,50,4,4,2,2,4.0,0.8368819890245902,20,0,20,0.0,0.0071,0.993,1.0,0.0,610,1.0,0.6507024268761928,0.316,%{cpu_percent: 45.0; memory_mb: 512},996914,3086,3,3,20,civ_adapt_gen1,0,100.0,0.05
2,2026-06-30T20:54:33.332000Z,4,50,7,7,1,2,7.0,0.8929359577874435,20,0,20,0.0,0.0062,0.994,1.0,0.0,1005,1.0,0.8097326243475879,0.333,%{cpu_percent: 45.0; memory_mb: 512},995731,1183,3,5,20,civ_adapt_gen2,0,100.0,0.05
3,2026-06-30T20:54:33.351000Z,2,50,5,5,2,0,5.0,0.8971808026803642,20,0,20,0.0,0.0063,0.994,1.0,0.0,750,1.0,0.8769319001286948,0.261,%{cpu_percent: 45.0; memory_mb: 512},993343,2388,3,3,20,civ_adapt_gen3,0,100.0,0.05
4,2026-06-30T20:54:33.357000Z,2,50,4,4,2,2,4.0,0.8055223861040776,20,0,20,0.0,0.009,0.991,1.0,0.0,610,1.0,0.8713682140935796,0.351,%{cpu_percent: 45.0; memory_mb: 512},990729,2614,3,5,20,civ_adapt_gen4,0,100.0,0.05
5,2026-06-30T20:54:33.382000Z,3,50,5,5,3,0,5.0,0.8185401342223253,20,0,20,0.0,0.0063,0.994,1.0,0.0,775,1.0,0.7713908230619775,0.262,%{cpu_percent: 45.0; memory_mb: 512},989184,1545,3,4,20,civ_adapt_gen5,0,100.0,0.05
6,2026-06-30T20:54:33.385000Z,1,50,5,5,2,3,5.0,0.9390774599282529,20,0,20,0.0,0.0076,0.992,1.0,0.0,750,1.0,0.7517496329125717,0.319,%{cpu_percent: 45.0; memory_mb: 512},986767,2417,3,6,20,civ_adapt_gen6,0,100.0,0.05
7,2026-06-30T20:54:33.400000Z,4,50,4,4,2,0,4.0,0.8666250493143853,20,0,20,0.0,0.0086,0.991,1.0,0.0,610,1.0,0.7126230136669669,0.5,%{cpu_percent: 45.0; memory_mb: 512},984028,2739,3,6,20,civ_adapt_gen7,0,100.0,0.05
8,2026-06-30T20:54:33.417000Z,2,50,7,7,1,3,7.0,0.8469131814376625,20,0,20,0.0,0.0077,0.992,1.0,0.0,1005,1.0,0.732496260642815,0.501,%{cpu_percent: 45.0; memory_mb: 512},981444,2584,3,4,20,civ_adapt_gen8,0,100.0,0.05
9,2026-06-30T20:54:33.425000Z,2,50,3,3,2,2,3.0,0.9384235054012533,20,0,20,0.0,0.0049,0.995,1.0,0.0,470,1.0,0.8234791411124955,0.268,%{cpu_percent: 45.0; memory_mb: 512},979272,2172,3,6,20,civ_adapt_gen9,0,100.0,0.05
10,2026-06-30T20:54:33.450000Z,2,50,5,5,2,4,5.0,0.9181844279302159,20,0,20,0.0,0.0064,0.994,1.0,0.0,750,1.0,0.6956802192733919,0.525,%{cpu_percent: 45.0; memory_mb: 512},976965,2307,3,8,20,civ_adapt_gen10,0,100.0,0.05
1,2026-06-30T20:54:33.470000Z,2,50,6,6,4,1,6.0,0.8899344930152854,20,0,20,0.0,0.0083,0.992,1.0,0.0,940,1.0,0.7321941857174064,0.395,%{cpu_percent: 45.0; memory_mb: 512},997138,2862,3,5,20,civ_adapt_gen1,0,100.0,0.05
2,2026-06-30T20:54:33.475000Z,2,50,4,4,1,4,4.0,0.8737890391392874,20,0,20,0.0,0.0074,0.993,1.0,0.0,585,1.0,0.8015523225401144,0.394,%{cpu_percent: 45.0; memory_mb: 512},994773,2365,3,3,20,civ_adapt_gen2,0,100.0,0.05
3,2026-06-30T20:54:33.490000Z,2,50,4,4,2,1,4.0,0.802142819491335,20,0,20,0.0,0.0081,0.992,1.0,0.0,610,1.0,0.7498963468021408,0.345,%{cpu_percent: 45.0; memory_mb: 512},993408,1365,3,3,20,civ_adapt_gen3,0,100.0,0.05
4,2026-06-30T20:54:33.503000Z,2,50,6,6,3,1,6.0,0.8839155134881929,20,0,20,0.0,0.0079,0.992,1.0,0.0,915,1.0,0.7918526013128794,0.45,%{cpu_percent: 45.0; memory_mb: 512},990764,2644,3,6,20,civ_adapt_gen4,0,100.0,0.05
5,2026-06-30T20:54:33.552000Z,23,50,4,4,2,0,4.0,0.8724076303236673,20,0,20,0.0,0.0082,0.992,1.0,0.0,610,1.0,0.6655496448047225,0.406,%{cpu_percent: 45.0; memory_mb: 512},988080,2684,3,7,20,civ_adapt_gen5,0,100.0,0.05
6,2026-06-30T20:54:33.574000Z,19,50,6,6,1,4,6.0,0.9407289081322406,20,0,20,0.0,0.0079,0.992,1.0,0.0,865,1.0,0.8393550349047696,0.239,%{cpu_percent: 45.0; memory_mb: 512},986215,1865,3,8,20,civ_adapt_gen6,0,100.0,0.05
7,2026-06-30T20:54:33.611000Z,4,50,4,4,1,5,4.0,0.8826213468987382,20,0,20,0.0,0.0066,0.993,1.0,0.0,585,1.0,0.7833819916273999,0.384,%{cpu_percent: 45.0; memory_mb: 512},984212,2003,3,7,20,civ_adapt_gen7,0,100.0,0.05
8,2026-06-30T20:54:33.640000Z,15,50,2,2,1,10,2.0,0.854240678279755,20,0,20,0.0,0.0049,0.995,1.0,0.0,305,1.0,0.6368554993085932,0.32,%{cpu_percent: 45.0; memory_mb: 512},982428,1784,3,4,20,civ_adapt_gen8,0,100.0,0.05
9,2026-06-30T20:54:33.695000Z,4,50,6,6,1,19,6.0,0.8782430651119282,20,0,20,0.0,0.0055,0.995,1.0,0.0,865,1.0,0.8960942853731553,0.278,%{cpu_percent: 45.0; memory_mb: 512},979406,3022,3,4,20,civ_adapt_gen9,0,100.0,0.05
10,2026-06-30T20:54:33.721000Z,2,50,4,4,1,37,4.0,0.8249967535693754,20,0,20,0.0,0.0088,0.991,1.0,0.0,585,1.0,0.601824303867763,0.284,%{cpu_percent: 45.0; memory_mb: 512},977314,2092,3,5,20,civ_adapt_gen10,0,100.0,0.05
1,2026-06-30T20:54:33.778000Z,2,50,3,3,3,0,3.0,0.8361397224028433,20,0,20,0.0,0.0085,0.992,1.0,0.0,495,1.0,0.6777956309885116,0.246,%{cpu_percent: 45.0; memory_mb: 512},998356,1644,3,7,20,civ_adapt_gen1,0,100.0,0.05
2,2026-06-30T20:54:33.794000Z,2,50,6,6,2,2,6.0,0.829905678996779,20,0,20,0.0,0.0065,0.994,1.0,0.0,890,1.0,0.8542800222527852,0.5,%{cpu_percent: 45.0; memory_mb: 512},995873,2483,3,8,20,civ_adapt_gen2,0,100.0,0.05
3,2026-06-30T20:54:33.803000Z,4,50,3,3,2,2,3.0,0.919760451055378,20,0,20,0.0,0.0068,0.993,1.0,0.0,470,1.0,0.741150318864067,0.333,%{cpu_percent: 45.0; memory_mb: 512},993836,2037,3,3,20,civ_adapt_gen3,0,100.0,0.05
4,2026-06-30T20:54:33.839000Z,1,50,3,3,2,0,3.0,0.8520950259299653,20,0,20,0.0,0.0078,0.992,1.0,0.0,470,1.0,0.7724416561769945,0.282,%{cpu_percent: 45.0; memory_mb: 512},991078,2758,3,8,20,civ_adapt_gen4,0,100.0,0.05
5,2026-06-30T20:54:33.849000Z,4,50,2,2,2,2,2.0,0.9101256681816402,20,0,20,0.0,0.0063,0.994,1.0,0.0,330,1.0,0.6708981883485807,0.485,%{cpu_percent: 45.0; memory_mb: 512},988752,2326,3,8,20,civ_adapt_gen5,0,100.0,0.05
6,2026-06-30T20:54:33.858000Z,2,50,3,3,2,0,3.0,0.8550775910861397,20,0,20,0.0,0.0073,0.993,1.0,0.0,470,1.0,0.7630142878981391,0.38,%{cpu_percent: 45.0; memory_mb: 512},985816,2936,3,3,20,civ_adapt_gen6,0,100.0,0.05
7,2026-06-30T20:54:33.936000Z,15,50,6,6,2,0,6.0,0.9215017188758932,20,0,20,0.0,0.0083,0.992,1.0,0.0,890,1.0,0.7127346506511869,0.279,%{cpu_percent: 45.0; memory_mb: 512},982895,2921,3,8,20,civ_adapt_gen7,0,100.0,0.05
8,2026-06-30T20:54:34.001000Z,2,50,5,5,2,0,5.0,0.8875013799074837,20,0,20,0.0,0.0063,0.994,1.0,0.0,750,1.0,0.6246103159536743,0.3,%{cpu_percent: 45.0; memory_mb: 512},979831,3064,3,7,20,civ_adapt_gen8,0,100.0,0.05
9,2026-06-30T20:54:34.010000Z,4,50,5,5,2,2,5.0,0.8054070346098968,20,0,20,0.0,0.0071,0.993,1.0,0.0,750,1.0,0.7505974688371825,0.351,%{cpu_percent: 45.0; memory_mb: 512},976869,2962,3,8,20,civ_adapt_gen9,0,100.0,0.05
10,2026-06-30T20:54:34.068000Z,30,50,6,6,2,0,6.0,0.8788460971458453,20,0,20,0.0,0.0077,0.992,1.0,0.0,890,1.0,0.8081454558297075,0.335,%{cpu_percent: 45.0; memory_mb: 512},973670,3199,3,4,20,civ_adapt_gen10,0,100.0,0.05
1,2026-06-30T20:56:31.915000Z,4,50,6,6,2,0,6.0,0.9064056375449692,20,0,20,0.0,0.0073,0.993,1.0,0.0,890,1.0,0.8775262705150453,0.308,%{cpu_percent: 45.0; memory_mb: 512},996997,3003,3,5,20,civ_adapt_gen1,0,100.0,0.05
2,2026-06-30T20:56:31.942000Z,1,50,3,3,1,0,3.0,0.9441447623558736,20,0,20,0.0,0.0065,0.994,1.0,0.0,445,1.0,0.6810116038435517,0.383,%{cpu_percent: 45.0; memory_mb: 512},993825,3172,3,5,20,civ_adapt_gen2,0,100.0,0.05
3,2026-06-30T20:56:31.946000Z,2,50,3,3,2,1,3.0,0.8283612897772922,20,0,20,0.0,0.0066,0.993,1.0,0.0,470,1.0,0.6808755123184452,0.364,%{cpu_percent: 45.0; memory_mb: 512},991294,2531,3,6,20,civ_adapt_gen3,0,100.0,0.05
4,2026-06-30T20:56:31.960000Z,2,50,4,4,2,0,4.0,0.8470909086340999,20,0,20,0.0,0.0074,0.993,1.0,0.0,610,1.0,0.6463118719836992,0.42,%{cpu_percent: 45.0; memory_mb: 512},988266,3028,3,7,20,civ_adapt_gen4,0,100.0,0.05
5,2026-06-30T20:56:31.984000Z,2,50,6,6,2,3,6.0,0.9267780515192554,20,0,20,0.0,0.0087,0.991,1.0,0.0,890,1.0,0.8941890169941962,0.326,%{cpu_percent: 45.0; memory_mb: 512},986326,1940,3,8,20,civ_adapt_gen5,0,100.0,0.05
6,2026-06-30T20:56:31.989000Z,2,50,6,6,2,4,6.0,0.9283440534293892,20,0,20,0.0,0.0071,0.993,1.0,0.0,890,1.0,0.8035177370381872,0.289,%{cpu_percent: 45.0; memory_mb: 512},984420,1906,3,6,20,civ_adapt_gen6,0,100.0,0.05
7,2026-06-30T20:56:32.008000Z,2,50,6,6,1,7,6.0,0.9080073631463335,20,0,20,0.0,0.0065,0.994,1.0,0.0,865,1.0,0.8496532712981966,0.285,%{cpu_percent: 45.0; memory_mb: 512},982216,2204,3,3,20,civ_adapt_gen7,0,100.0,0.05
8,2026-06-30T20:56:32.014000Z,1,50,6,6,1,12,6.0,0.8207239469676134,20,0,20,0.0,0.008,0.992,1.0,0.0,865,1.0,0.7827737554069774,0.338,%{cpu_percent: 45.0; memory_mb: 512},980764,1452,3,7,20,civ_adapt_gen8,0,100.0,0.05
9,2026-06-30T20:56:32.038000Z,2,50,3,3,1,22,3.0,0.838340675999369,20,0,20,0.0,0.0077,0.992,1.0,0.0,445,1.0,0.8565153647187396,0.424,%{cpu_percent: 45.0; memory_mb: 512},977869,2895,3,3,20,civ_adapt_gen9,0,100.0,0.05
10,2026-06-30T20:56:32.053000Z,4,50,4,4,1,45,4.0,0.8955053928520221,20,0,20,0.0,0.0069,0.993,1.0,0.0,585,1.0,0.8298768743924215,0.393,%{cpu_percent: 45.0; memory_mb: 512},974620,3249,3,7,20,civ_adapt_gen10,0,100.0,0.05
1,2026-06-30T20:56:32.076000Z,1,50,5,5,2,1,5.0,0.9208516533793496,20,0,20,0.0,0.0065,0.994,1.0,0.0,750,1.0,0.8602757136909506,0.477,%{cpu_percent: 45.0; memory_mb: 512},997793,2207,3,6,20,civ_adapt_gen1,0,100.0,0.05
2,2026-06-30T20:56:32.081000Z,3,50,4,4,1,4,4.0,0.8438074497223501,20,0,20,0.0,0.0063,0.994,1.0,0.0,585,1.0,0.6863755855102716,0.467,%{cpu_percent: 45.0; memory_mb: 512},995733,2060,3,3,20,civ_adapt_gen2,0,100.0,0.05
3,2026-06-30T20:56:32.099000Z,1,50,5,5,2,2,5.0,0.9002960280453739,20,0,20,0.0,0.0082,0.992,1.0,0.0,750,1.0,0.654860989602101,0.387,%{cpu_percent: 45.0; memory_mb: 512},992563,3170,3,6,20,civ_adapt_gen3,0,100.0,0.05
4,2026-06-30T20:56:32.115000Z,2,50,5,5,2,3,5.0,0.9126919757165086,20,0,20,0.0,0.0073,0.993,1.0,0.0,750,1.0,0.8401317646706349,0.389,%{cpu_percent: 45.0; memory_mb: 512},990564,1999,3,6,20,civ_adapt_gen4,0,100.0,0.05
5,2026-06-30T20:56:32.122000Z,3,50,6,6,4,0,6.0,0.8170218565920764,20,0,20,0.0,0.008,0.992,1.0,0.0,940,1.0,0.6794260693030884,0.405,%{cpu_percent: 45.0; memory_mb: 512},987564,3000,3,5,20,civ_adapt_gen5,0,100.0,0.05
6,2026-06-30T20:56:32.139000Z,2,50,6,6,2,3,6.0,0.8618512602060132,20,0,20,0.0,0.0089,0.991,1.0,0.0,890,1.0,0.6529557890304868,0.397,%{cpu_percent: 45.0; memory_mb: 512},985821,1743,3,8,20,civ_adapt_gen6,0,100.0,0.05
7,2026-06-30T20:56:32.148000Z,2,50,4,4,3,2,4.0,0.8746801232337658,20,0,20,0.0,0.0064,0.994,1.0,0.0,635,1.0,0.6088849063407791,0.377,%{cpu_percent: 45.0; memory_mb: 512},984165,1656,3,7,20,civ_adapt_gen7,0,100.0,0.05
8,2026-06-30T20:56:32.161000Z,2,50,2,2,2,0,2.0,0.8596669106487647,20,0,20,0.0,0.0068,0.993,1.0,0.0,330,1.0,0.6075385087125563,0.402,%{cpu_percent: 45.0; memory_mb: 512},982530,1635,3,5,20,civ_adapt_gen8,0,100.0,0.05
9,2026-06-30T20:56:32.178000Z,2,50,5,5,2,0,5.0,0.8377725628016498,20,0,20,0.0,0.0079,0.992,1.0,0.0,750,1.0,0.8857608194150128,0.254,%{cpu_percent: 45.0; memory_mb: 512},980354,2176,3,3,20,civ_adapt_gen9,0,100.0,0.05
10,2026-06-30T20:56:32.204000Z,4,50,3,3,2,0,3.0,0.860632028305071,20,0,20,0.0,0.008,0.992,1.0,0.0,470,1.0,0.7160796733302776,0.232,%{cpu_percent: 45.0; memory_mb: 512},978257,2097,3,7,20,civ_adapt_gen10,0,100.0,0.05
1,2026-06-30T20:56:32.215000Z,2,50,3,3,2,2,3.0,0.8281170936120824,20,0,20,0.0,0.0084,0.992,1.0,0.0,470,1.0,0.8387947783094584,0.367,%{cpu_percent: 45.0; memory_mb: 512},998507,1493,3,3,20,civ_adapt_gen1,0,100.0,0.05
2,2026-06-30T20:56:32.239000Z,2,50,4,4,2,3,4.0,0.8048662646788878,20,0,20,0.0,0.0071,0.993,1.0,0.0,610,1.0,0.625147063136857,0.309,%{cpu_percent: 45.0; memory_mb: 512},995539,2968,3,5,20,civ_adapt_gen2,0,100.0,0.05
3,2026-06-30T20:56:32.246000Z,2,50,6,6,3,0,6.0,0.8147699618499618,20,0,20,0.0,0.0068,0.993,1.0,0.0,915,1.0,0.8293074244363422,0.251,%{cpu_percent: 45.0; memory_mb: 512},993539,2000,3,8,20,civ_adapt_gen3,0,100.0,0.05
4,2026-06-30T20:56:32.267000Z,2,50,6,6,2,2,6.0,0.8820196978574979,20,0,20,0.0,0.0079,0.992,1.0,0.0,890,1.0,0.6129566359441031,0.353,%{cpu_percent: 45.0; memory_mb: 512},991597,1942,3,3,20,civ_adapt_gen4,0,100.0,0.05
5,2026-06-30T20:56:32.273000Z,3,50,6,6,3,0,6.0,0.8767688345277657,20,0,20,0.0,0.008,0.992,1.0,0.0,915,1.0,0.6135571790722771,0.393,%{cpu_percent: 45.0; memory_mb: 512},989000,2597,3,7,20,civ_adapt_gen5,0,100.0,0.05
6,2026-06-30T20:56:32.291000Z,2,50,3,3,2,0,3.0,0.8372351867408474,20,0,20,0.0,0.0076,0.992,1.0,0.0,470,1.0,0.8988797553990866,0.272,%{cpu_percent: 45.0; memory_mb: 512},986080,2920,3,5,20,civ_adapt_gen6,0,100.0,0.05
7,2026-06-30T20:56:32.331000Z,1,50,3,3,2,0,3.0,0.8622484924404779,20,0,20,0.0,0.0069,0.993,1.0,0.0,470,1.0,0.6646184180566932,0.338,%{cpu_percent: 45.0; memory_mb: 512},983985,2095,3,3,20,civ_adapt_gen7,0,100.0,0.05
8,2026-06-30T20:56:32.338000Z,1,50,2,2,1,0,2.0,0.8534789912577257,20,0,20,0.0,0.007,0.993,1.0,0.0,305,1.0,0.6708993034208478,0.236,%{cpu_percent: 45.0; memory_mb: 512},982555,1430,3,8,20,civ_adapt_gen8,0,100.0,0.05
9,2026-06-30T20:56:32.366000Z,18,50,5,5,2,0,5.0,0.813044840035574,20,0,20,0.0,0.0068,0.993,1.0,0.0,750,1.0,0.7020818534455074,0.487,%{cpu_percent: 45.0; memory_mb: 512},980815,1740,3,5,20,civ_adapt_gen9,0,100.0,0.05
10,2026-06-30T20:56:32.382000Z,12,50,3,3,2,2,3.0,0.8491415353564444,20,0,20,0.0,0.0098,0.99,1.0,0.0,470,1.0,0.7405773420590366,0.509,%{cpu_percent: 45.0; memory_mb: 512},977996,2819,3,5,20,civ_adapt_gen10,0,100.0,0.05
1,2026-06-30T20:56:32.405000Z,5,50,2,2,1,0,2.0,0.8620124019516577,20,0,20,0.0,0.0089,0.991,1.0,0.0,305,1.0,0.7499480143469627,0.267,%{cpu_percent: 45.0; memory_mb: 512},997068,2932,3,4,20,civ_adapt_gen1,0,100.0,0.05
2,2026-06-30T20:56:32.410000Z,2,50,4,4,2,2,4.0,0.8137187295759875,20,0,20,0.0,0.0076,0.992,1.0,0.0,610,1.0,0.8633582366211909,0.217,%{cpu_percent: 45.0; memory_mb: 512},995339,1729,3,4,20,civ_adapt_gen2,0,100.0,0.05
3,2026-06-30T20:56:32.427000Z,2,50,3,3,2,0,3.0,0.8423994356571143,20,0,20,0.0,0.0081,0.992,1.0,0.0,470,1.0,0.8392585671993646,0.364,%{cpu_percent: 45.0; memory_mb: 512},993825,1514,3,4,20,civ_adapt_gen3,0,100.0,0.05
4,2026-06-30T20:56:32.442000Z,2,50,4,4,2,0,4.0,0.8427836275199903,20,0,20,0.0,0.0069,0.993,1.0,0.0,610,1.0,0.7443288895792934,0.461,%{cpu_percent: 45.0; memory_mb: 512},992517,1308,3,7,20,civ_adapt_gen4,0,100.0,0.05
5,2026-06-30T20:56:32.461000Z,2,50,4,4,1,1,4.0,0.835369809041161,20,0,20,0.0,0.005,0.995,1.0,0.0,585,1.0,0.7389800629289349,0.455,%{cpu_percent: 45.0; memory_mb: 512},991194,1323,3,6,20,civ_adapt_gen5,0,100.0,0.05
6,2026-06-30T20:56:32.478000Z,2,50,4,4,2,0,4.0,0.9054107780438478,20,0,20,0.0,0.0074,0.993,1.0,0.0,610,1.0,0.819836047933938,0.452,%{cpu_percent: 45.0; memory_mb: 512},989236,1958,3,8,20,civ_adapt_gen6,0,100.0,0.05
7,2026-06-30T20:56:32.490000Z,2,50,6,6,2,0,6.0,0.804194320122614,20,0,20,0.0,0.0072,0.993,1.0,0.0,890,1.0,0.8539369737513552,0.282,%{cpu_percent: 45.0; memory_mb: 512},987055,2181,3,8,20,civ_adapt_gen7,0,100.0,0.05
8,2026-06-30T20:56:32.505000Z,2,50,3,3,2,0,3.0,0.9356839152873201,20,0,20,0.0,0.0081,0.992,1.0,0.0,470,1.0,0.6133224537190978,0.226,%{cpu_percent: 45.0; memory_mb: 512},985004,2051,3,7,20,civ_adapt_gen8,0,100.0,0.05
9,2026-06-30T20:56:32.515000Z,1,50,5,5,3,0,5.0,0.9373309312471756,20,0,20,0.0,0.0072,0.993,1.0,0.0,775,1.0,0.6027013208071043,0.511,%{cpu_percent: 45.0; memory_mb: 512},983815,1189,3,7,20,civ_adapt_gen9,0,100.0,0.05
10,2026-06-30T20:56:32.556000Z,7,50,5,5,3,2,5.0,0.8896807127020183,20,0,20,0.0,0.0085,0.992,1.0,0.0,775,1.0,0.718977600892019,0.256,%{cpu_percent: 45.0; memory_mb: 512},981241,2574,3,3,20,civ_adapt_gen10,0,100.0,0.05
1,2026-06-30T20:56:32.650000Z,20,50,6,6,1,2,6.0,0.8535793378194773,20,0,20,0.0,0.0071,0.993,1.0,0.0,865,1.0,0.6901781899016725,0.403,%{cpu_percent: 45.0; memory_mb: 512},998529,1471,3,6,20,civ_adapt_gen1,0,100.0,0.05
2,2026-06-30T20:56:32.659000Z,2,50,6,6,3,1,6.0,0.9395667333145288,20,0,20,0.0,0.0059,0.994,1.0,0.0,915,1.0,0.7458618766728278,0.39,%{cpu_percent: 45.0; memory_mb: 512},995730,2799,3,6,20,civ_adapt_gen2,0,100.0,0.05
3,2026-06-30T20:56:32.700000Z,4,50,6,6,3,1,6.0,0.9398917397018172,20,0,20,0.0,0.0079,0.992,1.0,0.0,915,1.0,0.8315557388623964,0.357,%{cpu_percent: 45.0; memory_mb: 512},994145,1585,3,3,20,civ_adapt_gen3,0,100.0,0.05
4,2026-06-30T20:56:32.756000Z,8,50,3,3,4,0,3.0,0.8003188605019125,20,0,20,0.0,0.0053,0.995,1.0,0.0,520,1.0,0.8971299644366756,0.478,%{cpu_percent: 45.0; memory_mb: 512},992027,2118,3,8,20,civ_adapt_gen4,0,100.0,0.05
5,2026-06-30T20:56:32.779000Z,3,50,5,5,3,0,5.0,0.8440970297884874,20,0,20,0.0,0.0054,0.995,1.0,0.0,775,1.0,0.8885892737566634,0.491,%{cpu_percent: 45.0; memory_mb: 512},990156,1871,3,4,20,civ_adapt_gen5,0,100.0,0.05
6,2026-06-30T20:56:32.792000Z,2,50,5,5,2,0,5.0,0.8754721038943225,20,0,20,0.0,0.0069,0.993,1.0,0.0,750,1.0,0.6185146349526746,0.305,%{cpu_percent: 45.0; memory_mb: 512},987470,2686,3,4,20,civ_adapt_gen6,0,100.0,0.05
7,2026-06-30T20:56:32.814000Z,2,50,6,6,1,0,6.0,0.8648558570516409,20,0,20,0.0,0.0092,0.991,1.0,0.0,865,1.0,0.6328194572885575,0.496,%{cpu_percent: 45.0; memory_mb: 512},984573,2897,3,7,20,civ_adapt_gen7,0,100.0,0.05
8,2026-06-30T20:56:32.831000Z,15,50,6,6,2,1,6.0,0.8883158235321738,20,0,20,0.0,0.0053,0.995,1.0,0.0,890,1.0,0.7491180962242117,0.376,%{cpu_percent: 45.0; memory_mb: 512},981900,2673,3,3,20,civ_adapt_gen8,0,100.0,0.05
9,2026-06-30T20:56:32.838000Z,4,50,6,6,2,0,6.0,0.8800319786871837,20,0,20,0.0,0.0082,0.992,1.0,0.0,890,1.0,0.6641319328727633,0.463,%{cpu_percent: 45.0; memory_mb: 512},980355,1545,3,6,20,civ_adapt_gen9,0,100.0,0.05
10,2026-06-30T20:56:32.848000Z,2,50,2,2,1,2,2.0,0.8614493662878046,20,0,20,0.0,0.0088,0.991,1.0,0.0,305,1.0,0.6018907640687071,0.49,%{cpu_percent: 45.0; memory_mb: 512},978067,2288,3,8,20,civ_adapt_gen10,0,100.0,0.05
1,2026-06-30T20:56:32.894000Z,2,50,6,6,4,0,6.0,0.9264417169938972,20,0,20,0.0,0.006,0.994,1.0,0.0,940,1.0,0.8063466777606454,0.27,%{cpu_percent: 45.0; memory_mb: 512},997355,2645,3,3,20,civ_adapt_gen1,0,100.0,0.05
2,2026-06-30T20:56:32.904000Z,7,50,2,2,4,0,2.0,0.8878520675762706,20,0,20,0.0,0.0068,0.993,1.0,0.0,380,1.0,0.84273474828607,0.344,%{cpu_percent: 45.0; memory_mb: 512},994642,2713,3,4,20,civ_adapt_gen2,0,100.0,0.05
3,2026-06-30T20:56:32.913000Z,2,50,4,4,1,3,4.0,0.9254136160245677,20,0,20,0.0,0.0069,0.993,1.0,0.0,585,1.0,0.6811489889997638,0.462,%{cpu_percent: 45.0; memory_mb: 512},993357,1285,3,7,20,civ_adapt_gen3,0,100.0,0.05
4,2026-06-30T20:56:32.931000Z,2,50,5,5,4,2,5.0,0.8130062329032822,20,0,20,0.0,0.0072,0.993,1.0,0.0,800,1.0,0.6053982778566462,0.314,%{cpu_percent: 45.0; memory_mb: 512},991527,1830,3,5,20,civ_adapt_gen4,0,100.0,0.05
5,2026-06-30T20:56:32.938000Z,2,50,4,4,1,3,4.0,0.8178535110370272,20,0,20,0.0,0.0073,0.993,1.0,0.0,585,1.0,0.8674749680278984,0.314,%{cpu_percent: 45.0; memory_mb: 512},989929,1598,3,3,20,civ_adapt_gen5,0,100.0,0.05
6,2026-06-30T20:56:32.949000Z,1,50,4,4,1,6,4.0,0.8371882422603102,20,0,20,0.0,0.0091,0.991,1.0,0.0,585,1.0,0.8331703196823841,0.497,%{cpu_percent: 45.0; memory_mb: 512},986886,3043,3,7,20,civ_adapt_gen6,0,100.0,0.05
7,2026-06-30T20:56:32.970000Z,7,50,2,2,2,8,2.0,0.900006011129491,20,0,20,0.0,0.0074,0.993,1.0,0.0,330,1.0,0.735075878683178,0.353,%{cpu_percent: 45.0; memory_mb: 512},984774,2112,3,8,20,civ_adapt_gen7,0,100.0,0.05
8,2026-06-30T20:56:32.988000Z,2,50,4,4,2,16,4.0,0.902969469497268,20,0,20,0.0,0.007,0.993,1.0,0.0,610,1.0,0.778882239289518,0.507,%{cpu_percent: 45.0; memory_mb: 512},981429,3345,3,6,20,civ_adapt_gen8,0,100.0,0.05
9,2026-06-30T20:56:32.991000Z,1,50,4,4,2,27,4.0,0.8695046472002457,20,0,20,0.0,0.0061,0.994,1.0,0.0,610,1.0,0.7310584223673348,0.496,%{cpu_percent: 45.0; memory_mb: 512},979596,1833,3,6,20,civ_adapt_gen9,0,100.0,0.05
10,2026-06-30T20:56:33.004000Z,1,50,5,5,2,52,5.0,0.9350149588503225,20,0,20,0.0,0.0062,0.994,1.0,0.0,750,1.0,0.7063940091857669,0.231,%{cpu_percent: 45.0; memory_mb: 512},978187,1409,3,3,20,civ_adapt_gen10,0,100.0,0.05
1,2026-06-30T20:57:08.654000Z,5,50,4,4,3,1,4.0,0.9257091631443598,20,0,20,0.0,0.0071,0.993,1.0,0.0,635,1.0,0.8716204175110005,0.435,%{cpu_percent: 45.0; memory_mb: 512},998662,1338,3,6,20,civ_adapt_gen1,0,100.0,0.05
2,2026-06-30T20:57:08.669000Z,5,50,2,2,1,3,2.0,0.9102522645459272,20,0,20,0.0,0.006,0.994,1.0,0.0,305,1.0,0.8853498575582897,0.374,%{cpu_percent: 45.0; memory_mb: 512},996027,2635,3,8,20,civ_adapt_gen2,0,100.0,0.05
3,2026-06-30T20:57:08.685000Z,3,50,3,3,1,3,3.0,0.8821899073000575,20,0,20,0.0,0.0059,0.994,1.0,0.0,445,1.0,0.7672573531377954,0.245,%{cpu_percent: 45.0; memory_mb: 512},993886,2141,3,3,20,civ_adapt_gen3,0,100.0,0.05
4,2026-06-30T20:57:08.700000Z,5,50,6,6,1,5,6.0,0.9359811207764366,20,0,20,0.0,0.0084,0.992,1.0,0.0,865,1.0,0.8911014467596092,0.279,%{cpu_percent: 45.0; memory_mb: 512},990853,3033,3,7,20,civ_adapt_gen4,0,100.0,0.05
5,2026-06-30T20:57:08.708000Z,2,50,5,5,3,10,5.0,0.8960147112656378,20,0,20,0.0,0.0085,0.992,1.0,0.0,775,1.0,0.6508813521383039,0.372,%{cpu_percent: 45.0; memory_mb: 512},989318,1535,3,7,20,civ_adapt_gen5,0,100.0,0.05
6,2026-06-30T20:57:08.732000Z,2,50,5,5,3,14,5.0,0.9009180661833844,20,0,20,0.0,0.0077,0.992,1.0,0.0,775,1.0,0.6230862026935028,0.386,%{cpu_percent: 45.0; memory_mb: 512},986450,2868,3,7,20,civ_adapt_gen6,0,100.0,0.05
7,2026-06-30T20:57:08.736000Z,3,50,6,6,1,25,6.0,0.828711085705024,20,0,20,0.0,0.0076,0.992,1.0,0.0,865,1.0,0.7872525612033909,0.329,%{cpu_percent: 45.0; memory_mb: 512},983462,2988,3,5,20,civ_adapt_gen7,0,100.0,0.05
8,2026-06-30T20:57:08.763000Z,4,50,5,5,3,51,5.0,0.9054142825171895,20,0,20,0.0,0.0082,0.992,1.0,0.0,775,1.0,0.8483169973752077,0.489,%{cpu_percent: 45.0; memory_mb: 512},981997,1465,3,4,20,civ_adapt_gen8,0,100.0,0.05
9,2026-06-30T20:57:08.767000Z,2,50,3,3,2,96,3.0,0.8413654535513964,20,0,20,0.0,0.0075,0.993,1.0,0.0,470,1.0,0.780317959462522,0.363,%{cpu_percent: 45.0; memory_mb: 512},980782,1215,3,8,20,civ_adapt_gen9,0,100.0,0.05
10,2026-06-30T20:57:08.781000Z,6,50,6,6,1,194,6.0,0.9047120784143777,20,0,20,0.0,0.0074,0.993,1.0,0.0,865,1.0,0.6286926007181718,0.429,%{cpu_percent: 45.0; memory_mb: 512},978649,2133,3,7,20,civ_adapt_gen10,0,100.0,0.05
1,2026-06-30T20:57:08.819000Z,2,50,4,4,1,0,4.0,0.8305043153109424,20,0,20,0.0,0.0063,0.994,1.0,0.0,585,1.0,0.7354296202489837,0.434,%{cpu_percent: 45.0; memory_mb: 512},997392,2608,3,4,20,civ_adapt_gen1,0,100.0,0.05
2,2026-06-30T20:57:08.834000Z,3,50,6,6,1,4,6.0,0.9485779547400858,20,0,20,0.0,0.0075,0.993,1.0,0.0,865,1.0,0.8755035177814583,0.33,%{cpu_percent: 45.0; memory_mb: 512},994397,2995,3,3,20,civ_adapt_gen2,0,100.0,0.05
3,2026-06-30T20:57:08.840000Z,2,50,4,4,4,4,4.0,0.8156484893755381,20,0,20,0.0,0.0062,0.994,1.0,0.0,660,1.0,0.8350528862635721,0.293,%{cpu_percent: 45.0; memory_mb: 512},991719,2678,3,6,20,civ_adapt_gen3,0,100.0,0.05
4,2026-06-30T20:57:08.853000Z,2,50,6,6,2,6,6.0,0.9170870531247894,20,0,20,0.0,0.0054,0.995,1.0,0.0,890,1.0,0.6875964437956478,0.502,%{cpu_percent: 45.0; memory_mb: 512},990423,1296,3,6,20,civ_adapt_gen4,0,100.0,0.05
5,2026-06-30T20:57:08.867000Z,2,50,3,3,2,7,3.0,0.8497080297377481,20,0,20,0.0,0.0065,0.994,1.0,0.0,470,1.0,0.7265378757324633,0.391,%{cpu_percent: 45.0; memory_mb: 512},987826,2597,3,6,20,civ_adapt_gen5,0,100.0,0.05
6,2026-06-30T20:57:08.881000Z,2,50,4,4,2,14,4.0,0.9054717493196055,20,0,20,0.0,0.0073,0.993,1.0,0.0,610,1.0,0.8199370083109385,0.419,%{cpu_percent: 45.0; memory_mb: 512},984943,2883,3,6,20,civ_adapt_gen6,0,100.0,0.05
7,2026-06-30T20:57:08.898000Z,2,50,3,3,3,22,3.0,0.92338778366694,20,0,20,0.0,0.0076,0.992,1.0,0.0,495,1.0,0.7213704237557428,0.387,%{cpu_percent: 45.0; memory_mb: 512},983230,1713,3,5,20,civ_adapt_gen7,0,100.0,0.05
8,2026-06-30T20:57:08.904000Z,2,50,3,3,3,43,3.0,0.8259707140895799,20,0,20,0.0,0.0075,0.993,1.0,0.0,495,1.0,0.7157000591911317,0.397,%{cpu_percent: 45.0; memory_mb: 512},981662,1568,3,5,20,civ_adapt_gen8,0,100.0,0.05
9,2026-06-30T20:57:08.918000Z,2,50,5,5,2,85,5.0,0.810943366634969,20,0,20,0.0,0.0083,0.992,1.0,0.0,750,1.0,0.7162130484270574,0.283,%{cpu_percent: 45.0; memory_mb: 512},979249,2413,3,7,20,civ_adapt_gen9,0,100.0,0.05
10,2026-06-30T20:57:08.932000Z,2,50,5,5,2,165,5.0,0.882930307063713,20,0,20,0.0,0.0058,0.994,1.0,0.0,750,1.0,0.6306087344716731,0.26,%{cpu_percent: 45.0; memory_mb: 512},976579,2670,3,5,20,civ_adapt_gen10,0,100.0,0.05
1,2026-06-30T20:57:08.963000Z,2,50,3,3,3,0,3.0,0.8505158006627919,20,0,20,0.0,0.0077,0.992,1.0,0.0,495,1.0,0.851644061783323,0.368,%{cpu_percent: 45.0; memory_mb: 512},997136,2864,3,7,20,civ_adapt_gen1,0,100.0,0.05
2,2026-06-30T20:57:08.967000Z,2,50,4,4,3,0,4.0,0.8312178424708156,20,0,20,0.0,0.0079,0.992,1.0,0.0,635,1.0,0.6231102766895725,0.301,%{cpu_percent: 45.0; memory_mb: 512},994446,2690,3,7,20,civ_adapt_gen2,0,100.0,0.05
3,2026-06-30T20:57:08.981000Z,5,50,3,3,2,1,3.0,0.8824308814515287,20,0,20,0.0,0.0076,0.992,1.0,0.0,470,1.0,0.8473855070971987,0.384,%{cpu_percent: 45.0; memory_mb: 512},991501,2945,3,6,20,civ_adapt_gen3,0,100.0,0.05
4,2026-06-30T20:57:08.992000Z,1,50,3,3,1,2,3.0,0.807693287955816,20,0,20,0.0,0.0087,0.991,1.0,0.0,445,1.0,0.7017001034141384,0.42,%{cpu_percent: 45.0; memory_mb: 512},989796,1705,3,7,20,civ_adapt_gen4,0,100.0,0.05
5,2026-06-30T20:57:09.015000Z,2,50,4,4,2,0,4.0,0.8696712914950521,20,0,20,0.0,0.0088,0.991,1.0,0.0,610,1.0,0.8553031145660226,0.489,%{cpu_percent: 45.0; memory_mb: 512},986810,2986,3,6,20,civ_adapt_gen5,0,100.0,0.05
6,2026-06-30T20:57:09.018000Z,2,50,5,5,3,1,5.0,0.9431667976744609,20,0,20,0.0,0.0072,0.993,1.0,0.0,775,1.0,0.6090563981075001,0.3,%{cpu_percent: 45.0; memory_mb: 512},984601,2209,3,7,20,civ_adapt_gen6,0,100.0,0.05
7,2026-06-30T20:57:09.031000Z,2,50,6,6,1,3,6.0,0.9318122573511636,20,0,20,0.0,0.0061,0.994,1.0,0.0,865,1.0,0.6635682179558099,0.38,%{cpu_percent: 45.0; memory_mb: 512},983476,1125,3,6,20,civ_adapt_gen7,0,100.0,0.05
8,2026-06-30T20:57:09.052000Z,2,50,3,3,1,2,3.0,0.8384506330345165,20,0,20,0.0,0.008,0.992,1.0,0.0,445,1.0,0.6847457540102454,0.313,%{cpu_percent: 45.0; memory_mb: 512},980918,2558,3,4,20,civ_adapt_gen8,0,100.0,0.05
9,2026-06-30T20:57:09.056000Z,2,50,5,5,1,5,5.0,0.8314643263465664,20,0,20,0.0,0.0076,0.992,1.0,0.0,725,1.0,0.8327907362113797,0.297,%{cpu_percent: 45.0; memory_mb: 512},978768,2150,3,6,20,civ_adapt_gen9,0,100.0,0.05
10,2026-06-30T20:57:09.081000Z,6,50,5,5,2,7,5.0,0.9434637129886593,20,0,20,0.0,0.0094,0.991,1.0,0.0,750,1.0,0.7686501745867502,0.369,%{cpu_percent: 45.0; memory_mb: 512},976508,2260,3,4,20,civ_adapt_gen10,0,100.0,0.05
1,2026-06-30T20:57:09.102000Z,1,50,5,5,3,0,5.0,0.9328334074978958,20,0,20,0.0,0.0088,0.991,1.0,0.0,775,1.0,0.7964745679610414,0.358,%{cpu_percent: 45.0; memory_mb: 512},998118,1882,3,4,20,civ_adapt_gen1,0,100.0,0.05
2,2026-06-30T20:57:09.105000Z,2,50,3,3,2,0,3.0,0.8118860933306267,20,0,20,0.0,0.0059,0.994,1.0,0.0,470,1.0,0.7859453833477554,0.356,%{cpu_percent: 45.0; memory_mb: 512},995651,2467,3,3,20,civ_adapt_gen2,0,100.0,0.05
3,2026-06-30T20:57:09.128000Z,4,50,3,3,3,1,3.0,0.9386339854622348,20,0,20,0.0,0.0076,0.992,1.0,0.0,495,1.0,0.8622133645881325,0.346,%{cpu_percent: 45.0; memory_mb: 512},994164,1487,3,7,20,civ_adapt_gen3,0,100.0,0.05
4,2026-06-30T20:57:09.133000Z,2,50,6,6,2,0,6.0,0.8840652080610983,20,0,20,0.0,0.0066,0.993,1.0,0.0,890,1.0,0.6270736342509375,0.446,%{cpu_percent: 45.0; memory_mb: 512},991791,2373,3,3,20,civ_adapt_gen4,0,100.0,0.05
5,2026-06-30T20:57:09.147000Z,2,50,3,3,3,0,3.0,0.8262858046850033,20,0,20,0.0,0.0097,0.99,1.0,0.0,495,1.0,0.6537692438919445,0.455,%{cpu_percent: 45.0; memory_mb: 512},990291,1500,3,3,20,civ_adapt_gen5,0,100.0,0.05
6,2026-06-30T20:57:09.158000Z,1,50,3,3,3,0,3.0,0.909792076180694,20,0,20,0.0,0.0059,0.994,1.0,0.0,495,1.0,0.7324470811568335,0.443,%{cpu_percent: 45.0; memory_mb: 512},988688,1603,3,3,20,civ_adapt_gen6,0,100.0,0.05
7,2026-06-30T20:57:09.184000Z,2,50,5,5,1,1,5.0,0.8699619084552364,20,0,20,0.0,0.0086,0.991,1.0,0.0,725,1.0,0.776468225973089,0.252,%{cpu_percent: 45.0; memory_mb: 512},987358,1330,3,6,20,civ_adapt_gen7,0,100.0,0.05
8,2026-06-30T20:57:09.189000Z,2,50,3,3,2,2,3.0,0.9413951586772309,20,0,20,0.0,0.008,0.992,1.0,0.0,470,1.0,0.674862209298482,0.247,%{cpu_percent: 45.0; memory_mb: 512},986271,1087,3,3,20,civ_adapt_gen8,0,100.0,0.05
9,2026-06-30T20:57:09.203000Z,1,50,4,4,1,4,4.0,0.8594558103748182,20,0,20,0.0,0.0084,0.992,1.0,0.0,585,1.0,0.8090995779023433,0.346,%{cpu_percent: 45.0; memory_mb: 512},983553,2718,3,4,20,civ_adapt_gen9,0,100.0,0.05
10,2026-06-30T20:57:09.215000Z,2,50,5,5,1,6,5.0,0.8032221162451605,20,0,20,0.0,0.006,0.994,1.0,0.0,725,1.0,0.7611291401920472,0.355,%{cpu_percent: 45.0; memory_mb: 512},981100,2453,3,5,20,civ_adapt_gen10,0,100.0,0.05
1,2026-06-30T20:57:09.246000Z,2,50,4,4,3,1,4.0,0.93422241306222,20,0,20,0.0,0.007,0.993,1.0,0.0,635,1.0,0.6432763779012942,0.279,%{cpu_percent: 45.0; memory_mb: 512},996797,3203,3,5,20,civ_adapt_gen1,0,100.0,0.05
2,2026-06-30T20:57:09.252000Z,3,50,2,2,1,0,2.0,0.8269376693674396,20,0,20,0.0,0.0091,0.991,1.0,0.0,305,1.0,0.8308376238044733,0.495,%{cpu_percent: 45.0; memory_mb: 512},994679,2118,3,8,20,civ_adapt_gen2,0,100.0,0.05
3,2026-06-30T20:57:09.265000Z,2,50,3,3,3,1,3.0,0.8442408793417534,20,0,20,0.0,0.0084,0.992,1.0,0.0,495,1.0,0.624850387598187,0.442,%{cpu_percent: 45.0; memory_mb: 512},991717,2962,3,8,20,civ_adapt_gen3,0,100.0,0.05
4,2026-06-30T20:57:09.280000Z,2,50,3,3,3,1,3.0,0.8127458450465086,20,0,20,0.0,0.0091,0.991,1.0,0.0,495,1.0,0.6078755933611505,0.395,%{cpu_percent: 45.0; memory_mb: 512},989517,2200,3,3,20,civ_adapt_gen4,0,100.0,0.05
5,2026-06-30T20:57:09.297000Z,1,50,2,2,2,2,2.0,0.8629080484548913,20,0,20,0.0,0.0078,0.992,1.0,0.0,330,1.0,0.8945721875846522,0.449,%{cpu_percent: 45.0; memory_mb: 512},988181,1336,3,8,20,civ_adapt_gen5,0,100.0,0.05
6,2026-06-30T20:57:09.302000Z,2,50,6,6,1,0,6.0,0.8842572489892757,20,0,20,0.0,0.0078,0.992,1.0,0.0,865,1.0,0.8347056476763306,0.486,%{cpu_percent: 45.0; memory_mb: 512},986959,1222,3,5,20,civ_adapt_gen6,0,100.0,0.05
7,2026-06-30T20:57:09.314000Z,2,50,4,4,2,0,4.0,0.8711746762428166,20,0,20,0.0,0.0076,0.992,1.0,0.0,610,1.0,0.7224596489198963,0.504,%{cpu_percent: 45.0; memory_mb: 512},984857,2102,3,3,20,civ_adapt_gen7,0,100.0,0.05
8,2026-06-30T20:57:09.332000Z,2,50,3,3,1,0,3.0,0.8171938169658469,20,0,20,0.0,0.0073,0.993,1.0,0.0,445,1.0,0.6372349410501712,0.446,%{cpu_percent: 45.0; memory_mb: 512},981961,2896,3,5,20,civ_adapt_gen8,0,100.0,0.05
9,2026-06-30T20:57:09.346000Z,1,50,6,6,3,0,6.0,0.8366360591176725,20,0,20,0.0,0.0069,0.993,1.0,0.0,915,1.0,0.8266124677564243,0.508,%{cpu_percent: 45.0; memory_mb: 512},979733,2228,3,6,20,civ_adapt_gen9,0,100.0,0.05
10,2026-06-30T20:57:09.364000Z,1,50,3,3,3,1,3.0,0.9142164729624798,20,0,20,0.0,0.0069,0.993,1.0,0.0,495,1.0,0.7617224587624868,0.502,%{cpu_percent: 45.0; memory_mb: 512},977410,2323,3,6,20,civ_adapt_gen10,0,100.0,0.05
1,2026-06-30T20:57:09.386000Z,2,50,4,4,2,0,4.0,0.8755478727435534,20,0,20,0.0,0.0064,0.994,1.0,0.0,610,1.0,0.6219545310198662,0.305,%{cpu_percent: 45.0; memory_mb: 512},998669,1331,3,7,20,civ_adapt_gen1,0,100.0,0.05
2,2026-06-30T20:57:09.389000Z,2,50,2,2,1,0,2.0,0.8417595951852546,20,0,20,0.0,0.0069,0.993,1.0,0.0,305,1.0,0.623718070779218,0.266,%{cpu_percent: 45.0; memory_mb: 512},996539,2130,3,8,20,civ_adapt_gen2,0,100.0,0.05
3,2026-06-30T20:57:09.404000Z,2,50,2,2,2,0,2.0,0.930096912284158,20,0,20,0.0,0.0078,0.992,1.0,0.0,330,1.0,0.7099204374432313,0.313,%{cpu_percent: 45.0; memory_mb: 512},993321,3218,3,7,20,civ_adapt_gen3,0,100.0,0.05
4,2026-06-30T20:57:09.416000Z,2,50,4,4,1,2,4.0,0.9414156507748429,20,0,20,0.0,0.0071,0.993,1.0,0.0,585,1.0,0.828977644946028,0.246,%{cpu_percent: 45.0; memory_mb: 512},992049,1272,3,7,20,civ_adapt_gen4,0,100.0,0.05
5,2026-06-30T20:57:09.431000Z,2,50,2,2,2,0,2.0,0.9490110349541802,20,0,20,0.0,0.008,0.992,1.0,0.0,330,1.0,0.8575024634157862,0.365,%{cpu_percent: 45.0; memory_mb: 512},989393,2656,3,6,20,civ_adapt_gen5,0,100.0,0.05
6,2026-06-30T20:57:09.443000Z,2,50,6,6,1,2,6.0,0.9494728244891222,20,0,20,0.0,0.0054,0.995,1.0,0.0,865,1.0,0.7457217783843907,0.482,%{cpu_percent: 45.0; memory_mb: 512},986924,2469,3,3,20,civ_adapt_gen6,0,100.0,0.05
7,2026-06-30T20:57:09.453000Z,2,50,5,5,2,0,5.0,0.9225911934939853,20,0,20,0.0,0.007,0.993,1.0,0.0,750,1.0,0.7957427773680236,0.492,%{cpu_percent: 45.0; memory_mb: 512},983771,3153,3,7,20,civ_adapt_gen7,0,100.0,0.05
8,2026-06-30T20:57:09.473000Z,2,50,3,3,4,1,3.0,0.910980777122894,20,0,20,0.0,0.0089,0.991,1.0,0.0,520,1.0,0.6125486311657433,0.282,%{cpu_percent: 45.0; memory_mb: 512},982439,1332,3,7,20,civ_adapt_gen8,0,100.0,0.05
9,2026-06-30T20:57:09.480000Z,2,50,3,3,3,0,3.0,0.8828241941572847,20,0,20,0.0,0.0061,0.994,1.0,0.0,495,1.0,0.7794210865154297,0.526,%{cpu_percent: 45.0; memory_mb: 512},980061,2378,3,4,20,civ_adapt_gen9,0,100.0,0.05
10,2026-06-30T20:57:09.495000Z,6,50,6,6,2,2,6.0,0.8979694900359435,20,0,20,0.0,0.0068,0.993,1.0,0.0,890,1.0,0.7806678911431398,0.423,%{cpu_percent: 45.0; memory_mb: 512},977798,2263,3,8,20,civ_adapt_gen10,0,100.0,0.05
1,2026-06-30T20:59:12.311000Z,7,50,5,5,2,0,5.0,0.8046484097124177,20,0,20,0.0,0.0064,0.994,1.0,0.0,750,1.0,0.6026538212659098,0.502,%{cpu_percent: 45.0; memory_mb: 512},998291,1709,3,7,20,civ_adapt_gen1,0,100.0,0.05
2,2026-06-30T20:59:12.319000Z,2,50,6,6,3,0,6.0,0.9195856056284295,20,0,20,0.0,0.0081,0.992,1.0,0.0,915,1.0,0.6676320954631773,0.323,%{cpu_percent: 45.0; memory_mb: 512},996054,2237,3,5,20,civ_adapt_gen2,0,100.0,0.05
3,2026-06-30T20:59:12.337000Z,2,50,3,3,2,0,3.0,0.8232549682457446,20,0,20,0.0,0.0079,0.992,1.0,0.0,470,1.0,0.665264388619627,0.313,%{cpu_percent: 45.0; memory_mb: 512},993519,2535,3,3,20,civ_adapt_gen3,0,100.0,0.05
4,2026-06-30T20:59:12.360000Z,3,50,6,6,2,2,6.0,0.8770709592045705,20,0,20,0.0,0.0064,0.994,1.0,0.0,890,1.0,0.8234463813991646,0.397,%{cpu_percent: 45.0; memory_mb: 512},992320,1199,3,6,20,civ_adapt_gen4,0,100.0,0.05
5,2026-06-30T20:59:12.364000Z,2,50,6,6,3,0,6.0,0.8719152232234724,20,0,20,0.0,0.0071,0.993,1.0,0.0,915,1.0,0.6216832245144169,0.261,%{cpu_percent: 45.0; memory_mb: 512},990229,2091,3,6,20,civ_adapt_gen5,0,100.0,0.05
6,2026-06-30T20:59:12.377000Z,2,50,3,3,1,0,3.0,0.8972876217376965,20,0,20,0.0,0.0085,0.992,1.0,0.0,445,1.0,0.8254966097227198,0.516,%{cpu_percent: 45.0; memory_mb: 512},988212,2017,3,4,20,civ_adapt_gen6,0,100.0,0.05
7,2026-06-30T20:59:12.391000Z,5,50,2,2,3,2,2.0,0.804650963178497,20,0,20,0.0,0.0081,0.992,1.0,0.0,355,1.0,0.7275681168527547,0.323,%{cpu_percent: 45.0; memory_mb: 512},986150,2062,3,4,20,civ_adapt_gen7,0,100.0,0.05
8,2026-06-30T20:59:12.408000Z,4,50,6,6,1,3,6.0,0.8880692237737825,20,0,20,0.0,0.0089,0.991,1.0,0.0,865,1.0,0.6353620626585724,0.499,%{cpu_percent: 45.0; memory_mb: 512},984281,1869,3,8,20,civ_adapt_gen8,0,100.0,0.05
9,2026-06-30T20:59:12.421000Z,2,50,5,5,1,5,5.0,0.886528309014422,20,0,20,0.0,0.0066,0.993,1.0,0.0,725,1.0,0.7521498397815988,0.352,%{cpu_percent: 45.0; memory_mb: 512},982376,1905,3,6,20,civ_adapt_gen9,0,100.0,0.05
10,2026-06-30T20:59:12.429000Z,2,50,3,3,1,7,3.0,0.8320248242933175,20,0,20,0.0,0.0079,0.992,1.0,0.0,445,1.0,0.6784964793401086,0.331,%{cpu_percent: 45.0; memory_mb: 512},979933,2443,3,8,20,civ_adapt_gen10,0,100.0,0.05
1,2026-06-30T20:59:12.474000Z,12,50,5,5,2,0,5.0,0.8001975507987691,20,0,20,0.0,0.0082,0.992,1.0,0.0,750,1.0,0.8759441983845957,0.453,%{cpu_percent: 45.0; memory_mb: 512},998126,1874,3,7,20,civ_adapt_gen1,0,100.0,0.05
2,2026-06-30T20:59:12.477000Z,2,50,4,4,2,1,4.0,0.803443024969836,20,0,20,0.0,0.0082,0.992,1.0,0.0,610,1.0,0.8748942959598676,0.271,%{cpu_percent: 45.0; memory_mb: 512},996565,1561,3,8,20,civ_adapt_gen2,0,100.0,0.05
3,2026-06-30T20:59:12.494000Z,1,50,3,3,3,1,3.0,0.8875301157547237,20,0,20,0.0,0.0075,0.993,1.0,0.0,495,1.0,0.6051406393523282,0.218,%{cpu_percent: 45.0; memory_mb: 512},994823,1742,3,6,20,civ_adapt_gen3,0,100.0,0.05
4,2026-06-30T20:59:12.527000Z,3,50,5,5,1,4,5.0,0.933137625040235,20,0,20,0.0,0.0081,0.992,1.0,0.0,725,1.0,0.8452880329568973,0.488,%{cpu_percent: 45.0; memory_mb: 512},993161,1662,3,7,20,civ_adapt_gen4,0,100.0,0.05
5,2026-06-30T20:59:12.550000Z,5,50,4,4,4,3,4.0,0.9211807454373594,20,0,20,0.0,0.0075,0.993,1.0,0.0,660,1.0,0.727202161617186,0.379,%{cpu_percent: 45.0; memory_mb: 512},991084,2077,3,5,20,civ_adapt_gen5,0,100.0,0.05
6,2026-06-30T20:59:12.566000Z,3,50,5,5,2,1,5.0,0.8663189580863452,20,0,20,0.0,0.0061,0.994,1.0,0.0,750,1.0,0.8128507381082837,0.376,%{cpu_percent: 45.0; memory_mb: 512},988459,2625,3,8,20,civ_adapt_gen6,0,100.0,0.05
7,2026-06-30T20:59:12.600000Z,4,50,6,6,4,0,6.0,0.9412006245853979,20,0,20,0.0,0.0072,0.993,1.0,0.0,940,1.0,0.6801643354020765,0.251,%{cpu_percent: 45.0; memory_mb: 512},985373,3086,3,7,20,civ_adapt_gen7,0,100.0,0.05
8,2026-06-30T20:59:12.620000Z,17,50,3,3,2,2,3.0,0.8536085163324572,20,0,20,0.0,0.0062,0.994,1.0,0.0,470,1.0,0.6520199570182184,0.47,%{cpu_percent: 45.0; memory_mb: 512},983959,1414,3,8,20,civ_adapt_gen8,0,100.0,0.05
9,2026-06-30T20:59:12.660000Z,28,50,5,5,2,3,5.0,0.8785540661899434,20,0,20,0.0,0.0073,0.993,1.0,0.0,750,1.0,0.736650965167711,0.45,%{cpu_percent: 45.0; memory_mb: 512},981317,2642,3,7,20,civ_adapt_gen9,0,100.0,0.05
10,2026-06-30T20:59:12.686000Z,3,50,4,4,2,0,4.0,0.9095428642582952,20,0,20,0.0,0.007,0.993,1.0,0.0,610,1.0,0.6462336491790879,0.363,%{cpu_percent: 45.0; memory_mb: 512},978157,3160,3,8,20,civ_adapt_gen10,0,100.0,0.05
1,2026-06-30T20:59:12.725000Z,2,50,3,3,1,4,3.0,0.898018288873993,20,0,20,0.0,0.0063,0.994,1.0,0.0,445,1.0,0.7701123329387178,0.287,%{cpu_percent: 45.0; memory_mb: 512},997240,2760,3,4,20,civ_adapt_gen1,0,100.0,0.05
2,2026-06-30T20:59:12.734000Z,4,50,3,3,2,5,3.0,0.8275882335629916,20,0,20,0.0,0.0084,0.992,1.0,0.0,470,1.0,0.7669675029787575,0.261,%{cpu_percent: 45.0; memory_mb: 512},995837,1403,3,7,20,civ_adapt_gen2,0,100.0,0.05
3,2026-06-30T20:59:12.749000Z,2,50,6,6,1,7,6.0,0.899070895944087,20,0,20,0.0,0.0079,0.992,1.0,0.0,865,1.0,0.6173272070455122,0.411,%{cpu_percent: 45.0; memory_mb: 512},994508,1329,3,4,20,civ_adapt_gen3,0,100.0,0.05
4,2026-06-30T20:59:12.774000Z,6,50,4,4,2,15,4.0,0.9181411726927712,20,0,20,0.0,0.0072,0.993,1.0,0.0,610,1.0,0.8998125794483763,0.224,%{cpu_percent: 45.0; memory_mb: 512},992658,1850,3,8,20,civ_adapt_gen4,0,100.0,0.05
5,2026-06-30T20:59:12.802000Z,10,50,7,7,3,23,7.0,0.8595756340610204,20,0,20,0.0,0.0063,0.994,1.0,0.0,1055,1.0,0.8013065514048324,0.307,%{cpu_percent: 45.0; memory_mb: 512},989535,3123,3,7,20,civ_adapt_gen5,0,100.0,0.05
6,2026-06-30T20:59:12.810000Z,2,50,3,3,2,46,3.0,0.9492071365859744,20,0,20,0.0,0.0089,0.991,1.0,0.0,470,1.0,0.8517302291063389,0.445,%{cpu_percent: 45.0; memory_mb: 512},987543,1992,3,6,20,civ_adapt_gen6,0,100.0,0.05
7,2026-06-30T20:59:12.826000Z,3,50,6,6,2,88,6.0,0.9023120764340298,20,0,20,0.0,0.0079,0.992,1.0,0.0,890,1.0,0.7694737038961939,0.316,%{cpu_percent: 45.0; memory_mb: 512},984310,3233,3,4,20,civ_adapt_gen7,0,100.0,0.05
8,2026-06-30T20:59:12.845000Z,2,50,4,4,3,175,4.0,0.8497672906600119,20,0,20,0.0,0.0079,0.992,1.0,0.0,635,1.0,0.6320084318961272,0.342,%{cpu_percent: 45.0; memory_mb: 512},981031,3279,3,4,20,civ_adapt_gen8,0,100.0,0.05
9,2026-06-30T20:59:12.849000Z,2,50,6,6,1,349,6.0,0.943336979818485,20,0,20,0.0,0.0075,0.993,1.0,0.0,865,1.0,0.6529475946112531,0.419,%{cpu_percent: 45.0; memory_mb: 512},978741,2290,3,8,20,civ_adapt_gen9,0,100.0,0.05
10,2026-06-30T20:59:12.863000Z,2,50,5,5,2,695,5.0,0.8714496407469774,20,0,20,0.0,0.0067,0.993,1.0,0.0,750,1.0,0.7524276656173525,0.379,%{cpu_percent: 45.0; memory_mb: 512},976482,2259,3,8,20,civ_adapt_gen10,0,100.0,0.05
1,2026-06-30T20:59:12.885000Z,3,50,3,3,1,0,3.0,0.9004708058589563,20,0,20,0.0,0.0057,0.994,1.0,0.0,445,1.0,0.8920451855403975,0.288,%{cpu_percent: 45.0; memory_mb: 512},998209,1791,3,7,20,civ_adapt_gen1,0,100.0,0.05
2,2026-06-30T20:59:12.895000Z,1,50,3,3,2,1,3.0,0.874367049951059,20,0,20,0.0,0.0071,0.993,1.0,0.0,470,1.0,0.79133592226031,0.493,%{cpu_percent: 45.0; memory_mb: 512},996177,2032,3,4,20,civ_adapt_gen2,0,100.0,0.05
3,2026-06-30T20:59:12.910000Z,2,50,5,5,3,0,5.0,0.9131930740676465,20,0,20,0.0,0.0071,0.993,1.0,0.0,775,1.0,0.8476558583395473,0.426,%{cpu_percent: 45.0; memory_mb: 512},994822,1355,3,4,20,civ_adapt_gen3,0,100.0,0.05
4,2026-06-30T20:59:12.925000Z,4,50,4,4,3,0,4.0,0.8195626641574401,20,0,20,0.0,0.0098,0.99,1.0,0.0,635,1.0,0.7644037921001328,0.355,%{cpu_percent: 45.0; memory_mb: 512},992324,2498,3,4,20,civ_adapt_gen4,0,100.0,0.05
5,2026-06-30T20:59:12.935000Z,2,50,6,6,3,0,6.0,0.8711224880791774,20,0,20,0.0,0.0071,0.993,1.0,0.0,915,1.0,0.6272370785561455,0.38,%{cpu_percent: 45.0; memory_mb: 512},991145,1179,3,3,20,civ_adapt_gen5,0,100.0,0.05
6,2026-06-30T20:59:12.952000Z,2,50,2,2,1,4,2.0,0.9405766315047296,20,0,20,0.0,0.0077,0.992,1.0,0.0,305,1.0,0.7147703878417685,0.43,%{cpu_percent: 45.0; memory_mb: 512},989371,1774,3,7,20,civ_adapt_gen6,0,100.0,0.05
7,2026-06-30T20:59:12.969000Z,2,50,6,6,4,2,6.0,0.9287252928589668,20,0,20,0.0,0.0066,0.993,1.0,0.0,940,1.0,0.7323193681517471,0.498,%{cpu_percent: 45.0; memory_mb: 512},988078,1293,3,7,20,civ_adapt_gen7,0,100.0,0.05
8,2026-06-30T20:59:12.976000Z,2,50,4,4,1,4,4.0,0.8709756633359854,20,0,20,0.0,0.0079,0.992,1.0,0.0,585,1.0,0.6419718562973089,0.276,%{cpu_percent: 45.0; memory_mb: 512},985638,2440,3,8,20,civ_adapt_gen8,0,100.0,0.05
9,2026-06-30T20:59:12.992000Z,1,50,6,6,3,5,6.0,0.9004782682658978,20,0,20,0.0,0.0066,0.993,1.0,0.0,915,1.0,0.6548813709421133,0.368,%{cpu_percent: 45.0; memory_mb: 512},984306,1332,3,6,20,civ_adapt_gen9,0,100.0,0.05
10,2026-06-30T20:59:13.002000Z,2,50,4,4,2,4,4.0,0.8693891446834547,20,0,20,0.0,0.0086,0.991,1.0,0.0,610,1.0,0.7509425027058022,0.371,%{cpu_percent: 45.0; memory_mb: 512},982675,1631,3,5,20,civ_adapt_gen10,0,100.0,0.05
1,2026-06-30T20:59:13.035000Z,2,50,3,3,2,0,3.0,0.8655972151339998,20,0,20,0.0,0.0067,0.993,1.0,0.0,470,1.0,0.7310377505104667,0.39,%{cpu_percent: 45.0; memory_mb: 512},998484,1516,3,8,20,civ_adapt_gen1,0,100.0,0.05
2,2026-06-30T20:59:13.048000Z,2,50,4,4,1,2,4.0,0.8006803785584438,20,0,20,0.0,0.0072,0.993,1.0,0.0,585,1.0,0.8513374296218494,0.226,%{cpu_percent: 45.0; memory_mb: 512},997091,1393,3,5,20,civ_adapt_gen2,0,100.0,0.05
3,2026-06-30T20:59:13.062000Z,4,50,7,7,2,0,7.0,0.9077987023380507,20,0,20,0.0,0.0073,0.993,1.0,0.0,1030,1.0,0.7426846907964875,0.503,%{cpu_percent: 45.0; memory_mb: 512},995059,2032,3,7,20,civ_adapt_gen3,0,100.0,0.05
4,2026-06-30T20:59:13.075000Z,2,50,6,6,1,4,6.0,0.9383710401571298,20,0,20,0.0,0.008,0.992,1.0,0.0,865,1.0,0.8993214320323708,0.332,%{cpu_percent: 45.0; memory_mb: 512},992007,3052,3,6,20,civ_adapt_gen4,0,100.0,0.05
5,2026-06-30T20:59:13.081000Z,2,50,5,5,2,1,5.0,0.9051989304892402,20,0,20,0.0,0.0062,0.994,1.0,0.0,750,1.0,0.8109024401105689,0.44,%{cpu_percent: 45.0; memory_mb: 512},990569,1438,3,3,20,civ_adapt_gen5,0,100.0,0.05
6,2026-06-30T20:59:13.104000Z,2,50,2,2,1,5,2.0,0.8250223871182701,20,0,20,0.0,0.0077,0.992,1.0,0.0,305,1.0,0.7045507483842997,0.408,%{cpu_percent: 45.0; memory_mb: 512},988788,1781,3,4,20,civ_adapt_gen6,0,100.0,0.05
7,2026-06-30T20:59:13.109000Z,2,50,5,5,4,7,5.0,0.8287663897075397,20,0,20,0.0,0.009,0.991,1.0,0.0,800,1.0,0.6837531546939464,0.336,%{cpu_percent: 45.0; memory_mb: 512},987071,1717,3,3,20,civ_adapt_gen7,0,100.0,0.05
8,2026-06-30T20:59:13.126000Z,4,50,3,3,2,8,3.0,0.8704218776725327,20,0,20,0.0,0.0064,0.994,1.0,0.0,470,1.0,0.6707559971945536,0.252,%{cpu_percent: 45.0; memory_mb: 512},985815,1256,3,8,20,civ_adapt_gen8,0,100.0,0.05
9,2026-06-30T20:59:13.136000Z,1,50,3,3,2,17,3.0,0.9252404136221288,20,0,20,0.0,0.0069,0.993,1.0,0.0,470,1.0,0.6864824843799269,0.483,%{cpu_percent: 45.0; memory_mb: 512},983500,2315,3,8,20,civ_adapt_gen9,0,100.0,0.05
10,2026-06-30T20:59:13.159000Z,2,50,3,3,2,29,3.0,0.9393146787720343,20,0,20,0.0,0.0088,0.991,1.0,0.0,470,1.0,0.8984816236961982,0.373,%{cpu_percent: 45.0; memory_mb: 512},981490,2010,3,6,20,civ_adapt_gen10,0,100.0,0.05
1,2026-06-30T20:59:13.197000Z,2,50,4,4,2,1,4.0,0.9197985297574579,20,0,20,0.0,0.0071,0.993,1.0,0.0,610,1.0,0.7939924870458317,0.412,%{cpu_percent: 45.0; memory_mb: 512},998536,1464,3,8,20,civ_adapt_gen1,0,100.0,0.05
2,2026-06-30T20:59:13.210000Z,4,50,3,3,4,1,3.0,0.9175997225990544,20,0,20,0.0,0.0076,0.992,1.0,0.0,520,1.0,0.8371619648586734,0.29,%{cpu_percent: 45.0; memory_mb: 512},997197,1339,3,8,20,civ_adapt_gen2,0,100.0,0.05
3,2026-06-30T20:59:13.225000Z,5,50,4,4,3,0,4.0,0.8199595877935757,20,0,20,0.0,0.007,0.993,1.0,0.0,635,1.0,0.6912624082211969,0.5,%{cpu_percent: 45.0; memory_mb: 512},996011,1186,3,5,20,civ_adapt_gen3,0,100.0,0.05
4,2026-06-30T20:59:13.244000Z,2,50,3,3,1,0,3.0,0.8485711317469322,20,0,20,0.0,0.0078,0.992,1.0,0.0,445,1.0,0.6229083097491561,0.217,%{cpu_percent: 45.0; memory_mb: 512},993053,2958,3,6,20,civ_adapt_gen4,0,100.0,0.05
5,2026-06-30T20:59:13.253000Z,2,50,5,5,2,0,5.0,0.8363337188384585,20,0,20,0.0,0.0078,0.992,1.0,0.0,750,1.0,0.6782693265135126,0.43,%{cpu_percent: 45.0; memory_mb: 512},991415,1638,3,5,20,civ_adapt_gen5,0,100.0,0.05
6,2026-06-30T20:59:13.267000Z,2,50,3,3,3,1,3.0,0.9206706645881686,20,0,20,0.0,0.0055,0.995,1.0,0.0,495,1.0,0.7408076190132205,0.509,%{cpu_percent: 45.0; memory_mb: 512},988246,3169,3,3,20,civ_adapt_gen6,0,100.0,0.05
7,2026-06-30T20:59:13.281000Z,2,50,3,3,2,0,3.0,0.857556640681375,20,0,20,0.0,0.0068,0.993,1.0,0.0,470,1.0,0.7816485881307383,0.331,%{cpu_percent: 45.0; memory_mb: 512},987021,1225,3,4,20,civ_adapt_gen7,0,100.0,0.05
8,2026-06-30T20:59:13.297000Z,2,50,5,5,3,1,5.0,0.8954758713046228,20,0,20,0.0,0.0075,0.993,1.0,0.0,775,1.0,0.6337726832076873,0.366,%{cpu_percent: 45.0; memory_mb: 512},985125,1896,3,5,20,civ_adapt_gen8,0,100.0,0.05
9,2026-06-30T20:59:13.307000Z,2,50,5,5,1,1,5.0,0.9200004213398751,20,0,20,0.0,0.0075,0.993,1.0,0.0,725,1.0,0.8627197483225728,0.444,%{cpu_percent: 45.0; memory_mb: 512},982589,2536,3,7,20,civ_adapt_gen9,0,100.0,0.05
10,2026-06-30T20:59:13.318000Z,2,50,3,3,3,0,3.0,0.8454026009726763,20,0,20,0.0,0.0081,0.992,1.0,0.0,495,1.0,0.8842785015902889,0.432,%{cpu_percent: 45.0; memory_mb: 512},980242,2347,3,8,20,civ_adapt_gen10,0,100.0,0.05
1,2026-06-30T21:00:05.050000Z,14,50,6,6,2,0,6.0,0.8316826332772015,20,0,20,0.0,0.0071,0.993,1.0,0.0,890,1.0,0.6267755023222623,0.255,%{cpu_percent: 45.0; memory_mb: 512},997659,2341,3,4,20,civ_adapt_gen1,0,100.0,0.05
2,2026-06-30T21:00:05.078000Z,2,50,3,3,1,2,3.0,0.9020270918800352,20,0,20,0.0,0.0088,0.991,1.0,0.0,445,1.0,0.702700407910641,0.351,%{cpu_percent: 45.0; memory_mb: 512},996127,1532,3,6,20,civ_adapt_gen2,0,100.0,0.05
3,2026-06-30T21:00:05.147000Z,6,50,3,3,1,0,3.0,0.8798338941658203,20,0,20,0.0,0.0072,0.993,1.0,0.0,445,1.0,0.7404981425125667,0.253,%{cpu_percent: 45.0; memory_mb: 512},992888,3239,3,7,20,civ_adapt_gen3,0,100.0,0.05
4,2026-06-30T21:00:05.175000Z,9,50,4,4,1,0,4.0,0.8560660202809549,20,0,20,0.0,0.0087,0.991,1.0,0.0,585,1.0,0.6170450734602656,0.214,%{cpu_percent: 45.0; memory_mb: 512},989941,2947,3,6,20,civ_adapt_gen4,0,100.0,0.05
5,2026-06-30T21:00:05.219000Z,27,50,4,4,3,0,4.0,0.8244765843613027,20,0,20,0.0,0.0083,0.992,1.0,0.0,635,1.0,0.7029172752110205,0.297,%{cpu_percent: 45.0; memory_mb: 512},986686,3255,3,7,20,civ_adapt_gen5,0,100.0,0.05
6,2026-06-30T21:00:05.265000Z,15,50,4,4,3,0,4.0,0.8799209353048105,20,0,20,0.0,0.0048,0.995,1.0,0.0,635,1.0,0.6175881017687733,0.236,%{cpu_percent: 45.0; memory_mb: 512},983511,3175,3,3,20,civ_adapt_gen6,0,100.0,0.05
7,2026-06-30T21:00:05.293000Z,2,50,6,6,1,0,6.0,0.8558079561712255,20,0,20,0.0,0.0065,0.994,1.0,0.0,865,1.0,0.6339988841894171,0.423,%{cpu_percent: 45.0; memory_mb: 512},981729,1782,3,7,20,civ_adapt_gen7,0,100.0,0.05
8,2026-06-30T21:00:05.332000Z,6,50,5,5,2,0,5.0,0.8632949667294212,20,0,20,0.0,0.008,0.992,1.0,0.0,750,1.0,0.8872488481312459,0.299,%{cpu_percent: 45.0; memory_mb: 512},979371,2358,3,6,20,civ_adapt_gen8,0,100.0,0.05
9,2026-06-30T21:00:05.412000Z,2,50,3,3,4,0,3.0,0.8041628810478544,20,0,20,0.0,0.0086,0.991,1.0,0.0,520,1.0,0.6206324924984861,0.285,%{cpu_percent: 45.0; memory_mb: 512},977510,1861,3,4,20,civ_adapt_gen9,0,100.0,0.05
10,2026-06-30T21:00:05.429000Z,2,50,2,2,1,0,2.0,0.8871726108329998,20,0,20,0.0,0.0079,0.992,1.0,0.0,305,1.0,0.8291567111221203,0.303,%{cpu_percent: 45.0; memory_mb: 512},976146,1364,3,8,20,civ_adapt_gen10,0,100.0,0.05
1,2026-06-30T21:00:05.492000Z,12,50,4,4,2,0,4.0,0.8360691873913267,20,0,20,0.0,0.0075,0.993,1.0,0.0,610,1.0,0.7273569951700471,0.398,%{cpu_percent: 45.0; memory_mb: 512},998633,1367,3,3,20,civ_adapt_gen1,0,100.0,0.05
2,2026-06-30T21:00:05.498000Z,4,50,6,6,3,1,6.0,0.878436235328898,20,0,20,0.0,0.0083,0.992,1.0,0.0,915,1.0,0.716930816110728,0.268,%{cpu_percent: 45.0; memory_mb: 512},995704,2929,3,6,20,civ_adapt_gen2,0,100.0,0.05
3,2026-06-30T21:00:05.518000Z,2,50,6,6,2,0,6.0,0.8612674073144719,20,0,20,0.0,0.0076,0.992,1.0,0.0,890,1.0,0.640009182558911,0.331,%{cpu_percent: 45.0; memory_mb: 512},993006,2698,3,5,20,civ_adapt_gen3,0,100.0,0.05
4,2026-06-30T21:00:05.534000Z,2,50,4,4,1,0,4.0,0.9226618930320065,20,0,20,0.0,0.0081,0.992,1.0,0.0,585,1.0,0.6268669701416865,0.483,%{cpu_percent: 45.0; memory_mb: 512},989973,3033,3,4,20,civ_adapt_gen4,0,100.0,0.05
5,2026-06-30T21:00:05.558000Z,10,50,2,2,2,2,2.0,0.9236936847425464,20,0,20,0.0,0.0067,0.993,1.0,0.0,330,1.0,0.7728323105436437,0.353,%{cpu_percent: 45.0; memory_mb: 512},986774,3199,3,4,20,civ_adapt_gen5,0,100.0,0.05
6,2026-06-30T21:00:05.583000Z,3,50,4,4,4,0,4.0,0.9092006480590235,20,0,20,0.0,0.0077,0.992,1.0,0.0,660,1.0,0.7314005054014708,0.301,%{cpu_percent: 45.0; memory_mb: 512},984260,2514,3,5,20,civ_adapt_gen6,0,100.0,0.05
7,2026-06-30T21:00:05.594000Z,2,50,6,6,1,0,6.0,0.9167551507393562,20,0,20,0.0,0.0067,0.993,1.0,0.0,865,1.0,0.7344146146087036,0.246,%{cpu_percent: 45.0; memory_mb: 512},982229,2031,3,6,20,civ_adapt_gen7,0,100.0,0.05
8,2026-06-30T21:00:05.618000Z,4,50,3,3,2,2,3.0,0.8176246781664032,20,0,20,0.0,0.009,0.991,1.0,0.0,470,1.0,0.8715963981064003,0.363,%{cpu_percent: 45.0; memory_mb: 512},980267,1962,3,7,20,civ_adapt_gen8,0,100.0,0.05
9,2026-06-30T21:00:05.634000Z,3,50,5,5,2,0,5.0,0.8120550969452071,20,0,20,0.0,0.0066,0.993,1.0,0.0,750,1.0,0.7572418738306145,0.257,%{cpu_percent: 45.0; memory_mb: 512},978429,1838,3,6,20,civ_adapt_gen9,0,100.0,0.05
10,2026-06-30T21:00:05.662000Z,5,50,3,3,2,1,3.0,0.8569884132864958,20,0,20,0.0,0.0078,0.992,1.0,0.0,470,1.0,0.612780499563044,0.506,%{cpu_percent: 45.0; memory_mb: 512},975795,2634,3,6,20,civ_adapt_gen10,0,100.0,0.05
1,2026-06-30T21:00:05.715000Z,4,50,5,5,2,3,5.0,0.9348348539679561,20,0,20,0.0,0.0054,0.995,1.0,0.0,750,1.0,0.8282182260515321,0.316,%{cpu_percent: 45.0; memory_mb: 512},996722,3278,3,7,20,civ_adapt_gen1,0,100.0,0.05
2,2026-06-30T21:00:05.745000Z,12,50,6,6,2,1,6.0,0.8556550683132516,20,0,20,0.0,0.0071,0.993,1.0,0.0,890,1.0,0.6215202913931658,0.367,%{cpu_percent: 45.0; memory_mb: 512},993994,2728,3,8,20,civ_adapt_gen2,0,100.0,0.05
3,2026-06-30T21:00:05.774000Z,27,50,3,3,3,0,3.0,0.8766320149428057,20,0,20,0.0,0.0074,0.993,1.0,0.0,495,1.0,0.6315349289072075,0.283,%{cpu_percent: 45.0; memory_mb: 512},992262,1732,3,8,20,civ_adapt_gen3,0,100.0,0.05
4,2026-06-30T21:00:05.792000Z,2,50,6,6,1,1,6.0,0.8951846902480076,20,0,20,0.0,0.0073,0.993,1.0,0.0,865,1.0,0.7585368010881592,0.275,%{cpu_percent: 45.0; memory_mb: 512},990738,1524,3,5,20,civ_adapt_gen4,0,100.0,0.05
5,2026-06-30T21:00:05.832000Z,38,50,4,4,1,3,4.0,0.9339415067924036,20,0,20,0.0,0.0073,0.993,1.0,0.0,585,1.0,0.8021675898936352,0.247,%{cpu_percent: 45.0; memory_mb: 512},989128,1610,3,6,20,civ_adapt_gen5,0,100.0,0.05
6,2026-06-30T21:00:05.838000Z,3,50,6,6,2,1,6.0,0.9226229244578037,20,0,20,0.0,0.0074,0.993,1.0,0.0,890,1.0,0.7929550242093857,0.258,%{cpu_percent: 45.0; memory_mb: 512},987124,2004,3,4,20,civ_adapt_gen6,0,100.0,0.05
7,2026-06-30T21:00:05.881000Z,2,50,4,4,1,3,4.0,0.9177847419348871,20,0,20,0.0,0.0069,0.993,1.0,0.0,585,1.0,0.8378886410031121,0.358,%{cpu_percent: 45.0; memory_mb: 512},984089,3035,3,5,20,civ_adapt_gen7,0,100.0,0.05
8,2026-06-30T21:00:05.909000Z,2,50,6,6,1,2,6.0,0.9459681743980319,20,0,20,0.0,0.0084,0.992,1.0,0.0,865,1.0,0.7930458910437147,0.309,%{cpu_percent: 45.0; memory_mb: 512},981233,2856,3,8,20,civ_adapt_gen8,0,100.0,0.05
9,2026-06-30T21:00:05.926000Z,2,50,5,5,2,2,5.0,0.8710570729082834,20,0,20,0.0,0.0084,0.992,1.0,0.0,750,1.0,0.6669185670688457,0.274,%{cpu_percent: 45.0; memory_mb: 512},980022,1211,3,8,20,civ_adapt_gen9,0,100.0,0.05
10,2026-06-30T21:00:05.956000Z,27,50,3,3,1,6,3.0,0.9125841636832819,20,0,20,0.0,0.0067,0.993,1.0,0.0,445,1.0,0.8831657293899562,0.342,%{cpu_percent: 45.0; memory_mb: 512},976872,3150,3,4,20,civ_adapt_gen10,0,100.0,0.05
1,2026-06-30T21:00:05.999000Z,2,50,3,3,1,2,3.0,0.8072320226913309,20,0,20,0.0,0.0079,0.992,1.0,0.0,445,1.0,0.6598676254944141,0.326,%{cpu_percent: 45.0; memory_mb: 512},998524,1476,3,7,20,civ_adapt_gen1,0,100.0,0.05
2,2026-06-30T21:00:06.008000Z,6,50,3,3,4,0,3.0,0.904287617719244,20,0,20,0.0,0.0086,0.991,1.0,0.0,520,1.0,0.7846299257575265,0.247,%{cpu_percent: 45.0; memory_mb: 512},996453,2071,3,5,20,civ_adapt_gen2,0,100.0,0.05
3,2026-06-30T21:00:06.036000Z,11,50,2,2,1,4,2.0,0.9209616264482859,20,0,20,0.0,0.0066,0.993,1.0,0.0,305,1.0,0.8688350968221463,0.342,%{cpu_percent: 45.0; memory_mb: 512},993685,2768,3,4,20,civ_adapt_gen3,0,100.0,0.05
4,2026-06-30T21:00:06.046000Z,3,50,3,3,2,3,3.0,0.8781606354705287,20,0,20,0.0,0.0073,0.993,1.0,0.0,470,1.0,0.674301552481172,0.4,%{cpu_percent: 45.0; memory_mb: 512},991928,1757,3,8,20,civ_adapt_gen4,0,100.0,0.05
5,2026-06-30T21:00:06.067000Z,14,50,2,2,3,5,2.0,0.8024758029423056,20,0,20,0.0,0.0068,0.993,1.0,0.0,355,1.0,0.6806932891349212,0.495,%{cpu_percent: 45.0; memory_mb: 512},989094,2834,3,6,20,civ_adapt_gen5,0,100.0,0.05
6,2026-06-30T21:00:06.091000Z,21,50,2,2,2,6,2.0,0.941951873306575,20,0,20,0.0,0.0084,0.992,1.0,0.0,330,1.0,0.6863817731660529,0.435,%{cpu_percent: 45.0; memory_mb: 512},987628,1466,3,8,20,civ_adapt_gen6,0,100.0,0.05
7,2026-06-30T21:00:06.109000Z,16,50,5,5,4,11,5.0,0.9424324806566255,20,0,20,0.0,0.0056,0.994,1.0,0.0,800,1.0,0.8916931697777891,0.273,%{cpu_percent: 45.0; memory_mb: 512},984648,2980,3,5,20,civ_adapt_gen7,0,100.0,0.05
8,2026-06-30T21:00:06.125000Z,6,50,6,6,4,15,6.0,0.8346304122958791,20,0,20,0.0,0.0076,0.992,1.0,0.0,940,1.0,0.8405832578281729,0.327,%{cpu_percent: 45.0; memory_mb: 512},982958,1690,3,4,20,civ_adapt_gen8,0,100.0,0.05
9,2026-06-30T21:00:06.162000Z,2,50,5,5,3,29,5.0,0.8044864319223235,20,0,20,0.0,0.008,0.992,1.0,0.0,775,1.0,0.6632633147688471,0.472,%{cpu_percent: 45.0; memory_mb: 512},981096,1862,3,5,20,civ_adapt_gen9,0,100.0,0.05
10,2026-06-30T21:00:06.167000Z,2,50,3,3,4,50,3.0,0.9248661183031726,20,0,20,0.0,0.007,0.993,1.0,0.0,520,1.0,0.7165714946209776,0.302,%{cpu_percent: 45.0; memory_mb: 512},979328,1768,3,7,20,civ_adapt_gen10,0,100.0,0.05
1,2026-06-30T21:00:06.227000Z,2,50,5,5,2,0,5.0,0.812441711816653,20,0,20,0.0,0.0082,0.992,1.0,0.0,750,1.0,0.7290014981591869,0.379,%{cpu_percent: 45.0; memory_mb: 512},997686,2314,3,4,20,civ_adapt_gen1,0,100.0,0.05
2,2026-06-30T21:00:06.249000Z,5,50,6,6,1,1,6.0,0.9084747466533962,20,0,20,0.0,0.0076,0.992,1.0,0.0,865,1.0,0.6850934208890578,0.501,%{cpu_percent: 45.0; memory_mb: 512},995172,2514,3,3,20,civ_adapt_gen2,0,100.0,0.05
3,2026-06-30T21:00:06.282000Z,2,50,3,3,3,0,3.0,0.9274922107996628,20,0,20,0.0,0.0076,0.992,1.0,0.0,495,1.0,0.881436077892504,0.325,%{cpu_percent: 45.0; memory_mb: 512},993945,1227,3,3,20,civ_adapt_gen3,0,100.0,0.05
4,2026-06-30T21:00:06.308000Z,3,50,6,6,2,0,6.0,0.9142199983059547,20,0,20,0.0,0.0056,0.994,1.0,0.0,890,1.0,0.8701189674492561,0.239,%{cpu_percent: 45.0; memory_mb: 512},992174,1771,3,3,20,civ_adapt_gen4,0,100.0,0.05
5,2026-06-30T21:00:06.315000Z,3,50,3,3,1,4,3.0,0.8891897205055646,20,0,20,0.0,0.0073,0.993,1.0,0.0,445,1.0,0.7619474542022117,0.276,%{cpu_percent: 45.0; memory_mb: 512},989690,2484,3,5,20,civ_adapt_gen5,0,100.0,0.05
6,2026-06-30T21:00:06.356000Z,14,50,6,6,2,4,6.0,0.8087925802116338,20,0,20,0.0,0.0076,0.992,1.0,0.0,890,1.0,0.8008346988974591,0.294,%{cpu_percent: 45.0; memory_mb: 512},987180,2510,3,5,20,civ_adapt_gen6,0,100.0,0.05
7,2026-06-30T21:00:06.363000Z,2,50,5,5,1,8,5.0,0.8118490643080121,20,0,20,0.0,0.0083,0.992,1.0,0.0,725,1.0,0.6398600181159486,0.276,%{cpu_percent: 45.0; memory_mb: 512},985228,1952,3,7,20,civ_adapt_gen7,0,100.0,0.05
8,2026-06-30T21:00:06.409000Z,19,50,5,5,2,12,5.0,0.811403831254918,20,0,20,0.0,0.0074,0.993,1.0,0.0,750,1.0,0.6903427117672956,0.487,%{cpu_percent: 45.0; memory_mb: 512},983153,2075,3,7,20,civ_adapt_gen8,0,100.0,0.05
9,2026-06-30T21:00:06.414000Z,2,50,3,3,3,24,3.0,0.8987045854055725,20,0,20,0.0,0.0074,0.993,1.0,0.0,495,1.0,0.7550170061977557,0.415,%{cpu_percent: 45.0; memory_mb: 512},981959,1194,3,3,20,civ_adapt_gen9,0,100.0,0.05
10,2026-06-30T21:00:06.429000Z,2,50,6,6,3,41,6.0,0.8103956511070242,20,0,20,0.0,0.0075,0.993,1.0,0.0,915,1.0,0.760936267849641,0.293,%{cpu_percent: 45.0; memory_mb: 512},978911,3048,3,5,20,civ_adapt_gen10,0,100.0,0.05
1,2026-06-30T21:00:06.487000Z,5,50,5,5,4,0,5.0,0.8006392161039663,20,0,20,0.0,0.0081,0.992,1.0,0.0,800,1.0,0.6402582075063762,0.501,%{cpu_percent: 45.0; memory_mb: 512},996942,3058,3,7,20,civ_adapt_gen1,0,100.0,0.05
2,2026-06-30T21:00:06.509000Z,13,50,5,5,3,0,5.0,0.9071882540675071,20,0,20,0.0,0.0065,0.994,1.0,0.0,775,1.0,0.7165072019352824,0.464,%{cpu_percent: 45.0; memory_mb: 512},994013,2929,3,6,20,civ_adapt_gen2,0,100.0,0.05
3,2026-06-30T21:00:06.533000Z,2,50,6,6,1,0,6.0,0.9005675544002893,20,0,20,0.0,0.0081,0.992,1.0,0.0,865,1.0,0.8937691367111611,0.285,%{cpu_percent: 45.0; memory_mb: 512},992134,1879,3,4,20,civ_adapt_gen3,0,100.0,0.05
4,2026-06-30T21:00:06.544000Z,2,50,4,4,1,2,4.0,0.8396446639306757,20,0,20,0.0,0.0076,0.992,1.0,0.0,585,1.0,0.8611398363929148,0.469,%{cpu_percent: 45.0; memory_mb: 512},990756,1378,3,7,20,civ_adapt_gen4,0,100.0,0.05
5,2026-06-30T21:00:06.559000Z,2,50,4,4,3,0,4.0,0.9144224732522954,20,0,20,0.0,0.006,0.994,1.0,0.0,635,1.0,0.8657366454645569,0.353,%{cpu_percent: 45.0; memory_mb: 512},988227,2529,3,6,20,civ_adapt_gen5,0,100.0,0.05
6,2026-06-30T21:00:06.575000Z,2,50,2,2,1,0,2.0,0.9276329951894713,20,0,20,0.0,0.0069,0.993,1.0,0.0,305,1.0,0.698297439056292,0.464,%{cpu_percent: 45.0; memory_mb: 512},985087,3140,3,4,20,civ_adapt_gen6,0,100.0,0.05
7,2026-06-30T21:00:06.596000Z,2,50,5,5,2,2,5.0,0.8070401890100662,20,0,20,0.0,0.0064,0.994,1.0,0.0,750,1.0,0.6368404764229989,0.498,%{cpu_percent: 45.0; memory_mb: 512},983955,1132,3,8,20,civ_adapt_gen7,0,100.0,0.05
8,2026-06-30T21:00:06.600000Z,1,50,3,3,2,3,3.0,0.8949423324940406,20,0,20,0.0,0.0078,0.992,1.0,0.0,470,1.0,0.8656991891269344,0.473,%{cpu_percent: 45.0; memory_mb: 512},981139,2816,3,4,20,civ_adapt_gen8,0,100.0,0.05
9,2026-06-30T21:00:06.616000Z,1,50,4,4,1,2,4.0,0.8026422792086731,20,0,20,0.0,0.007,0.993,1.0,0.0,585,1.0,0.6008273126886762,0.318,%{cpu_percent: 45.0; memory_mb: 512},978581,2558,3,8,20,civ_adapt_gen9,0,100.0,0.05
10,2026-06-30T21:00:06.643000Z,2,50,5,5,4,0,5.0,0.9185250052233088,20,0,20,0.0,0.0063,0.994,1.0,0.0,800,1.0,0.8929935905473432,0.449,%{cpu_percent: 45.0; memory_mb: 512},975811,2770,3,7,20,civ_adapt_gen10,0,100.0,0.05
1,2026-06-30T21:00:43.065000Z,7,50,3,3,3,0,3.0,0.900916814480145,20,0,20,0.0,0.0077,0.992,1.0,0.0,495,1.0,0.8837767642215311,0.305,%{cpu_percent: 45.0; memory_mb: 512},997522,2478,3,6,20,civ_adapt_gen1,0,100.0,0.05
2,2026-06-30T21:00:43.101000Z,4,50,2,2,2,0,2.0,0.9016898390899502,20,0,20,0.0,0.0084,0.992,1.0,0.0,330,1.0,0.6989565342846146,0.323,%{cpu_percent: 45.0; memory_mb: 512},994337,3185,3,8,20,civ_adapt_gen2,0,100.0,0.05
3,2026-06-30T21:00:43.129000Z,3,50,5,5,1,1,5.0,0.9008313187143112,20,0,20,0.0,0.0078,0.992,1.0,0.0,725,1.0,0.7384304566805397,0.3,%{cpu_percent: 45.0; memory_mb: 512},992142,2195,3,7,20,civ_adapt_gen3,0,100.0,0.05
4,2026-06-30T21:00:43.137000Z,2,50,3,3,1,0,3.0,0.8265451274436776,20,0,20,0.0,0.0088,0.991,1.0,0.0,445,1.0,0.7336561938951036,0.449,%{cpu_percent: 45.0; memory_mb: 512},989246,2896,3,3,20,civ_adapt_gen4,0,100.0,0.05
5,2026-06-30T21:00:43.171000Z,14,50,3,3,3,0,3.0,0.9081339257842314,20,0,20,0.0,0.0084,0.992,1.0,0.0,495,1.0,0.8652065678560086,0.304,%{cpu_percent: 45.0; memory_mb: 512},987081,2165,3,7,20,civ_adapt_gen5,0,100.0,0.05
6,2026-06-30T21:00:43.180000Z,2,50,6,6,3,0,6.0,0.8462539157236199,20,0,20,0.0,0.0063,0.994,1.0,0.0,915,1.0,0.8943665483200812,0.286,%{cpu_percent: 45.0; memory_mb: 512},984222,2859,3,8,20,civ_adapt_gen6,0,100.0,0.05
7,2026-06-30T21:00:43.208000Z,14,50,6,6,3,1,6.0,0.9265803697334589,20,0,20,0.0,0.0084,0.992,1.0,0.0,915,1.0,0.8280336058576704,0.333,%{cpu_percent: 45.0; memory_mb: 512},981414,2808,3,7,20,civ_adapt_gen7,0,100.0,0.05
8,2026-06-30T21:00:43.213000Z,2,50,3,3,2,0,3.0,0.8071244641248323,20,0,20,0.0,0.0079,0.992,1.0,0.0,470,1.0,0.8646336268878219,0.511,%{cpu_percent: 45.0; memory_mb: 512},979245,2169,3,8,20,civ_adapt_gen8,0,100.0,0.05
9,2026-06-30T21:00:43.245000Z,2,50,5,5,3,0,5.0,0.8074236053597561,20,0,20,0.0,0.0075,0.993,1.0,0.0,775,1.0,0.679575576022635,0.477,%{cpu_percent: 45.0; memory_mb: 512},976872,2373,3,3,20,civ_adapt_gen9,0,100.0,0.05
10,2026-06-30T21:00:43.249000Z,3,50,5,5,1,2,5.0,0.9107220135438607,20,0,20,0.0,0.0067,0.993,1.0,0.0,725,1.0,0.681428160384644,0.456,%{cpu_percent: 45.0; memory_mb: 512},973951,2921,3,8,20,civ_adapt_gen10,0,100.0,0.05
1,2026-06-30T21:00:43.364000Z,7,50,4,4,2,0,4.0,0.8917065597604728,20,0,20,0.0,0.0084,0.992,1.0,0.0,610,1.0,0.8222749064825772,0.401,%{cpu_percent: 45.0; memory_mb: 512},998157,1843,3,8,20,civ_adapt_gen1,0,100.0,0.05
2,2026-06-30T21:00:43.369000Z,2,50,6,6,1,4,6.0,0.9475008495073751,20,0,20,0.0,0.0056,0.994,1.0,0.0,865,1.0,0.6460142430651921,0.409,%{cpu_percent: 45.0; memory_mb: 512},995817,2340,3,6,20,civ_adapt_gen2,0,100.0,0.05
3,2026-06-30T21:00:43.396000Z,3,50,2,2,1,7,2.0,0.8732866336051633,20,0,20,0.0,0.0087,0.991,1.0,0.0,305,1.0,0.8936728192875099,0.437,%{cpu_percent: 45.0; memory_mb: 512},994547,1270,3,3,20,civ_adapt_gen3,0,100.0,0.05
4,2026-06-30T21:00:43.405000Z,2,50,5,5,2,7,5.0,0.8042229635226078,20,0,20,0.0,0.0069,0.993,1.0,0.0,750,1.0,0.6722773335035468,0.303,%{cpu_percent: 45.0; memory_mb: 512},993018,1529,3,5,20,civ_adapt_gen4,0,100.0,0.05
5,2026-06-30T21:00:43.419000Z,2,50,4,4,3,11,4.0,0.9331208621082759,20,0,20,0.0,0.0086,0.991,1.0,0.0,635,1.0,0.6381193482232915,0.455,%{cpu_percent: 45.0; memory_mb: 512},990332,2686,3,4,20,civ_adapt_gen5,0,100.0,0.05
6,2026-06-30T21:00:43.437000Z,2,50,4,4,3,21,4.0,0.8590270185158463,20,0,20,0.0,0.0075,0.993,1.0,0.0,635,1.0,0.8756328766301766,0.356,%{cpu_percent: 45.0; memory_mb: 512},988910,1422,3,4,20,civ_adapt_gen6,0,100.0,0.05
7,2026-06-30T21:00:43.457000Z,3,50,3,3,4,39,3.0,0.8912899935416814,20,0,20,0.0,0.0075,0.993,1.0,0.0,520,1.0,0.6090570028646749,0.469,%{cpu_percent: 45.0; memory_mb: 512},986313,2597,3,3,20,civ_adapt_gen7,0,100.0,0.05
8,2026-06-30T21:00:43.483000Z,2,50,5,5,1,77,5.0,0.8939644956477493,20,0,20,0.0,0.0075,0.993,1.0,0.0,725,1.0,0.7196654806621554,0.4,%{cpu_percent: 45.0; memory_mb: 512},983908,2405,3,7,20,civ_adapt_gen8,0,100.0,0.05
9,2026-06-30T21:00:43.510000Z,9,50,6,6,1,152,6.0,0.8755398985335168,20,0,20,0.0,0.0055,0.995,1.0,0.0,865,1.0,0.8276150806420861,0.29,%{cpu_percent: 45.0; memory_mb: 512},980728,3180,3,8,20,civ_adapt_gen9,0,100.0,0.05
10,2026-06-30T21:00:43.527000Z,14,50,3,3,1,304,3.0,0.8573855870935394,20,0,20,0.0,0.0061,0.994,1.0,0.0,445,1.0,0.8860594425919517,0.447,%{cpu_percent: 45.0; memory_mb: 512},979619,1109,3,8,20,civ_adapt_gen10,0,100.0,0.05
1,2026-06-30T21:00:43.561000Z,9,50,6,6,1,1,6.0,0.8936163402022375,20,0,20,0.0,0.0078,0.992,1.0,0.0,865,1.0,0.7608976775491649,0.224,%{cpu_percent: 45.0; memory_mb: 512},996826,3174,3,3,20,civ_adapt_gen1,0,100.0,0.05
2,2026-06-30T21:00:43.578000Z,2,50,3,3,2,1,3.0,0.8366921652638201,20,0,20,0.0,0.0092,0.991,1.0,0.0,470,1.0,0.6064646712655596,0.398,%{cpu_percent: 45.0; memory_mb: 512},994245,2581,3,5,20,civ_adapt_gen2,0,100.0,0.05
3,2026-06-30T21:00:43.600000Z,1,50,3,3,3,0,3.0,0.8209186060690995,20,0,20,0.0,0.0067,0.993,1.0,0.0,495,1.0,0.6473258687270597,0.448,%{cpu_percent: 45.0; memory_mb: 512},992505,1740,3,5,20,civ_adapt_gen3,0,100.0,0.05
4,2026-06-30T21:00:43.612000Z,2,50,2,2,2,1,2.0,0.8397977572980388,20,0,20,0.0,0.0073,0.993,1.0,0.0,330,1.0,0.6241214092931265,0.497,%{cpu_percent: 45.0; memory_mb: 512},990842,1663,3,4,20,civ_adapt_gen4,0,100.0,0.05
5,2026-06-30T21:00:43.644000Z,6,50,2,2,3,0,2.0,0.8206661775944935,20,0,20,0.0,0.0077,0.992,1.0,0.0,355,1.0,0.6319048964511385,0.292,%{cpu_percent: 45.0; memory_mb: 512},987749,3093,3,6,20,civ_adapt_gen5,0,100.0,0.05
6,2026-06-30T21:00:43.666000Z,2,50,3,3,2,0,3.0,0.8372324843038546,20,0,20,0.0,0.0063,0.994,1.0,0.0,470,1.0,0.8361497655237055,0.506,%{cpu_percent: 45.0; memory_mb: 512},984808,2941,3,4,20,civ_adapt_gen6,0,100.0,0.05
7,2026-06-30T21:00:43.675000Z,6,50,5,5,2,2,5.0,0.8219377209793125,20,0,20,0.0,0.007,0.993,1.0,0.0,750,1.0,0.6279167054440817,0.333,%{cpu_percent: 45.0; memory_mb: 512},983185,1623,3,8,20,civ_adapt_gen7,0,100.0,0.05
8,2026-06-30T21:00:43.730000Z,40,50,5,5,2,0,5.0,0.9073233219046205,20,0,20,0.0,0.0071,0.993,1.0,0.0,750,1.0,0.8526566651362337,0.296,%{cpu_percent: 45.0; memory_mb: 512},979965,3220,3,6,20,civ_adapt_gen8,0,100.0,0.05
9,2026-06-30T21:00:43.735000Z,3,50,5,5,2,3,5.0,0.901217958734759,20,0,20,0.0,0.0072,0.993,1.0,0.0,750,1.0,0.7036884018391364,0.477,%{cpu_percent: 45.0; memory_mb: 512},977996,1969,3,4,20,civ_adapt_gen9,0,100.0,0.05
10,2026-06-30T21:00:43.770000Z,3,50,3,3,1,2,3.0,0.8360916215804244,20,0,20,0.0,0.0074,0.993,1.0,0.0,445,1.0,0.6496783598393377,0.507,%{cpu_percent: 45.0; memory_mb: 512},976411,1585,3,3,20,civ_adapt_gen10,0,100.0,0.05
1,2026-06-30T21:00:43.812000Z,3,50,4,4,1,3,4.0,0.8112204376088622,20,0,20,0.0,0.0078,0.992,1.0,0.0,585,1.0,0.6777043768740735,0.413,%{cpu_percent: 45.0; memory_mb: 512},997133,2867,3,7,20,civ_adapt_gen1,0,100.0,0.05
2,2026-06-30T21:00:43.818000Z,2,50,6,6,2,4,6.0,0.865202294189398,20,0,20,0.0,0.0075,0.993,1.0,0.0,890,1.0,0.8250176234879975,0.286,%{cpu_percent: 45.0; memory_mb: 512},994945,2188,3,6,20,civ_adapt_gen2,0,100.0,0.05
3,2026-06-30T21:00:43.838000Z,7,50,3,3,2,7,3.0,0.8786752208924865,20,0,20,0.0,0.0062,0.994,1.0,0.0,470,1.0,0.7022212756800411,0.441,%{cpu_percent: 45.0; memory_mb: 512},992340,2605,3,5,20,civ_adapt_gen3,0,100.0,0.05
4,2026-06-30T21:00:43.851000Z,3,50,3,3,2,12,3.0,0.8975111749886989,20,0,20,0.0,0.0063,0.994,1.0,0.0,470,1.0,0.7067729773704999,0.271,%{cpu_percent: 45.0; memory_mb: 512},988918,3422,3,7,20,civ_adapt_gen4,0,100.0,0.05
5,2026-06-30T21:00:43.868000Z,2,50,5,5,1,18,5.0,0.9114680917419018,20,0,20,0.0,0.0072,0.993,1.0,0.0,725,1.0,0.7246976150507519,0.49,%{cpu_percent: 45.0; memory_mb: 512},986775,2143,3,5,20,civ_adapt_gen5,0,100.0,0.05
6,2026-06-30T21:00:43.911000Z,30,50,3,3,4,36,3.0,0.8991795618093726,20,0,20,0.0,0.0072,0.993,1.0,0.0,520,1.0,0.839988685111508,0.5,%{cpu_percent: 45.0; memory_mb: 512},985163,1612,3,6,20,civ_adapt_gen6,0,100.0,0.05
7,2026-06-30T21:00:43.928000Z,15,50,5,5,1,67,5.0,0.8568204907495182,20,0,20,0.0,0.0089,0.991,1.0,0.0,725,1.0,0.8791361699097349,0.289,%{cpu_percent: 45.0; memory_mb: 512},983473,1690,3,4,20,civ_adapt_gen7,0,100.0,0.05
8,2026-06-30T21:00:43.945000Z,3,50,7,7,2,133,7.0,0.9111485452094676,20,0,20,0.0,0.0083,0.992,1.0,0.0,1030,1.0,0.673318943795332,0.506,%{cpu_percent: 45.0; memory_mb: 512},980498,2975,3,6,20,civ_adapt_gen8,0,100.0,0.05
9,2026-06-30T21:00:43.965000Z,2,50,3,3,2,267,3.0,0.812793399173806,20,0,20,0.0,0.0087,0.991,1.0,0.0,470,1.0,0.6286059784380023,0.256,%{cpu_percent: 45.0; memory_mb: 512},978096,2402,3,5,20,civ_adapt_gen9,0,100.0,0.05
10,2026-06-30T21:00:43.982000Z,15,50,4,4,1,530,4.0,0.8522720350556722,20,0,20,0.0,0.008,0.992,1.0,0.0,585,1.0,0.841835137190396,0.236,%{cpu_percent: 45.0; memory_mb: 512},974934,3162,3,7,20,civ_adapt_gen10,0,100.0,0.05
1,2026-06-30T21:00:44.016000Z,10,50,3,3,1,1,3.0,0.9448619875933395,20,0,20,0.0,0.0095,0.991,1.0,0.0,445,1.0,0.8906954923303222,0.269,%{cpu_percent: 45.0; memory_mb: 512},998053,1947,3,8,20,civ_adapt_gen1,0,100.0,0.05
2,2026-06-30T21:00:44.057000Z,14,50,5,5,1,2,5.0,0.8740415020649062,20,0,20,0.0,0.0071,0.993,1.0,0.0,725,1.0,0.7146499775137782,0.477,%{cpu_percent: 45.0; memory_mb: 512},995712,2341,3,4,20,civ_adapt_gen2,0,100.0,0.05
3,2026-06-30T21:00:44.093000Z,16,50,5,5,2,0,5.0,0.80555717218666,20,0,20,0.0,0.0077,0.992,1.0,0.0,750,1.0,0.6987774101417419,0.447,%{cpu_percent: 45.0; memory_mb: 512},993786,1926,3,7,20,civ_adapt_gen3,0,100.0,0.05
4,2026-06-30T21:00:44.113000Z,7,50,5,5,1,0,5.0,0.9479519325104979,20,0,20,0.0,0.0087,0.991,1.0,0.0,725,1.0,0.6220054653116196,0.399,%{cpu_percent: 45.0; memory_mb: 512},990940,2846,3,7,20,civ_adapt_gen4,0,100.0,0.05
5,2026-06-30T21:00:44.121000Z,2,50,4,4,2,0,4.0,0.8164667011870963,20,0,20,0.0,0.0077,0.992,1.0,0.0,610,1.0,0.7551391080241681,0.366,%{cpu_percent: 45.0; memory_mb: 512},989210,1730,3,4,20,civ_adapt_gen5,0,100.0,0.05
6,2026-06-30T21:00:44.151000Z,12,50,3,3,3,0,3.0,0.9261933013224769,20,0,20,0.0,0.0074,0.993,1.0,0.0,495,1.0,0.8656049972982931,0.389,%{cpu_percent: 45.0; memory_mb: 512},986501,2709,3,4,20,civ_adapt_gen6,0,100.0,0.05
7,2026-06-30T21:00:44.172000Z,17,50,5,5,3,0,5.0,0.8188714261913574,20,0,20,0.0,0.0077,0.992,1.0,0.0,775,1.0,0.734907540371778,0.279,%{cpu_percent: 45.0; memory_mb: 512},983677,2824,3,6,20,civ_adapt_gen7,0,100.0,0.05
8,2026-06-30T21:00:44.179000Z,2,50,4,4,1,1,4.0,0.9441434430110278,20,0,20,0.0,0.0089,0.991,1.0,0.0,585,1.0,0.8050734824183782,0.262,%{cpu_percent: 45.0; memory_mb: 512},982051,1626,3,5,20,civ_adapt_gen8,0,100.0,0.05
9,2026-06-30T21:00:44.193000Z,3,50,2,2,3,0,2.0,0.8158914800692385,20,0,20,0.0,0.0083,0.992,1.0,0.0,355,1.0,0.6430672884577515,0.384,%{cpu_percent: 45.0; memory_mb: 512},980785,1266,3,5,20,civ_adapt_gen9,0,100.0,0.05
10,2026-06-30T21:00:44.229000Z,3,50,2,2,1,1,2.0,0.9033199579715678,20,0,20,0.0,0.0082,0.992,1.0,0.0,305,1.0,0.8148162586851722,0.45,%{cpu_percent: 45.0; memory_mb: 512},978186,2599,3,6,20,civ_adapt_gen10,0,100.0,0.05
1,2026-06-30T21:00:44.297000Z,2,50,5,5,2,0,5.0,0.9285937337816538,20,0,20,0.0,0.0084,0.992,1.0,0.0,750,1.0,0.7836860641764124,0.347,%{cpu_percent: 45.0; memory_mb: 512},997580,2420,3,5,20,civ_adapt_gen1,0,100.0,0.05
2,2026-06-30T21:00:44.303000Z,2,50,2,2,2,2,2.0,0.9370255022991605,20,0,20,0.0,0.0078,0.992,1.0,0.0,330,1.0,0.6312577907181877,0.324,%{cpu_percent: 45.0; memory_mb: 512},995466,2114,3,5,20,civ_adapt_gen2,0,100.0,0.05
3,2026-06-30T21:00:44.348000Z,2,50,5,5,3,0,5.0,0.8886468866198404,20,0,20,0.0,0.0068,0.993,1.0,0.0,775,1.0,0.6231917455419582,0.345,%{cpu_percent: 45.0; memory_mb: 512},994104,1362,3,6,20,civ_adapt_gen3,0,100.0,0.05
4,2026-06-30T21:00:44.353000Z,2,50,5,5,1,0,5.0,0.8026062917282546,20,0,20,0.0,0.0079,0.992,1.0,0.0,725,1.0,0.6980055966085814,0.372,%{cpu_percent: 45.0; memory_mb: 512},992119,1985,3,6,20,civ_adapt_gen4,0,100.0,0.05
5,2026-06-30T21:00:44.377000Z,2,50,3,3,2,1,3.0,0.9390471415001952,20,0,20,0.0,0.0068,0.993,1.0,0.0,470,1.0,0.7220565205151718,0.344,%{cpu_percent: 45.0; memory_mb: 512},990091,2028,3,6,20,civ_adapt_gen5,0,100.0,0.05
6,2026-06-30T21:00:44.404000Z,1,50,4,4,1,0,4.0,0.8758342696976935,20,0,20,0.0,0.0081,0.992,1.0,0.0,585,1.0,0.8389850207117124,0.233,%{cpu_percent: 45.0; memory_mb: 512},988561,1530,3,4,20,civ_adapt_gen6,0,100.0,0.05
7,2026-06-30T21:00:44.429000Z,1,50,6,6,2,1,6.0,0.855766799015729,20,0,20,0.0,0.0071,0.993,1.0,0.0,890,1.0,0.6111168294719448,0.279,%{cpu_percent: 45.0; memory_mb: 512},986983,1578,3,5,20,civ_adapt_gen7,0,100.0,0.05
8,2026-06-30T21:00:44.434000Z,3,50,6,6,2,0,6.0,0.8524113316341684,20,0,20,0.0,0.0076,0.992,1.0,0.0,890,1.0,0.726477754258917,0.35,%{cpu_percent: 45.0; memory_mb: 512},983930,3053,3,7,20,civ_adapt_gen8,0,100.0,0.05
9,2026-06-30T21:00:44.463000Z,18,50,5,5,1,4,5.0,0.9262357437052885,20,0,20,0.0,0.0094,0.991,1.0,0.0,725,1.0,0.710709689761063,0.32,%{cpu_percent: 45.0; memory_mb: 512},980930,3000,3,7,20,civ_adapt_gen9,0,100.0,0.05
10,2026-06-30T21:00:44.496000Z,11,50,6,6,2,3,6.0,0.9127362164948494,20,0,20,0.0,0.0071,0.993,1.0,0.0,890,1.0,0.7382578308586705,0.406,%{cpu_percent: 45.0; memory_mb: 512},977909,3021,3,6,20,civ_adapt_gen10,0,100.0,0.05
1,2026-07-01T23:54:45.823000Z,8,200,17,17,12,0,17.0,0.8130153498908999,20,0,20,0.0,0.0071,0.993,1.0,0.0,8350,1.0,0.6433203759141846,0.21,%{cpu_percent: 45.0; memory_mb: 512},998346,1654,3,4,20,civ_adapt_gen1,0,100.0,0.05,,
2,2026-07-01T23:54:45.881000Z,4,200,20,20,8,0,20.0,0.8976486473860287,20,0,20,0.0,0.0087,0.991,1.0,0.0,8600,1.0,0.7034913868501287,0.327,%{cpu_percent: 45.0; memory_mb: 512},996091,2255,3,6,20,civ_adapt_gen2,0,100.0,0.05,,
3,2026-07-01T23:54:45.898000Z,5,200,19,19,8,0,19.0,0.9381495282394647,20,0,20,0.0,0.0068,0.993,1.0,0.0,8250,1.0,0.7370761443330216,0.504,%{cpu_percent: 45.0; memory_mb: 512},993418,2673,3,6,20,civ_adapt_gen3,0,100.0,0.05,,
1,2026-07-01T23:55:25.412000Z,8,200,16,16,13,0,16.0,0.9155416298205729,20,0,20,0.0,0.0087,0.991,1.0,0.0,8200,1.0,0.6079542650526264,0.205,%{cpu_percent: 45.0; memory_mb: 512},997870,2130,3,5,20,civ_adapt_gen1,0,100.0,0.05,,
2,2026-07-01T23:55:25.424000Z,3,200,17,17,6,0,17.0,0.8583137746012601,20,0,20,0.0,0.0082,0.992,1.0,0.0,7150,1.0,0.6914601089471304,0.388,%{cpu_percent: 45.0; memory_mb: 512},996711,1159,3,7,20,civ_adapt_gen2,0,100.0,0.05,,
3,2026-07-01T23:55:25.439000Z,2,200,15,15,7,0,15.0,0.9014636577520008,20,0,20,0.0,0.0089,0.991,1.0,0.0,6650,1.0,0.7708656159351956,0.248,%{cpu_percent: 45.0; memory_mb: 512},994918,1793,3,7,20,civ_adapt_gen3,0,100.0,0.05,,
1,2026-07-01T23:56:20.642000Z,6,200,20,20,10,0,20.0,0.8663231807980466,20,0,20,0.0,0.0064,0.994,1.0,0.0,9000,1.0,0.834067165467181,0.474,%{cpu_percent: 45.0; memory_mb: 512},997940,2060,3,5,20,civ_adapt_gen1,0,100.0,0.05,,
2,2026-07-01T23:56:20.656000Z,3,200,16,16,4,0,16.0,0.880887958621275,20,0,20,0.0,0.0066,0.993,1.0,0.0,6400,1.0,0.6507683306699965,0.302,%{cpu_percent: 45.0; memory_mb: 512},995471,2469,3,4,20,civ_adapt_gen2,0,100.0,0.05,,
3,2026-07-01T23:56:20.669000Z,3,200,16,16,12,0,16.0,0.8561922449724981,20,0,20,0.0,0.0074,0.993,1.0,0.0,8000,1.0,0.7629863351623878,0.27,%{cpu_percent: 45.0; memory_mb: 512},994107,1364,3,3,20,civ_adapt_gen3,0,100.0,0.05,,
